material_id,corpus,system_type,source,formula,ngrid,sha256,url,source_bytes,npoints,natoms,crystal_system,symmetry_number,spacegroup_relax,upload_id,upload_description,cell_c_angstrom,vacuum_fraction,license
mp-1007755,dev_bulk,bulk,Materials Project,HfAu,56x56x96,eb051ccc7107eefc0ad7994d4b5dae77d769b099e33346d93d7ab3575edff6db,https://materialsproject-parsed.s3.amazonaws.com/chgcars/mp-2289007.json.gz,4121576,301056,4,tetragonal,129.0,,,,,,
mp-1009084,dev_bulk,bulk,Materials Project,BeSnAs2,108x108x108,833d46b76192bc38a8c37b2dc34151fbbe1960278a4ca405b2d33d2b785a8580,https://materialsproject-parsed.s3.amazonaws.com/chgcars/mp-1832522.json.gz,18346925,1259712,8,tetragonal,122.0,,,,,,
mp-1025517,dev_bulk,bulk,Materials Project,Ti2InN,48x48x216,2d5524cc5ff048f472f0aae5504df551b07f4f2f5322a27f680dfb80f04e4f28,https://materialsproject-parsed.s3.amazonaws.com/chgcars/mp-1802754.json.gz,7073047,497664,8,hexagonal,194.0,,,,,,
mp-1036731,dev_bulk,bulk,Materials Project,HfMg30VO32,128x128x128,9c0c4f03ea8cd143bdbfe41cf4413ddaa69ab5e2bd45a20205be266025dfc29a,https://materialsproject-parsed.s3.amazonaws.com/chgcars/mp-1884926.json.gz,20887926,2097152,64,tetragonal,123.0,,,,,,
mp-1038991,dev_bulk,bulk,Materials Project,CaMg2,56x56x252,8947df8fc8f3fb0a54ee32ed0d6ed812cfc84f25f65f5bf48672347c96d8d43a,https://materialsproject-parsed.s3.amazonaws.com/chgcars/mp-1778568.json.gz,11017186,790272,6,trigonal,164.0,,,,,,
mp-1039028,dev_bulk,bulk,Materials Project,CaMg5,56x56x252,f78d3cb60ff62d262d2baf3c17667803fd5d1396989c4671ad6cae9535a01859,https://materialsproject-parsed.s3.amazonaws.com/chgcars/mp-1786339.json.gz,10654244,790272,6,hexagonal,187.0,,,,,,
mp-1041800,dev_bulk,bulk,Materials Project,Zn(WO2)2,48x160x160,348fcea165870dd948301c2d6331fc5731d2d0e4c15b469a847254f70eb5b5f8,https://materialsproject-parsed.s3.amazonaws.com/chgcars/mp-1841546.json.gz,12085160,1228800,28,orthorhombic,57.0,,,,,,
mp-1044003,dev_bulk,bulk,Materials Project,MgCuBiO5,160x80x128,b48c8adf46e8c6399415f51676b2517ce6c6a2369be0c2172ae5342329cefac5,https://materialsproject-parsed.s3.amazonaws.com/chgcars/mp-1820586.json.gz,23458907,1638400,32,monoclinic,14.0,,,,,,
mp-1044463,dev_bulk,bulk,Materials Project,BaCa(CoO2)4,80x80x120,897f2440eeee34d6704f109df923a6eaba5cafaab283f3b3d02beae3e34e38bf,https://materialsproject-parsed.s3.amazonaws.com/chgcars/mp-1831650.json.gz,11251315,768000,14,trigonal,162.0,,,,,,
mp-1046632,dev_bulk,bulk,Materials Project,Sr2CoSO3,60x60x216,d7ccc8b2219c3f52dbae2751b0fccccd1c2b913141654e9e066455a404787007,https://materialsproject-parsed.s3.amazonaws.com/chgcars/mp-1922672.json.gz,11145550,777600,14,tetragonal,129.0,,,,,,
mp-1065204,dev_bulk,bulk,Materials Project,CrAgS2,112x112x112,edde2b3f64ee8eeb161aad50ae63ee18a6a7614e7577b05c3ebcd599ca1745f3,https://materialsproject-parsed.s3.amazonaws.com/chgcars/mp-2543578.json.gz,20260427,1404928,4,trigonal,160.0,,,,,,
mp-1069461,dev_bulk,bulk,Materials Project,HoSi3Ir,96x96x96,c1ae05028456fdb244cfcb5f463cfcd40b05b635203afb234b0cf41a23044f2c,https://materialsproject-parsed.s3.amazonaws.com/chgcars/mp-2431124.json.gz,12708317,884736,5,tetragonal,107.0,,,,,,
mp-10761,dev_bulk,bulk,Materials Project,FeTe,64x64x80,2e5c9e0b0d6fa9b678f4739dc8171739b0e1615ae513e62c3a195d95f1840333,https://materialsproject-parsed.s3.amazonaws.com/chgcars/mp-2289726.json.gz,4551807,327680,4,hexagonal,194.0,,,,,,
mp-1077125,dev_bulk,bulk,Materials Project,BC5,96x96x96,9c1035e17787fbe17326ebcc541895e08dee3b6cd04c29f7e3b9b70a82c94632,https://materialsproject-parsed.s3.amazonaws.com/chgcars/mp-2609012.json.gz,12676310,884736,6,tetragonal,119.0,,,,,,
mp-1077596,dev_bulk,bulk,Materials Project,EuInPt4,80x80x80,ec74d339c81393dbc2bc3d281fc853ac3efb8a43b38c83d5bfbf08c075bdf12a,https://materialsproject-parsed.s3.amazonaws.com/chgcars/mp-2693516.json.gz,7201279,512000,6,cubic,216.0,,,,,,
mp-1078524,dev_bulk,bulk,Materials Project,ErZnNi,108x108x56,2fe10acde70044c3c3922afc3582c444a1c4dbf5bdd164879df14e0a7b1cf9ad,https://materialsproject-parsed.s3.amazonaws.com/chgcars/mp-2441457.json.gz,8788677,653184,9,hexagonal,189.0,,,,,,
mp-1079749,dev_bulk,bulk,Materials Project,Tm(BC)2,56x56x108,1c7ffcf5ed017432d8a01ad935f5515cf85ac0138049a310dc73bc4d3fa46d59,https://materialsproject-parsed.s3.amazonaws.com/chgcars/mp-2687557.json.gz,3221914,338688,10,tetragonal,131.0,,,,,,
mp-1094905,dev_bulk,bulk,Materials Project,MgTi3,48x72x80,817cfe7e3111fbf0b7d0f9f9f31adabe43a4b69df7e3c1bc8f29910220995716,https://materialsproject-parsed.s3.amazonaws.com/chgcars/mp-1801447.json.gz,3720995,276480,4,orthorhombic,25.0,,,,,,
mp-1096987,dev_bulk,bulk,Materials Project,FeCo9,80x80x72,b74fdbd07a988a412e830609a3e396cd1919f321fed73ebd5fe9237d91fa07f2,https://materialsproject-parsed.s3.amazonaws.com/chgcars/mp-1779269.json.gz,4375812,460800,10,tetragonal,123.0,,,,,,
mp-1097014,dev_bulk,bulk,Materials Project,KSnBr3,72x144x252,1bea313ce5cfb035ab49cbfc154ca70e039dd8f28d73a60caaa0ad2c3c27a79d,https://materialsproject-parsed.s3.amazonaws.com/chgcars/mp-1884351.json.gz,37522490,2612736,20,orthorhombic,62.0,,,,,,
mp-1100976,dev_bulk,bulk,Materials Project,V3AgO8,56x112x192,1e730c25c205002c05f979d52ce6d738874e3e56803db88492c6ed88c72cd841,https://materialsproject-parsed.s3.amazonaws.com/chgcars/mp-1814044.json.gz,17388575,1204224,24,monoclinic,11.0,,,,,,
mp-1103974,dev_bulk,bulk,Materials Project,La(Mo3S4)2,100x100x100,2069fb5512710c6d0ee47eb06a59585c1ca955abf3e0069e75f7724718f10ee6,https://materialsproject-parsed.s3.amazonaws.com/chgcars/mp-1924006.json.gz,14632403,1000000,15,trigonal,148.0,,,,,,
mp-1104614,dev_bulk,bulk,Materials Project,CaFeSeO,60x96x200,6c480fb645826ba29e8836d41123b4868512412dd6f6e06a2964cb8953ec575d,https://materialsproject-parsed.s3.amazonaws.com/chgcars/mp-1813736.json.gz,16784237,1152000,16,orthorhombic,62.0,,,,,,
mp-1105871,dev_bulk,bulk,Materials Project,Lu5Pb3,96x140x140,21caf98fcb0667ec616afadcc037408d172580438caa4840a7ca2e1b72c2e90b,https://materialsproject-parsed.s3.amazonaws.com/chgcars/mp-1816881.json.gz,27217946,1881600,16,hexagonal,193.0,,,,,,
mp-1111338,dev_bulk,bulk,Materials Project,NaLi2VF6,96x96x96,9a85d0f0895126fda99ca89549e7ad5c74fd329c2146128c23de50eb9b81b1cf,https://materialsproject-parsed.s3.amazonaws.com/chgcars/mp-1871416.json.gz,11965212,884736,10,cubic,225.0,,,,,,
mp-1112138,dev_bulk,bulk,Materials Project,Cs2NaTlBr6,120x120x120,d0ac601decd2b8cff980619a69e270c10c20b37e069239c55b8a8411fe28f78c,https://materialsproject-parsed.s3.amazonaws.com/chgcars/mp-1843059.json.gz,23992198,1728000,10,cubic,225.0,,,,,,
mp-1114492,dev_bulk,bulk,Materials Project,Rb3AuCl6,140x140x140,05e8ca7670b7af86bb4b9cdafeab42948a204776fdda23a2f07ecb74b5d4b15c,https://materialsproject-parsed.s3.amazonaws.com/chgcars/mp-2912444.json.gz,27921056,2744000,10,cubic,225.0,,,,,,
mp-11306,dev_bulk,bulk,Materials Project,LuCd3,96x96x72,fb3084090703c0d24e8783d2dba6ed69b874821b9834b16b53d9914a7f466d15,https://materialsproject-parsed.s3.amazonaws.com/chgcars/mp-2691400.json.gz,8765464,663552,8,orthorhombic,63.0,,,,,,
mp-11419,dev_bulk,bulk,Materials Project,ThGa2,72x72x72,22c0e68f82030bc1bcf6af1e3ef62f53f7d8815ef20cd41e893c5a6c48814ea7,https://materialsproject-parsed.s3.amazonaws.com/chgcars/mp-1947108.json.gz,3845827,373248,3,hexagonal,191.0,,,,,,
mp-1173587,dev_bulk,bulk,Materials Project,NaMn2FeAg(PO4)3,128x128x160,1cd2326241d9cbfba6f49f2511cbac607da94788b2e7d171ee4fb6b57851a308,https://materialsproject-parsed.s3.amazonaws.com/chgcars/mp-1889405.json.gz,38647643,2621440,40,monoclinic,5.0,,,,,,
mp-1174037,dev_bulk,bulk,Materials Project,Li5Co3O8,80x80x84,e81fe601e7fcca43b5621bbed30553832af1cb6242e3648f967bb7b31784bab9,https://materialsproject-parsed.s3.amazonaws.com/chgcars/mp-1785012.json.gz,7813495,537600,16,triclinic,2.0,,,,,,
mp-1175088,dev_bulk,bulk,Materials Project,Li7Mn2(CoO4)3,48x80x216,9f578cec6fcbbc39cf47fbed30fc78a99e2d48f4ca81dbc67160c85d9df0bb02,https://materialsproject-parsed.s3.amazonaws.com/chgcars/mp-1835506.json.gz,12294270,829440,24,triclinic,1.0,,,,,,
mp-1175263,dev_bulk,bulk,Materials Project,Li7Mn4CoO12,48x96x180,482795afd80de3d05cf3c65447eab029a90ca189e201879bee313f1474935e11,https://materialsproject-parsed.s3.amazonaws.com/chgcars/mp-1790382.json.gz,12261452,829440,24,triclinic,1.0,,,,,,
mp-1177023,dev_bulk,bulk,Materials Project,Li6V5O12,80x80x144,16a4c36f2fd028c3caa0155992f8aeac61df64c49cbc66223b4a3fc82b52df09,https://materialsproject-parsed.s3.amazonaws.com/chgcars/mp-1784796.json.gz,13590740,921600,23,monoclinic,5.0,,,,,,
mp-1178256,dev_bulk,bulk,Materials Project,Fe5O7F3,72x72x240,07b6a6c016fb569cc29842f89e53e39151c0289724c5115dfb1895597de1e743,https://materialsproject-parsed.s3.amazonaws.com/chgcars/mp-1811226.json.gz,12665675,1244160,30,orthorhombic,31.0,,,,,,
mp-1178447,dev_bulk,bulk,Materials Project,Fe2OF3,72x96x160,6facd2ae3e145c3912877d0ad038be1e47e3196a05b4d47db2d2771de995d6e2,https://materialsproject-parsed.s3.amazonaws.com/chgcars/mp-1807816.json.gz,16381057,1105920,24,triclinic,2.0,,,,,,
mp-1184653,dev_bulk,bulk,Materials Project,HW3,84x84x72,e6c82f95ddd8776a67dfd5aee6735273a2ea713ea5bbb969866430f6adcdbbbc,https://materialsproject-parsed.s3.amazonaws.com/chgcars/mp-1881877.json.gz,7249379,508032,8,hexagonal,194.0,,,,,,
mp-1187017,dev_bulk,bulk,Materials Project,SiPb3,108x108x84,b6898dea62237d42012d88588dbf990c9cff7c42ba31bf1ac324d84cc9fb88b6,https://materialsproject-parsed.s3.amazonaws.com/chgcars/mp-1873270.json.gz,13928744,979776,8,hexagonal,194.0,,,,,,
mp-1187022,dev_bulk,bulk,Materials Project,SmHo3,120x120x96,01b4b47fd53f40254f59097b8ac29c2dad77161bb50a07eddd087ef701be68d0,https://materialsproject-parsed.s3.amazonaws.com/chgcars/mp-2021356.json.gz,17980890,1382400,8,hexagonal,194.0,,,,,,
mp-1187279,dev_bulk,bulk,Materials Project,Tb3Hg,72x72x72,5fcb0efa7a5771e686e9f4b1af5399b799be6505ae127e0ecdbe20e032b3f088,https://materialsproject-parsed.s3.amazonaws.com/chgcars/mp-1803176.json.gz,3061119,373248,4,cubic,221.0,,,,,,
mp-1187638,dev_bulk,bulk,Materials Project,Tl3In,84x84x84,548e47551c450ee737c3cfcf37c0a8b416d436d766b8b963a8839ba34f010fc2,https://materialsproject-parsed.s3.amazonaws.com/chgcars/mp-2019838.json.gz,5522222,592704,4,cubic,221.0,,,,,,
mp-1188002,dev_bulk,bulk,Materials Project,Zr2TcOs,72x72x72,4d0a4beffef577b6f75e6e37851be41da2739889ed0d703562db573e4af2e184,https://materialsproject-parsed.s3.amazonaws.com/chgcars/mp-2609776.json.gz,5069720,373248,4,cubic,225.0,,,,,,
mp-1192831,dev_bulk,bulk,Materials Project,Ti2FeSe4,108x108x180,97b5e3d6bdb5d966555bd758994169f4a64be2f66af36d2483632125a69a1bc5,https://materialsproject-parsed.s3.amazonaws.com/chgcars/mp-2304605.json.gz,30627368,2099520,28,trigonal,164.0,,,,,,
mp-1193567,dev_bulk,bulk,Materials Project,TbMoBrO4,108x108x168,03f4197bb0e252e95422a297ca67588632a57e0d10757dd2c7fdd3f93a7c0faa,https://materialsproject-parsed.s3.amazonaws.com/chgcars/mp-2308636.json.gz,28558924,1959552,28,triclinic,2.0,,,,,,
mp-1194734,dev_bulk,bulk,Materials Project,ScH12N3(OF2)3,120x120x120,d47a7376e5a6eb786e4bcec0d0794381ec373549d149c0a5ae0681656354e1f0,https://materialsproject-parsed.s3.amazonaws.com/chgcars/mp-1817585.json.gz,25126050,1728000,50,trigonal,161.0,,,,,,
mp-1197354,dev_bulk,bulk,Materials Project,ZrU2S5,108x120x180,9009fba61987dac14629204946429a3456b2b5e8004d7f2f26fcafafe6c32156,https://materialsproject-parsed.s3.amazonaws.com/chgcars/mp-1871237.json.gz,32908379,2332800,32,orthorhombic,62.0,,,,,,
mp-1199510,dev_bulk,bulk,Materials Project,Pr5Ni19,80x80x500,32d93b93088bc62f82cfdbe977568e952873541bd1e2f126c5c703ae7ed9c14f,https://materialsproject-parsed.s3.amazonaws.com/chgcars/mp-1891976.json.gz,31669550,3200000,48,hexagonal,194.0,,,,,,
mp-1200041,dev_bulk,bulk,Materials Project,SrV6O11,96x96x196,8734f0467eaf0f23264f9ff02e6954f5f939ae30f06fd4ea67d1603538d01c05,https://materialsproject-parsed.s3.amazonaws.com/chgcars/mp-1821760.json.gz,26531519,1806336,36,orthorhombic,36.0,,,,,,
mp-1200429,dev_bulk,bulk,Materials Project,Mg2CO5,140x48x192,4b581065b78e8b7734d97b938b5b768741c73c7eef50da9a957414a6b303339e,https://materialsproject-parsed.s3.amazonaws.com/chgcars/mp-1843497.json.gz,18925548,1290240,32,monoclinic,14.0,,,,,,
mp-1205681,dev_bulk,bulk,Materials Project,K2NaPdF6,96x96x96,311a0465654499a3757e7e29b9c80007ff26bb2cbd27c5ce8bcd6e23b31accf1,https://materialsproject-parsed.s3.amazonaws.com/chgcars/mp-2307142.json.gz,12848388,884736,10,tetragonal,139.0,,,,,,
mp-1206294,dev_bulk,bulk,Materials Project,CeB2Pd2C,96x96x96,791b6634aa18a337165aa29ce5e1b59ba53bfaf3c7cd15e24c1234b10eb17875,https://materialsproject-parsed.s3.amazonaws.com/chgcars/mp-1801489.json.gz,12564173,884736,6,tetragonal,139.0,,,,,,
mp-1206630,dev_bulk,bulk,Materials Project,Ho2Ge6Pt,60x60x168,ad875d1aa4e9731fc7d7b3fc0636140d320adacbc62be73d72708cb709244fee,https://materialsproject-parsed.s3.amazonaws.com/chgcars/mp-1834640.json.gz,8676927,604800,9,orthorhombic,38.0,,,,,,
mp-1207275,dev_bulk,bulk,Materials Project,Dy3(In2Co)2,120x120x56,335cfe503699a0d96b45891b63d7736e371dfcca0f18d583177f3f65a1c7b21b,https://materialsproject-parsed.s3.amazonaws.com/chgcars/mp-1851656.json.gz,11483428,806400,9,hexagonal,174.0,,,,,,
mp-1209117,dev_bulk,bulk,Materials Project,SNF3,108x120x120,ebb22b32f51fbcde23f5a5430cdb8e702de51933c7326f9ae596a914ed96acbf,https://materialsproject-parsed.s3.amazonaws.com/chgcars/mp-1820782.json.gz,21776798,1555200,20,orthorhombic,62.0,,,,,,
mp-1209933,dev_bulk,bulk,Materials Project,Nd9Ga4,96x160x160,6cb1278e0b7b729187b43f4eee3a0dc7309a8c8207626b270f51def9a1850745,https://materialsproject-parsed.s3.amazonaws.com/chgcars/mp-2024340.json.gz,35888272,2457600,13,tetragonal,87.0,,,,,,
mp-1211145,dev_bulk,bulk,Materials Project,LiSm(MoO4)2,96x80x168,17d71c61406e76c2afb59eef7381dfdcc53bdcfac4c0832164f7a60a375ca0a6,https://materialsproject-parsed.s3.amazonaws.com/chgcars/mp-1813816.json.gz,18327345,1290240,24,monoclinic,13.0,,,,,,
mp-1211797,dev_bulk,bulk,Materials Project,La5CoGe3,140x140x108,9a1d965ae7dfcd25e6bd19980b939f2ffcd2a0920aaffbd34ddeae543eda81b1,https://materialsproject-parsed.s3.amazonaws.com/chgcars/mp-1932510.json.gz,30133065,2116800,18,hexagonal,193.0,,,,,,
mp-1213918,dev_bulk,bulk,Materials Project,Ce2FeP2O,48x48x216,21455a258526381d365aceb5d5bf42a6b9574186a69c9eb34278c00461d27fe4,https://materialsproject-parsed.s3.amazonaws.com/chgcars/mp-1926181.json.gz,4928719,497664,6,tetragonal,123.0,,,,,,
mp-1215324,dev_bulk,bulk,Materials Project,ZrVCo,80x80x128,d0353db99617d7628fafa197804dc79411d64681f4e2ef5107fa0bbcf13f2a9c,https://materialsproject-parsed.s3.amazonaws.com/chgcars/mp-1830844.json.gz,8267161,819200,12,orthorhombic,38.0,,,,,,
mp-1218887,dev_bulk,bulk,Materials Project,SnTePbSe,72x72x96,f56034a57d3a26f658b73da28e67040b9f1391a10276cb1d63d3df4cb0469f98,https://materialsproject-parsed.s3.amazonaws.com/chgcars/mp-2689842.json.gz,4819526,497664,4,tetragonal,123.0,,,,,,
mp-1219705,dev_bulk,bulk,Materials Project,PrY,56x56x96,0b4695151cdbf7660177512b65a2865a35d3c0868efecc32b38d93e75dc3c5cf,https://materialsproject-parsed.s3.amazonaws.com/chgcars/mp-1921321.json.gz,2955084,301056,2,hexagonal,187.0,,,,,,
mp-1222924,dev_bulk,bulk,Materials Project,LaCeOs4,80x80x80,4ab808b785f4d5d4bd4eb18b58f139dcaf3a9c6e86a8aeb1792e82c767be99ba,https://materialsproject-parsed.s3.amazonaws.com/chgcars/mp-1933115.json.gz,7252292,512000,6,cubic,216.0,,,,,,
mp-1223327,dev_bulk,bulk,Materials Project,La2CO5,60x60x240,7f8ceb74d4a10f50068d6dc801329e10c902cb95058856b1721917fcfd8ee502,https://materialsproject-parsed.s3.amazonaws.com/chgcars/mp-1776517.json.gz,11930684,864000,16,orthorhombic,40.0,,,,,,
mp-1223939,dev_bulk,bulk,Materials Project,InMo6(SeS)4,100x100x108,af186ef257f1c4032f9b118cca91f419f112885000ff0511555061d3c99d7c7f,https://materialsproject-parsed.s3.amazonaws.com/chgcars/mp-1810270.json.gz,15681395,1080000,15,triclinic,1.0,,,,,,
mp-1224859,dev_bulk,bulk,Materials Project,GaNi4Ge3,72x72x72,ad6e8e37f11e400b0fe077ef15542b18764c5b9b47e5c6a95949d7e22949ead7,https://materialsproject-parsed.s3.amazonaws.com/chgcars/mp-2304222.json.gz,5391509,373248,8,trigonal,146.0,,,,,,
mp-1225264,dev_bulk,bulk,Materials Project,Fe3Cu(SnS4)2,108x108x108,58a7699d464d66d35d95678f058b95250e374b0be566a1b6ef916134bb28de53,https://materialsproject-parsed.s3.amazonaws.com/chgcars/mp-1774458.json.gz,18426863,1259712,14,orthorhombic,44.0,,,,,,
mp-1226636,dev_bulk,bulk,Materials Project,CeB2Ir2Rh,84x84x48,b245423fe239bbb7d1ae5f271e7432fa403f1d238036f15be0b019470aadc4e2,https://materialsproject-parsed.s3.amazonaws.com/chgcars/mp-1800409.json.gz,4538255,338688,6,orthorhombic,65.0,,,,,,
mp-1228245,dev_bulk,bulk,Materials Project,BaLa4Ti4O15,84x84x360,0aae4f9cc341c1e5008ba645acea7cc3c4f5d0a41734903caf425ba835cdf76b,https://materialsproject-parsed.s3.amazonaws.com/chgcars/mp-1873662.json.gz,37412521,2540160,48,trigonal,158.0,,,,,,
mp-1232323,dev_bulk,bulk,Materials Project,Cu(BiO2)2,108x108x108,3172d97aa9f5a32e71c0556c9cdbe49daaf0ebd1b3fccce88b685810b72465e1,https://materialsproject-parsed.s3.amazonaws.com/chgcars/mp-2309470.json.gz,17877233,1259712,7,tetragonal,139.0,,,,,,
mp-12406,dev_bulk,bulk,Materials Project,US3,72x96x160,7bea561f081682ac733ebc68f6bfc3096551f4765c3bd88632347a8b412b6e31,https://materialsproject-parsed.s3.amazonaws.com/chgcars/mp-2028257.json.gz,16261997,1105920,8,monoclinic,11.0,,,,,,
mp-1245841,dev_bulk,bulk,Materials Project,K6MoN4,128x128x100,f7343837b4ba6e6c817b8567a78409703a354e31ac41114a1bf34aca60b4b492,https://materialsproject-parsed.s3.amazonaws.com/chgcars/mp-1817147.json.gz,22679240,1638400,22,tetragonal,137.0,,,,,,
mp-1246480,dev_bulk,bulk,Materials Project,CoGeN2,48x48x160,fa85a4272fb42b4ad72882e4e10323016eba3009001a5b0ca04ed949ac859568,https://materialsproject-parsed.s3.amazonaws.com/chgcars/mp-1800837.json.gz,5260142,368640,8,hexagonal,194.0,,,,,,
mp-1246536,dev_bulk,bulk,Materials Project,Co11(CN5)2,192x192x48,2849a22a647ed87f59ea0afceb23f839a59cf4303af3720c41567ec498b8d46e,https://materialsproject-parsed.s3.amazonaws.com/chgcars/mp-1821731.json.gz,18250625,1769472,46,tetragonal,136.0,,,,,,
mp-1246548,dev_bulk,bulk,Materials Project,In(FeN)2,48x48x140,d42d3a3bd0707e5f77ff1b8b763cfe0f913be6d72c10af90a3869fc5faa8e8a0,https://materialsproject-parsed.s3.amazonaws.com/chgcars/mp-1781457.json.gz,4680329,322560,5,trigonal,166.0,,,,,,
mp-1247173,dev_bulk,bulk,Materials Project,Mg2Mn3AlS8,108x108x108,3d9be4f37fd46bb4aaa34821d91362a14ad71d617d4bcdabd16b63580dc96f28,https://materialsproject-parsed.s3.amazonaws.com/chgcars/mp-1864386.json.gz,18335865,1259712,14,trigonal,166.0,,,,,,
mp-1261118,dev_bulk,bulk,Materials Project,Zr4AlNi2,140x140x140,fc2f578a7486fbba0472f3b54455e4270648013ecfe0fdf863811fdd7578f97a,https://materialsproject-parsed.s3.amazonaws.com/chgcars/mp-1879093.json.gz,39611449,2744000,28,monoclinic,15.0,,,,,,
mp-1296,dev_bulk,bulk,Materials Project,ErB6,60x60x60,cd0ff2edc30a2f04d275d6e14c477b8405994c2da824d94702b06fc23a566a8d,https://materialsproject-parsed.s3.amazonaws.com/chgcars/mp-1784282.json.gz,1700269,216000,7,cubic,221.0,,,,,,
mp-1300873,dev_bulk,bulk,Materials Project,MoO4,56x100x120,7e271452ad9056859d9800550343c1971f56a92cd8eed86c67dff9d41d658b2c,https://materialsproject-parsed.s3.amazonaws.com/chgcars/mp-2440354.json.gz,9792628,672000,10,triclinic,2.0,,,,,,
mp-1303576,dev_bulk,bulk,Materials Project,LiCo(CO3)2,80x160x160,c444bd258e072c3792e17f9b0fb893be510c75c57a19fcf5067e293db899150b,https://materialsproject-parsed.s3.amazonaws.com/chgcars/mp-1821766.json.gz,30290546,2048000,40,triclinic,1.0,,,,,,
mp-1369222,dev_bulk,bulk,Materials Project,Mn2Nb2O9,80x80x216,281d5ff10b811c74c26569020538710d02b5f77eff233d7930957c9d66fa673c,https://materialsproject-parsed.s3.amazonaws.com/chgcars/mp-1810214.json.gz,19327611,1382400,26,hexagonal,193.0,,,,,,
mp-1388393,dev_bulk,bulk,Materials Project,YCr2O4,96x96x96,d32d1ff6ec2b830815261ec856c74ad9e2c1132ae6de1f8b771c90d534836bd5,https://materialsproject-parsed.s3.amazonaws.com/chgcars/mp-1827838.json.gz,12498089,884736,14,trigonal,166.0,,,,,,
mp-1399089,dev_bulk,bulk,Materials Project,Zn2MoWO6,80x80x84,cba1bd5f13608748c451fed670e3ef19743c1a423be7d2275ef58b8ee979506c,https://materialsproject-parsed.s3.amazonaws.com/chgcars/mp-2302507.json.gz,7931125,537600,10,triclinic,1.0,,,,,,
mp-1666665,dev_bulk,bulk,Materials Project,Li7Mn5O12,120x128x120,6808bf594f1d30db152a7af0671ec1103e04aca175339362fe19de5a7f5a0be2,https://materialsproject-parsed.s3.amazonaws.com/chgcars/mp-1818105.json.gz,27300707,1843200,48,triclinic,2.0,,,,,,
mp-17103,dev_bulk,bulk,Materials Project,Sr3Ta6(Si2O13)2,140x140x120,4bef719999e5f7aacf14b6ac3beb3fd3e1abffef6be49266bdbda417c11b940f,https://materialsproject-parsed.s3.amazonaws.com/chgcars/mp-1875020.json.gz,32261653,2352000,39,hexagonal,189.0,,,,,,
mp-1778,dev_bulk,bulk,Materials Project,BeO,48x48x48,26d62af5fbe83da40debb04fd5fdb371abb62ee6933cc3459c99a22df278b576,https://materialsproject-parsed.s3.amazonaws.com/chgcars/mp-1948199.json.gz,1072941,110592,2,cubic,216.0,,,,,,
mp-1841520,dev_bulk,bulk,Materials Project,Ba2Ca3Tl2(FeO3)4,60x60x320,554f15d0b0bc9deefc03d38d7671eb9959a65487762d071b1c5e624aac78fe52,https://materialsproject-parsed.s3.amazonaws.com/chgcars/mp-1841520.json.gz,16993466,1152000,23,tetragonal,139.0,,,,,,
mp-19133,dev_bulk,bulk,Materials Project,YVO4,96x96x96,2866c9aa384806650bf6267a39df97d0149a9b233b793e50eeae0b1f7d741d36,https://materialsproject-parsed.s3.amazonaws.com/chgcars/mp-2221657.json.gz,12956546,884736,12,tetragonal,141.0,,,,,,
mp-20888,dev_bulk,bulk,Materials Project,TmGeRu,72x108x108,d9d4542aa5128513560cec6b56ce9e546d5f6284207024dfdc2be0b1fe144e33,https://materialsproject-parsed.s3.amazonaws.com/chgcars/mp-2711685.json.gz,12267126,839808,12,orthorhombic,62.0,,,,,,
mp-21054,dev_bulk,bulk,Materials Project,PrSnPd,64x120x120,7ece2845adc58fcbe2b9e6954ce77ff8359e96bd55f0dc274c1cb535a38951c8,https://materialsproject-parsed.s3.amazonaws.com/chgcars/mp-2268730.json.gz,12988445,921600,9,hexagonal,189.0,,,,,,
mp-21079,dev_bulk,bulk,Materials Project,Tb(GeRu)2,64x64x96,ce665a4e19ebaf757ee3f7f933716dce43560865d2b960551df4f50cdf1892e1,https://materialsproject-parsed.s3.amazonaws.com/chgcars/mp-2299611.json.gz,5745727,393216,5,tetragonal,139.0,,,,,,
mp-214,dev_bulk,bulk,Materials Project,ZrRu,56x56x56,433d356350ba41e0f68382a709b470c7a0eb59ba3a06004be6114b1ad9899700,https://materialsproject-parsed.s3.amazonaws.com/chgcars/mp-1538442.json.gz,1605380,175616,2,cubic,221.0,,,,,,
mp-21588,dev_bulk,bulk,Materials Project,Sc2Fe3Si5,160x160x80,a7e8e3fb1cf036c42f9ebfd94d430b5f50516582fd1aefb7ea20d845c9d7019b,https://materialsproject-parsed.s3.amazonaws.com/chgcars/mp-1930429.json.gz,20475379,2048000,40,tetragonal,128.0,,,,,,
mp-2194,dev_bulk,bulk,Materials Project,TiSe2,64x64x120,8b93abd3b9c041f65c2411ffe6b6559b95d047abc94eaa41e7bbc21f566d59ca,https://materialsproject-parsed.s3.amazonaws.com/chgcars/mp-2614559.json.gz,7132915,491520,3,trigonal,164.0,,,,,,
mp-2216496,dev_bulk,bulk,Materials Project,MgCr2Fe3Ni(PO4)6,140x128x128,b1d27f07d8597758974556ba829d20c6ab900ef1a426af1ad2a5039d4eb2430c,https://materialsproject-parsed.s3.amazonaws.com/chgcars/mp-2216781.json.gz,33963171,2293760,37,triclinic,1.0,,,,,,
mp-2217743,dev_bulk,bulk,Materials Project,MgTi2Mn2O6,180x48x96,161a96caa517f7401f8b8bcb5e89e85962363d2bb6f65f9d05a268e40f3c6ef2,https://materialsproject-parsed.s3.amazonaws.com/chgcars/mp-2217743.json.gz,12042796,829440,11,monoclinic,12.0,,,,,,
mp-2227467,dev_bulk,bulk,Materials Project,Sr2MgTiO4,60x60x120,ad07fbb2a54b4fd56b2059052013ecc64490d140f0fe3f3d4d7d5c71369d1f06,https://materialsproject-parsed.s3.amazonaws.com/chgcars/mp-2227467.json.gz,6268826,432000,8,tetragonal,119.0,,,,,,
mp-2229431,dev_bulk,bulk,Materials Project,Rb4MgV2(CuS4)2,84x108x180,c7fd7e932b62d92064fd3659d4b362a0b26903be10bf639bb9d9c4c0e54ec188,https://materialsproject-parsed.s3.amazonaws.com/chgcars/mp-2229431.json.gz,23887320,1632960,17,monoclinic,5.0,,,,,,
mp-2230770,dev_bulk,bulk,Materials Project,MgFe6(O3F)3,112x84x96,752585ef57446d1ee41674411f4eb9a3eea0bce12a05d03868a1e33c1ac42825,https://materialsproject-parsed.s3.amazonaws.com/chgcars/mp-2231818.json.gz,13352465,903168,19,triclinic,1.0,,,,,,
mp-2233790,dev_bulk,bulk,Materials Project,Mg(BiO2)4,56x140x140,0ad3b27552940ad401435ba05b6a93b4ec1f493a86118b2a101e24cd315192ad,https://materialsproject-parsed.s3.amazonaws.com/chgcars/mp-2233790.json.gz,16293177,1097600,13,monoclinic,8.0,,,,,,
mp-2240057,dev_bulk,bulk,Materials Project,MgTe2Mo2W(SeS)2,56x56x560,f01d34738183421c3bac0b15d26765d11bb202d42aad69866e89f9b9aaf24e83,https://materialsproject-parsed.s3.amazonaws.com/chgcars/mp-2240771.json.gz,25611237,1756160,10,trigonal,156.0,,,,,,
mp-2242118,dev_bulk,bulk,Materials Project,BaNdMgCo2O5,60x60x140,a1cf6d79c2026ce0e79f41247cab88cecb0e9857d63c28a5e7a8630b8fdea0a8,https://materialsproject-parsed.s3.amazonaws.com/chgcars/mp-2242118.json.gz,7160867,504000,10,orthorhombic,25.0,,,,,,
mp-22490,dev_bulk,bulk,Materials Project,Sc3(NiGe)4,140x140x140,d8090a996437ff8389ccd677261d5ce2862f38c7aacc35076ef7a2f7bacc6b05,https://materialsproject-parsed.s3.amazonaws.com/chgcars/mp-2526350.json.gz,39978908,2744000,11,orthorhombic,71.0,,,,,,
mp-24407,dev_bulk,bulk,Materials Project,CdP2H6O7,108x120x120,f99677f98bfd8776ab1617be97bf8fb183a737e58e1f5e02a8c8e5af9d436d6e,https://materialsproject-parsed.s3.amazonaws.com/chgcars/mp-1842810.json.gz,22926728,1555200,32,triclinic,2.0,,,,,,
mp-24460,dev_bulk,bulk,Materials Project,MgH6(SO4)4,240x80x128,bec1eac491327b958a5e94e5bedf166fe5adf9a6931877028700d82da3cfe739,https://materialsproject-parsed.s3.amazonaws.com/chgcars/mp-1937624.json.gz,35982491,2457600,54,monoclinic,14.0,,,,,,
mp-26341,dev_bulk,bulk,Materials Project,LiSbP2O7,140x80x112,b9f36ca5954bb0e99aefea1e9908467629e98257ca3b7f2ca64d77309191eee2,https://materialsproject-parsed.s3.amazonaws.com/chgcars/mp-1807141.json.gz,18117123,1254400,22,monoclinic,4.0,,,,,,
mp-2647013,dev_bulk,bulk,Materials Project,Mo,48x48x72,6bd8646fe89a265058af3de52f3338ec7e5b1936d39f0a80cd3ab9dd1d24c7cd,https://materialsproject-parsed.s3.amazonaws.com/chgcars/mp-2647128.json.gz,1683358,165888,2,hexagonal,194.0,,,,,,
mp-26619,dev_bulk,bulk,Materials Project,Li3V(PO4)2,280x80x120,ab5e958bf60abd9a7c1755abb3080900c187fe26ab5742c3fa2a60ef9750f6c1,https://materialsproject-parsed.s3.amazonaws.com/chgcars/mp-1892434.json.gz,39663413,2688000,56,monoclinic,14.0,,,,,,
mp-27239,dev_bulk,bulk,Materials Project,Cs2VF6,128x128x112,ab481f5b1b31d6c7e433dbd73213a7b0345cc6e74ca7bdcf0f19d6850c3e5a69,https://materialsproject-parsed.s3.amazonaws.com/chgcars/mp-2323971.json.gz,25830381,1835008,18,orthorhombic,63.0,,,,,,
mp-28105,dev_bulk,bulk,Materials Project,Ni17S18,120x120x120,fff81cfc9f5414ac334da93c82ddc757dfe6215b14cc79c018f7033b18730856,https://materialsproject-parsed.s3.amazonaws.com/chgcars/mp-1821967.json.gz,24758928,1728000,35,trigonal,166.0,,,,,,
mp-30772,dev_bulk,bulk,Materials Project,NdMg12,100x140x140,33f9c2d4046e6965a30f5b7b8ee2a4a5a4c676bc4566802b59f74a2cb0ec0cc9,https://materialsproject-parsed.s3.amazonaws.com/chgcars/mp-2048128.json.gz,27624461,1960000,13,tetragonal,139.0,,,,,,
mp-32108,dev_bulk,bulk,Materials Project,Mo2P3O11,112x112x140,f88e54d4a9f0c98ebd8ecff495999cb7db90953942292e21a71d390faae9efb3,https://materialsproject-parsed.s3.amazonaws.com/chgcars/mp-1815481.json.gz,26044629,1756160,32,monoclinic,5.0,,,,,,
mp-3612,dev_bulk,bulk,Materials Project,NbSbO4,80x84x180,2791d95243f965317638b7eddaa75c2d948d9954cf41e335a2a24845e0e1ae31,https://materialsproject-parsed.s3.amazonaws.com/chgcars/mp-1839800.json.gz,16930443,1209600,24,orthorhombic,52.0,,,,,,
mp-37207,dev_bulk,bulk,Materials Project,Li5GaO4,96x96x72,63f7915cadf4598b359c05a2d0d6e1505411c29adf132728ca5884a2eb9f2f94,https://materialsproject-parsed.s3.amazonaws.com/chgcars/mp-1835633.json.gz,9743703,663552,20,tetragonal,94.0,,,,,,
mp-37888,dev_bulk,bulk,Materials Project,In2HgTe4,112x112x112,a71d020618fef2830f7fc5ae8dd2c1307d95d474cb3722752b1cdff758fe9afa,https://materialsproject-parsed.s3.amazonaws.com/chgcars/mp-1922816.json.gz,20233701,1404928,7,tetragonal,119.0,,,,,,
mp-435,dev_bulk,bulk,Materials Project,ThSn3,72x72x72,26ffdb528ad20ce4222188aa762cb53c56d2180e9d401f6ea0e0e0c78486e456,https://materialsproject-parsed.s3.amazonaws.com/chgcars/mp-1781858.json.gz,3096858,373248,4,cubic,221.0,,,,,,
mp-505574,dev_bulk,bulk,Materials Project,Co2Mo4C,120x120x120,c771dd408810690bce423ea95c81767d9aa93c078d6bcd119cfc41e9210904d5,https://materialsproject-parsed.s3.amazonaws.com/chgcars/mp-1843903.json.gz,24515909,1728000,28,cubic,227.0,,,,,,
mp-540547,dev_bulk,bulk,Materials Project,Sm2Co7,96x96x420,6af5ea1e0ed3bd1e6ffb29126131c0c6bbbd1e580cc2d0763bb5576553e601e5,https://materialsproject-parsed.s3.amazonaws.com/chgcars/mp-2028765.json.gz,38771002,3870720,36,hexagonal,194.0,,,,,,
mp-555976,dev_bulk,bulk,Materials Project,Na2TiSiO5,72x140x160,cfe6a8ca78f210e74a60e7c0a5cb45ca6721cbb946796a7e77bd058e21c3d3e4,https://materialsproject-parsed.s3.amazonaws.com/chgcars/mp-1816355.json.gz,22435984,1612800,36,orthorhombic,26.0,,,,,,
mp-557569,dev_bulk,bulk,Materials Project,SmAsS,72x72x300,409fb7012c65fcc115ff8bfde5960d856ce92cb2e9207aea1c6ad3a388bb510b,https://materialsproject-parsed.s3.amazonaws.com/chgcars/mp-2013544.json.gz,22145575,1555200,12,orthorhombic,62.0,,,,,,
mp-560030,dev_bulk,bulk,Materials Project,CaF2,56x64x96,d83853f5d5035fd02b7858002ddd16524a467dd1833f79350e55173f0f17fe1a,https://materialsproject-parsed.s3.amazonaws.com/chgcars/mp-1782230.json.gz,4988392,344064,6,orthorhombic,26.0,,,,,,
mp-560341,dev_bulk,bulk,Materials Project,EuSi2(NO)2,108x108x112,97809dd615a6ffacfd3dcf4e970eb748f59f85af208260e2b415bada13a0fe36,https://materialsproject-parsed.s3.amazonaws.com/chgcars/mp-1842793.json.gz,19007265,1306368,28,triclinic,1.0,,,,,,
mp-567278,dev_bulk,bulk,Materials Project,Sr(Si3N4)2,120x120x120,1f6cf0c7c1a50317a99c9698d0b9e41857bc07246b11bccaa9d2d7781c4b3ec2,https://materialsproject-parsed.s3.amazonaws.com/chgcars/mp-2414530.json.gz,25448131,1728000,15,orthorhombic,44.0,,,,,,
mp-567394,dev_bulk,bulk,Materials Project,Ga(MoSe2)4,108x108x108,6c4ab47441855f2c46fe7f1bf96634ae59e730ed2269da135e98a27afdf95984,https://materialsproject-parsed.s3.amazonaws.com/chgcars/mp-2275522.json.gz,18292831,1259712,13,trigonal,160.0,,,,,,
mp-567699,dev_bulk,bulk,Materials Project,HgB2(CN)8,120x120x96,8a21f4946535396ce1dac5ab7f9ca74be94e0d4ea7ce65b7611ef15cde079c86,https://materialsproject-parsed.s3.amazonaws.com/chgcars/mp-1810399.json.gz,20182575,1382400,19,trigonal,164.0,,,,,,
mp-569678,dev_bulk,bulk,Materials Project,Rh4Pb5,96x96x240,f3f60ac0534f6f9cad46ad32f23b4c8c6c24a2a48c9cb24bf90019d34aa4ef39,https://materialsproject-parsed.s3.amazonaws.com/chgcars/mp-1975155.json.gz,32675122,2211840,18,orthorhombic,69.0,,,,,,
mp-569792,dev_bulk,bulk,Materials Project,CuBi,80x80x96,22d3d4daff06d5ee5b98a18d252c3acebee724c2a0de1801aa7d8a54f7e14738,https://materialsproject-parsed.s3.amazonaws.com/chgcars/mp-2901384.json.gz,5772319,614400,4,hexagonal,194.0,,,,,,
mp-606377,dev_bulk,bulk,Materials Project,Ce2Zn4Ru,108x108x80,0e45e0b19a3d39593a7bf6e4ea74dca55c7ff3e8f87d0c2d7ccda6108ba71f88,https://materialsproject-parsed.s3.amazonaws.com/chgcars/mp-1932159.json.gz,13007708,933120,14,tetragonal,129.0,,,,,,
mp-614489,dev_bulk,bulk,Materials Project,GdInCu2,72x72x72,dddca89da391db4ab473dd45b0fde451bdaa9f601661754445c48c9e09716321,https://materialsproject-parsed.s3.amazonaws.com/chgcars/mp-2294205.json.gz,3264264,373248,4,cubic,225.0,,,,,,
mp-6145,dev_bulk,bulk,Materials Project,Ba2LuRuO6,96x96x96,56e5af9172d445a843a5e4d79b85eb802d8c7776d84678025f5ed451106573f6,https://materialsproject-parsed.s3.amazonaws.com/chgcars/mp-2603031.json.gz,12212573,884736,10,cubic,225.0,,,,,,
mp-623043,dev_bulk,bulk,Materials Project,GdInRh,128x128x72,4f1fea3313595553fcde1bd9fca3fe390136f974fa25c674a42d093cdc53bac3,https://materialsproject-parsed.s3.amazonaws.com/chgcars/mp-2041430.json.gz,11924200,1179648,9,hexagonal,189.0,,,,,,
mp-626794,dev_bulk,bulk,Materials Project,Ni(HO)2,56x192x120,8dffbe6f883d4193d8c3c915320334131e982a497fa33825075627aedb22a937,https://materialsproject-parsed.s3.amazonaws.com/chgcars/mp-2350387.json.gz,18980293,1290240,20,trigonal,166.0,,,,,,
mp-631399,dev_bulk,bulk,Materials Project,OsPtCl2,72x72x72,2ec130eb8b59b0ca676579c9d696c35d7da6d95100c934e40f9c24035daaa032,https://materialsproject-parsed.s3.amazonaws.com/chgcars/mp-2442574.json.gz,5225185,373248,4,cubic,216.0,,,,,,
mp-644443,dev_bulk,bulk,Materials Project,CaP(HO3)2,128x128x84,9235c3af11e8fde8ddf2c1191050da667cba474e922a3557284c7973deed7614,https://materialsproject-parsed.s3.amazonaws.com/chgcars/mp-1921586.json.gz,20203778,1376256,20,monoclinic,9.0,,,,,,
mp-6586,dev_bulk,bulk,Materials Project,K2NaAlF6,96x96x96,fea2a8fd98f5c3a5d680edfd09c89ef9e45045dfe19d48550f6410450a1fd493,https://materialsproject-parsed.s3.amazonaws.com/chgcars/mp-2266741.json.gz,11830711,884736,10,cubic,225.0,,,,,,
mp-675781,dev_bulk,bulk,Materials Project,Cu3(Mo3S4)4,96x140x144,82171fa2c9a45b5cd769fdce945ddd0b9b1bb048159787f080ba63119be05f1f,https://materialsproject-parsed.s3.amazonaws.com/chgcars/mp-1878344.json.gz,28139156,1935360,31,triclinic,1.0,,,,,,
mp-676693,dev_bulk,bulk,Materials Project,KCN,84x96x108,0b0c34f4daca9035d8749c5be84b39b828c31908fca6365b935051ca8669bb76,https://materialsproject-parsed.s3.amazonaws.com/chgcars/mp-1834825.json.gz,12716531,870912,12,triclinic,1.0,,,,,,
mp-684706,dev_bulk,bulk,Materials Project,LaO3,72x140x72,1c5cf56beafd739ed3746ead8ea2b04fb12abc357a2eec2c0f12058049bf4161,https://materialsproject-parsed.s3.amazonaws.com/chgcars/mp-1921365.json.gz,10675770,725760,8,triclinic,2.0,,,,,,
mp-733522,dev_bulk,bulk,Materials Project,NiH12(NO6)2,96x120x180,e243e279d3f5e6c11910c63b452f69a29deb0daa6aadfc605a7f1647de60cd0a,https://materialsproject-parsed.s3.amazonaws.com/chgcars/mp-1826303.json.gz,30573889,2073600,54,triclinic,2.0,,,,,,
mp-733797,dev_bulk,bulk,Materials Project,ClO6,96x100x160,798a8b102aec74404320d38b4c89f01b590992fd04285adcd9f6413b2a6ef1d6,https://materialsproject-parsed.s3.amazonaws.com/chgcars/mp-1820845.json.gz,15780550,1536000,28,orthorhombic,62.0,,,,,,
mp-7359,dev_bulk,bulk,Materials Project,BaAgAs,72x72x140,e5869363aa4b922c8d5155a111b89931ed000ae0fda2b2f9bc74e41a7a40a974,https://materialsproject-parsed.s3.amazonaws.com/chgcars/mp-2293364.json.gz,7289580,725760,6,hexagonal,194.0,,,,,,
mp-744554,dev_bulk,bulk,Materials Project,K2FeP2H3(O4F)2,108x128x128,512fec85eddeee2a0d978c1a2c286fccd1703c783da69b2208679b97a6e47d44,https://materialsproject-parsed.s3.amazonaws.com/chgcars/mp-1873278.json.gz,26153076,1769472,36,triclinic,1.0,,,,,,
mp-752546,dev_bulk,bulk,Materials Project,LiTi4O8,96x96x96,fc44c0c23ff0d321e3ebf15c5e22b3d454d0415818306417e5ba0af19173c20c,https://materialsproject-parsed.s3.amazonaws.com/chgcars/mp-1921739.json.gz,12524029,884736,13,trigonal,166.0,,,,,,
mp-752703,dev_bulk,bulk,Materials Project,Li2CoNi3O8,84x84x84,af53ae2623c2367d7fee120c35b91353ff167ce8d93a0340c939703b47289225,https://materialsproject-parsed.s3.amazonaws.com/chgcars/mp-1779755.json.gz,8656934,592704,14,trigonal,166.0,,,,,,
mp-752866,dev_bulk,bulk,Materials Project,V4O7F5,80x80x140,7a955210ff3b7d6a0d6a259864819e9f57861349a6b98ac1006ca16a03786d77,https://materialsproject-parsed.s3.amazonaws.com/chgcars/mp-2235232.json.gz,13272745,896000,16,triclinic,1.0,,,,,,
mp-753183,dev_bulk,bulk,Materials Project,CaH4SO6,128x128x96,ebeafb3a46aa002aecc9ec27af8a64e975cde878b60c288632e645af677eb31c,https://materialsproject-parsed.s3.amazonaws.com/chgcars/mp-1924727.json.gz,22501206,1572864,24,monoclinic,15.0,,,,,,
mp-753334,dev_bulk,bulk,Materials Project,V4O7F5,80x80x140,2a56f0163866daa9f1a96a52549730cecf638d7c1d885a00c74be4c02771f7a3,https://materialsproject-parsed.s3.amazonaws.com/chgcars/mp-2214964.json.gz,13278679,896000,16,triclinic,1.0,,,,,,
mp-753392,dev_bulk,bulk,Materials Project,Li2NiOF2,48x48x192,55452d012ba89ffd0846ec2e8ed533be8521559d4cedc4538bdf02548a14e423,https://materialsproject-parsed.s3.amazonaws.com/chgcars/mp-1873243.json.gz,6243970,442368,12,tetragonal,129.0,,,,,,
mp-753521,dev_bulk,bulk,Materials Project,Li4Fe3Sb5O16,96x96x160,4a8045ce4651dc18a5edf901a90663fa44d5ee42b0aaf3d1fbe33509ada182a7,https://materialsproject-parsed.s3.amazonaws.com/chgcars/mp-1842245.json.gz,21748919,1474560,28,monoclinic,8.0,,,,,,
mp-753554,dev_bulk,bulk,Materials Project,LiCoPO4,80x140x160,781c6ba28a80fce8069e62fbd66ab29aeb02eeff07f82f7ce70f6df994417d3a,https://materialsproject-parsed.s3.amazonaws.com/chgcars/mp-1818886.json.gz,26507607,1792000,28,hexagonal,173.0,,,,,,
mp-754196,dev_bulk,bulk,Materials Project,Ba2SrI6,128x128x112,7b00f72b43f2474f87929c25d519bd1407c10c50493a07ef463e2912df158f55,https://materialsproject-parsed.s3.amazonaws.com/chgcars/mp-1820785.json.gz,26584454,1835008,9,trigonal,162.0,,,,,,
mp-756647,dev_bulk,bulk,Materials Project,K2YPCO7,108x96x160,2b2a092d34f15dfd06941aeaea6658641dfc179eb390626b73c0307b1af32181,https://materialsproject-parsed.s3.amazonaws.com/chgcars/mp-1817044.json.gz,24272269,1658880,24,monoclinic,11.0,,,,,,
mp-757220,dev_bulk,bulk,Materials Project,LuH6(ClO5)3,112x128x160,4f66a6c3b4f1c3f339e0c61a0de4731709185098a3494c7f647719f9675a73aa,https://materialsproject-parsed.s3.amazonaws.com/chgcars/mp-1887324.json.gz,33758789,2293760,50,triclinic,2.0,,,,,,
mp-758622,dev_bulk,bulk,Materials Project,Li3TiFe3O8,84x100x160,8182f09b4575fdfd4d849e0b984d72def392d436e34d4ef20d195150e95dd512,https://materialsproject-parsed.s3.amazonaws.com/chgcars/mp-1836207.json.gz,19652457,1344000,30,triclinic,1.0,,,,,,
mp-759554,dev_bulk,bulk,Materials Project,V3O2F5,80x80x252,91e140b170ecef77dfa97b405431849094d4794971a00dc816b6c542b0879fa5,https://materialsproject-parsed.s3.amazonaws.com/chgcars/mp-1822872.json.gz,16529584,1612800,40,orthorhombic,62.0,,,,,,
mp-760266,dev_bulk,bulk,Materials Project,Li2V2F7,80x120x196,f41c3f5930b1e38483ece9d059777e22605d5fc2eb5b60bdc591db7b422ab972,https://materialsproject-parsed.s3.amazonaws.com/chgcars/mp-1934887.json.gz,27967471,1881600,44,monoclinic,4.0,,,,,,
mp-763177,dev_bulk,bulk,Materials Project,Li2VO2F,80x96x112,43e688007b8fd9d08f8d8284da63a61616deb5262984bac5583ff341fa13b920,https://materialsproject-parsed.s3.amazonaws.com/chgcars/mp-1777509.json.gz,12784055,860160,24,triclinic,1.0,,,,,,
mp-7660,dev_bulk,bulk,Materials Project,BaRhF6,80x80x80,75962e65abf16d38d1744b6ad9aa976e41e4c2823325b16d50a496f954454980,https://materialsproject-parsed.s3.amazonaws.com/chgcars/mp-2258834.json.gz,7237839,512000,8,trigonal,166.0,,,,,,
mp-766093,dev_bulk,bulk,Materials Project,Ti4(Ni5O8)3,96x96x216,c0251cd9927f1943a6220c42eaf98c2568296df30da7acdfa2a50baa754b4b8b,https://materialsproject-parsed.s3.amazonaws.com/chgcars/mp-1821661.json.gz,29260145,1990656,43,trigonal,164.0,,,,,,
mp-768842,dev_bulk,bulk,Materials Project,Li24Mn5Cr7O36,80x160x200,b88f44db4754493d1102dbd972b818f5238c5ebef7c579a5b856cefe5ae6b58c,https://materialsproject-parsed.s3.amazonaws.com/chgcars/mp-1898954.json.gz,38039640,2560000,72,triclinic,1.0,,,,,,
mp-768987,dev_bulk,bulk,Materials Project,Li8BiO6,96x96x168,578712ad246ef2e3b6251149162cbc1ea9f1c2e0a6dabda4fcc3eb0f0a4ad7be,https://materialsproject-parsed.s3.amazonaws.com/chgcars/mp-1805888.json.gz,22628441,1548288,30,hexagonal,185.0,,,,,,
mp-771133,dev_bulk,bulk,Materials Project,Mn5Cr3O16,96x96x140,cf23a0b86ee3eea1c256a8a22e1513ff1e34b227a841cc1458c45cf0fbf6931c,https://materialsproject-parsed.s3.amazonaws.com/chgcars/mp-1777460.json.gz,19237039,1290240,24,monoclinic,8.0,,,,,,
mp-771903,dev_bulk,bulk,Materials Project,Fe5Cu(PO4)6,128x128x128,99a9f8ba47691c215e564ee14980de812c2bf1a690fe00fe5b0e280906b10e1d,https://materialsproject-parsed.s3.amazonaws.com/chgcars/mp-1819962.json.gz,31050378,2097152,36,trigonal,146.0,,,,,,
mp-771968,dev_bulk,bulk,Materials Project,LiCo8O9,80x80x100,8b76208c77ac500b420b019e8da38fe8a8df48716d474a2811866f67c14bf544,https://materialsproject-parsed.s3.amazonaws.com/chgcars/mp-1832700.json.gz,9419978,640000,18,triclinic,2.0,,,,,,
mp-772185,dev_bulk,bulk,Materials Project,Li6Hf2O7,96x96x160,bb53ad10ec8413d1407cbc21de46c1231f306ebe4783cac5b2e9c0cb8be7a9f3,https://materialsproject-parsed.s3.amazonaws.com/chgcars/mp-1813096.json.gz,21287909,1474560,30,monoclinic,15.0,,,,,,
mp-773101,dev_bulk,bulk,Materials Project,K3Li2Ta6(PO8)3,128x128x128,82cb46082204978e1791c3ced2a069f1cb3cf383dbe8da9674251c98dfb7d7bb,https://materialsproject-parsed.s3.amazonaws.com/chgcars/mp-1931832.json.gz,30695699,2097152,38,trigonal,146.0,,,,,,
mp-776076,dev_bulk,bulk,Materials Project,BaSiO3,96x120x216,4a3d1ec38a88889bd62b0e2cbfb29646b09ae1bc18083d4e6dca00f6789b47dc,https://materialsproject-parsed.s3.amazonaws.com/chgcars/mp-1937912.json.gz,35821038,2488320,40,monoclinic,14.0,,,,,,
mp-776331,dev_bulk,bulk,Materials Project,Zr5N5O2,84x84x140,884a4937ea10f2f04da5a3f142882ac290d0d8070f9a24ee1f077d737dbb3468,https://materialsproject-parsed.s3.amazonaws.com/chgcars/mp-2301727.json.gz,14115626,987840,12,monoclinic,8.0,,,,,,
mp-779079,dev_bulk,bulk,Materials Project,Ti3V2P6WO24,128x128x128,ad56d5f4f7e7a1daf18228a09cb0e556b84f5f8c09c0464a3f0c837ec9581273,https://materialsproject-parsed.s3.amazonaws.com/chgcars/mp-1822479.json.gz,31070026,2097152,36,trigonal,146.0,,,,,,
mp-782011,dev_bulk,bulk,Materials Project,Gd2Nb2N2O5,120x216x84,60b5452419fc1bb6e3f7ccc85133ba8476ff89d5af0ad314098c205da9a60088,https://materialsproject-parsed.s3.amazonaws.com/chgcars/mp-1887131.json.gz,32123586,2177280,44,triclinic,1.0,,,,,,
mp-849339,dev_bulk,bulk,Materials Project,Mn3O5F,108x84x84,40266b9d469acce0dcf259ae4f41cdf7e6d90cad42f252affe38faa0203df32d,https://materialsproject-parsed.s3.amazonaws.com/chgcars/mp-2226196.json.gz,11238976,762048,18,monoclinic,8.0,,,,,,
mp-864652,dev_bulk,bulk,Materials Project,Nd3MnAlS7,160x160x96,40928859d65a8181841c1e2e160e7ec6108f2a8e0aa992ad3c48cd379fef1765,https://materialsproject-parsed.s3.amazonaws.com/chgcars/mp-2609661.json.gz,35899530,2457600,24,hexagonal,173.0,,,,,,
mp-864965,dev_bulk,bulk,Materials Project,Mg2RhAu,80x80x80,77dcf5a861a9d9b1172b267d90f19abf4155760891fccd38a619d6d2ec869423,https://materialsproject-parsed.s3.amazonaws.com/chgcars/mp-2349919.json.gz,7179073,512000,4,cubic,225.0,,,,,,
mp-865006,dev_bulk,bulk,Materials Project,Dy2MgAl,80x80x80,81aba3fc720d4e816034ec2721329daea0daaffbd972650315ab94871856c3b9,https://materialsproject-parsed.s3.amazonaws.com/chgcars/mp-1932889.json.gz,6344686,512000,4,cubic,225.0,,,,,,
mp-865801,dev_bulk,bulk,Materials Project,LuPaTc2,80x80x80,79f8ede6ded161222d6e6990ebf9c1c5a43a4f61fb12dfeae60daa6e9caf8930,https://materialsproject-parsed.s3.amazonaws.com/chgcars/mp-1952187.json.gz,5063081,512000,4,cubic,225.0,,,,,,
mp-887511,dev_bulk,bulk,Materials Project,Fe5(OF4)2,72x96x216,dec8945a5280c84135ce8cfe22860ccbc2a861e51dde2d71cbf6321c672334f9,https://materialsproject-parsed.s3.amazonaws.com/chgcars/mp-1841408.json.gz,22111839,1492992,30,monoclinic,4.0,,,,,,
mp-8881,dev_bulk,bulk,Materials Project,AlAs,72x72x120,2c4e6fab7975418d7886c816226e4c88ccdafbcd7e4924815908395aca7c93ed,https://materialsproject-parsed.s3.amazonaws.com/chgcars/mp-2368341.json.gz,9007259,622080,4,hexagonal,186.0,,,,,,
mp-9437,dev_bulk,bulk,Materials Project,NbFeSb,72x72x72,0c6ad5af96b9f51121d39ec893c238fbed830e14ff64bb5d4a558c44139fff59,https://materialsproject-parsed.s3.amazonaws.com/chgcars/mp-2635715.json.gz,4754621,373248,3,cubic,216.0,,,,,,
mp-975795,dev_bulk,bulk,Materials Project,PrTm3,96x96x96,0f4b6475644e9ce151583316a06f64230351dd275a977100a40639cf7fa72cb1,https://materialsproject-parsed.s3.amazonaws.com/chgcars/mp-1805147.json.gz,12028133,884736,4,tetragonal,139.0,,,,,,
mp-976076,dev_bulk,bulk,Materials Project,NaAc2Sn,96x96x96,f658b0dbd492c5a18a678495561255ed20c979496f6140b8272e6f50c33ba9f4,https://materialsproject-parsed.s3.amazonaws.com/chgcars/mp-1932769.json.gz,11426393,884736,4,cubic,225.0,,,,,,
mp-977372,dev_bulk,bulk,Materials Project,Pm2SnHg,96x96x96,da33aa85089d606f5d62635a169e3665cc1943dc55ccbcb6578473cc3cc53361,https://materialsproject-parsed.s3.amazonaws.com/chgcars/mp-1977311.json.gz,11986370,884736,4,cubic,225.0,,,,,,
mp-982725,dev_bulk,bulk,Materials Project,Nb2RuW,72x72x72,78172e44f047be3eec5d71189c9dbd256276969ce4310e8c2e158b49f725bbde,https://materialsproject-parsed.s3.amazonaws.com/chgcars/mp-2335405.json.gz,5125072,373248,4,cubic,225.0,,,,,,
mp-985702,dev_bulk,bulk,Materials Project,AgPb3,108x108x84,6e5230a7d46e7e7461ec5af1075e9b41f332948d68b739f8e2d47f8c94807edf,https://materialsproject-parsed.s3.amazonaws.com/chgcars/mp-1775246.json.gz,14005094,979776,8,hexagonal,194.0,,,,,,
mp-998512,dev_bulk,bulk,Materials Project,InPbCl3,112x112x160,bf81a7986870e500ce5a68184427157a8019392ed637444d0c195be123085933,https://materialsproject-parsed.s3.amazonaws.com/chgcars/mp-1812751.json.gz,20169682,2007040,10,orthorhombic,63.0,,,,,,
mp-998613,dev_bulk,bulk,Materials Project,KGeCl3,128x128x128,f67a600b83d85d43ed2a9400865132515414bc382a36d40a8a28c8e0ef53846a,https://materialsproject-parsed.s3.amazonaws.com/chgcars/mp-2052735.json.gz,30787627,2097152,10,trigonal,161.0,,,,,,
mp-998744,dev_bulk,bulk,Materials Project,TlGeCl3,80x80x80,e771f6531c552fb1e4a062fe0f2ce236758a8230f1256dc2f7a6d43f97e0f095,https://materialsproject-parsed.s3.amazonaws.com/chgcars/mp-2308507.json.gz,7469439,512000,5,monoclinic,8.0,,,,,,
mp-999450,dev_bulk,bulk,Materials Project,NaSmSe2,128x128x128,d060bd945f19e753028d8c844963c9dbfd1042aa290fc6fa21572c35af7217c7,https://materialsproject-parsed.s3.amazonaws.com/chgcars/mp-2455061.json.gz,30549986,2097152,4,trigonal,166.0,,,,,,
nomad---3hBedCnC_e,dev_slab,slab,NOMAD surfaces/adsorbates,Ru16O35C4H1,96x96x420,634dc8cb48b7deedeb5cbba8421bf41d8ed5e55585ceb0ba9abe6a1850c9b0d6,https://nomad-lab.eu/prod/v1/api/v1/entries/--3hBedCnC_eq9u5WzE3DpxnLsO6/raw/CHGCAR,70504313,3870720,56,,,,qM7AMKciQ7GRVR8rCNm0mw,"RuO2 CO2RR, adsorbate and spectator variations",27.831346,,
nomad--1YLlCXKIJKj,dev_slab,slab,NOMAD surfaces/adsorbates,Co20,96x96x420,5ef514fd92e5fb720a559034b745a678a4c0c5dd0eaab0bc02c87eeac243a903,https://nomad-lab.eu/prod/v1/api/v1/entries/-1YLlCXKIJKjpOUO177k6m219XNn/raw/CHGCAR.bz2,38220426,3870720,20,,,,9kY9WrfNTLm0zUauVB-cjQ,"Cl on Ti, several facets and adsorption sites",23.008933,,
nomad--33WrhYeNt5f,dev_slab,slab,NOMAD surfaces/adsorbates,Ti20Cl1,84x96x512,8415e5c63d4e520f5b4f9fb57e0bd73d81ebf8ecc536499c8c95a85afcdd5730,https://nomad-lab.eu/prod/v1/api/v1/entries/-33WrhYeNt5f2mL9IacZZBF41YbZ/raw/CHGCAR.bz2,44791125,4128768,21,,,,9kY9WrfNTLm0zUauVB-cjQ,"Cl on Ti, several facets and adsorption sites",28.216125,,
nomad--5wLHf6mG5_K,dev_slab,slab,NOMAD surfaces/adsorbates,Co20O1,96x96x448,8326247775f51817da88880cde04a73a528c301a454a5075139e74392e5db878,https://nomad-lab.eu/prod/v1/api/v1/entries/-5wLHf6mG5_KbYOB8QeIqZ3KROkN/raw/CHGCAR.bz2,43099910,4128768,21,,,,iX4CUI7eR3CwsuDltNempA,"clean and O-covered Co(0001), Cr(110), Fe",24.157166,,
nomad--MeUbDBN9nIW,dev_slab,slab,NOMAD surfaces/adsorbates,Ti20Cl1,108x100x448,0d8b7f65072922c2d294b95e6545ae821c6c511cb3c682cb70893a60edf7f276,https://nomad-lab.eu/prod/v1/api/v1/entries/-MeUbDBN9nIW5APS_uSO41nfjeFh/raw/CHGCAR.bz2,52148935,4838400,21,,,,9kY9WrfNTLm0zUauVB-cjQ,"Cl on Ti, several facets and adsorption sites",24.36603,,
nomad--O7C25L6mxPu,dev_slab,slab,NOMAD surfaces/adsorbates,Cr20,96x96x420,b546e21d9369b22198ea04ba24789cbadda3eedb6d9447bd8a21bb72817a7f17,https://nomad-lab.eu/prod/v1/api/v1/entries/-O7C25L6mxPu78IryvVreLOzQ0lQ/raw/CHGCAR.bz2,42095541,3870720,20,,,,iX4CUI7eR3CwsuDltNempA,"clean and O-covered Co(0001), Cr(110), Fe",23.177311,,
nomad--g_dRNdo_53Q,dev_slab,slab,NOMAD surfaces/adsorbates,V20,80x80x512,ba18e7f78241a1e2a1b6fda1a309af4017bb1d8ab19f95fa45787408607a1460,https://nomad-lab.eu/prod/v1/api/v1/entries/-g_dRNdo_53Q1BdprnBoS-XZf164/raw/CHGCAR.bz2,34619165,3276800,20,,,,iX4CUI7eR3CwsuDltNempA,"clean and O-covered Co(0001), Cr(110), Fe",28.320247000001128,,
nomad--kEaPn7WzevZ,dev_slab,slab,NOMAD surfaces/adsorbates,Co20O1,96x96x432,cfb4b664975d1f768c024ba23be0f25c721ba659fb65cab6fc8103a82d602ea6,https://nomad-lab.eu/prod/v1/api/v1/entries/-kEaPn7WzevZ5J1Wv-hzPueMxQpW/raw/CHGCAR.bz2,42674590,3981312,21,,,,iX4CUI7eR3CwsuDltNempA,"clean and O-covered Co(0001), Cr(110), Fe",23.609085,,
nomad--maT57oivXnQ,dev_slab,slab,NOMAD surfaces/adsorbates,Ga15N16H2H1,108x48x400,7dd07bc58ff829afdc1fc29e948273d533695821cc38c0ec8da70699e71678d7,https://nomad-lab.eu/prod/v1/api/v1/entries/-maT57oivXnQDGXkUWMsPORHeH-s/raw/CHGCAR,37782125,2073600,34,,,,reTvTXQBTiSwmntKl7EmAQ,"GaN electrochemical surfaces, with AECCARs",30.214294,,
nomad--ydxPkR4Tatz,dev_slab,slab,NOMAD surfaces/adsorbates,Zn20,96x96x480,4f52ab2f5b90e8e2ebed6792dfb130ba98516b05a885c6719979202de5cf1a0c,https://nomad-lab.eu/prod/v1/api/v1/entries/-ydxPkR4Tatz5Qk7OEE7-yG7fsXP/raw/CHGCAR.bz2,47264041,4423680,20,,,,iX4CUI7eR3CwsuDltNempA,"clean and O-covered Co(0001), Cr(110), Fe",24.984991051461595,,
nomad-0-ostsntWIk9,dev_slab,slab,NOMAD surfaces/adsorbates,V20H1,80x80x540,50ded5823e48ced235117cf65165d4e78e7a764118e72a57012758fb09c1adb9,https://nomad-lab.eu/prod/v1/api/v1/entries/0-ostsntWIk9QvDNudKuXdaLlfCO/raw/CHGCAR.bz2,36783068,3456000,21,,,,iX4CUI7eR3CwsuDltNempA,"clean and O-covered Co(0001), Cr(110), Fe",28.488408,,
nomad-064_5lUOyDQI,dev_slab,slab,NOMAD surfaces/adsorbates,Co20O1,96x96x432,2c1c7cb2d40dc0b2eda77e0e662a4aa63f7a7ca323cdf5827304c54433ffa999,https://nomad-lab.eu/prod/v1/api/v1/entries/064_5lUOyDQIw3_hwm5t17KK4_w1/raw/CHGCAR.bz2,43510394,3981312,21,,,,iX4CUI7eR3CwsuDltNempA,"clean and O-covered Co(0001), Cr(110), Fe",23.609085,,
nomad-0HydAdmxidgt,dev_slab,slab,NOMAD surfaces/adsorbates,Co20Cl1,96x96x480,cb737a7468eb5305ca5058dfb03f5a16485b2c9bab3074250ad9652039497145,https://nomad-lab.eu/prod/v1/api/v1/entries/0HydAdmxidgtw6_drjy0tqAVL_UG/raw/CHGCAR.bz2,47835608,4423680,21,,,,iX4CUI7eR3CwsuDltNempA,"clean and O-covered Co(0001), Cr(110), Fe",25.063276,,
nomad-0J594sjoAqDW,dev_slab,slab,NOMAD surfaces/adsorbates,Co20H1,96x72x448,d360a1c888d098086242e3cdfbaaedfb4d8bba4d33292342d9fc1e3f1b4f463c,https://nomad-lab.eu/prod/v1/api/v1/entries/0J594sjoAqDWv9NurZkiPDs88w5f/raw/CHGCAR.bz2,32669622,3096576,21,,,,9kY9WrfNTLm0zUauVB-cjQ,"Cl on Ti, several facets and adsorption sites",24.399464,,
nomad-0JxkdxfFTtnZ,dev_slab,slab,NOMAD surfaces/adsorbates,Co20O1,96x72x480,3f8d84e40ce84bea459286c20714cf8950c5143db928afff3a461fcc38c58cd4,https://nomad-lab.eu/prod/v1/api/v1/entries/0JxkdxfFTtnZ2bx48MVmYTTBpJkD/raw/CHGCAR.bz2,36399592,3317760,21,,,,9kY9WrfNTLm0zUauVB-cjQ,"Cl on Ti, several facets and adsorption sites",25.295133,,
nomad-0kvBRPSc8RU6,dev_slab,slab,NOMAD surfaces/adsorbates,Sc20,120x96x500,6f8de89277ac8ee5e28934137abbe30da20ed60f0b890ab8f77d3f918d58e3c8,https://nomad-lab.eu/prod/v1/api/v1/entries/0kvBRPSc8RU6BscouRQS5Hn9j7GU/raw/CHGCAR.bz2,59896960,5760000,20,,,,9kY9WrfNTLm0zUauVB-cjQ,"Cl on Ti, several facets and adsorption sites",27.444606412011122,,
nomad-0pSeEEz7rc0X,dev_slab,slab,NOMAD surfaces/adsorbates,Fe20,96x96x432,d06e1945f344aa12b78b08d719289306ae70f8bc323747e5b41096eb4cf31068,https://nomad-lab.eu/prod/v1/api/v1/entries/0pSeEEz7rc0Xh85xBsTA7gBPU-VN/raw/CHGCAR.bz2,42875930,3981312,20,,,,2gWjvlhHTEqE85zHVCPFkw,clean fcc metal surfaces,23.379899,,
nomad-0xMhYZKiiVKL,dev_slab,slab,NOMAD surfaces/adsorbates,Fe20O1,96x96x448,d52c87498558c89834f8c38ef87d1618176b25a62edbb7a21cae49afeb529617,https://nomad-lab.eu/prod/v1/api/v1/entries/0xMhYZKiiVKLfmrtAUqf0zwTh_Bx/raw/CHGCAR.bz2,44847335,4128768,21,,,,iX4CUI7eR3CwsuDltNempA,"clean and O-covered Co(0001), Cr(110), Fe",24.206674,,
nomad-19wSfSWChOSI,dev_slab,slab,NOMAD surfaces/adsorbates,Fe20,96x96x448,dc5be888452f5dec938146abfb8b3b0d77017f7e5a68a4511b32d908ef558fcb,https://nomad-lab.eu/prod/v1/api/v1/entries/19wSfSWChOSIhWnZfVSxS34Sdohp/raw/CHGCAR.bz2,44230672,4128768,20,,,,iX4CUI7eR3CwsuDltNempA,"clean and O-covered Co(0001), Cr(110), Fe",24.146901,,
nomad-1CIlfNcWTE4X,dev_slab,slab,NOMAD surfaces/adsorbates,Ga15N15H3H3,108x48x400,f76299be057209bf65a2673db6e1d4e5fd899d17636bee9086822754f99f97ea,https://nomad-lab.eu/prod/v1/api/v1/entries/1CIlfNcWTE4XsqZ4HHTetR26rGzu/raw/CHGCAR,37782435,2073600,36,,,,reTvTXQBTiSwmntKl7EmAQ,"GaN electrochemical surfaces, with AECCARs",30.214294,,
nomad-1DBJPWgjPfWO,dev_slab,slab,NOMAD surfaces/adsorbates,Ti20Cl1,84x96x512,9157c67b1ef0c27f5b3c0dfeaeb6035db5b239040aae031e8a4d693e8b2d41fa,https://nomad-lab.eu/prod/v1/api/v1/entries/1DBJPWgjPfWOiCoLBEkyS4hGfwWE/raw/CHGCAR.bz2,44804123,4128768,21,,,,9kY9WrfNTLm0zUauVB-cjQ,"Cl on Ti, several facets and adsorption sites",28.216125,,
nomad-1Few3hG0Dkat,dev_slab,slab,NOMAD surfaces/adsorbates,Fe20O1,96x96x448,755b2b32b844820a6b48804232ffc14a16f87d9fcaf6fdd027d7a91a10528918,https://nomad-lab.eu/prod/v1/api/v1/entries/1Few3hG0DkatdLk66VghPthUSvpn/raw/CHGCAR.bz2,44888283,4128768,21,,,,iX4CUI7eR3CwsuDltNempA,"clean and O-covered Co(0001), Cr(110), Fe",24.206674,,
nomad-1iTKfRU16qFo,dev_slab,slab,NOMAD surfaces/adsorbates,Sc20H1,120x112x480,89ae979ba67b1148ba74700522f7165fc6128004fc6d97f972648a1987ad3eb1,https://nomad-lab.eu/prod/v1/api/v1/entries/1iTKfRU16qFoDdZpGc8_MS8IVS27/raw/CHGCAR.bz2,69849486,6451200,21,,,,iX4CUI7eR3CwsuDltNempA,"clean and O-covered Co(0001), Cr(110), Fe",25.554765,,
nomad-1sSuZTi8blPO,dev_slab,slab,NOMAD surfaces/adsorbates,Ti20H1,108x108x480,7be9b23d80f504c7a1a60546a52dadbe2d465ee13b9fdaacde35b250d5d87eb5,https://nomad-lab.eu/prod/v1/api/v1/entries/1sSuZTi8blPOwD-GPbZfrkv19EBo/raw/CHGCAR.bz2,57577928,5598720,21,,,,2gWjvlhHTEqE85zHVCPFkw,clean fcc metal surfaces,25.497149,,
nomad-1urv55npagDc,dev_slab,slab,NOMAD surfaces/adsorbates,Ga14N14,80x48x448,d1210a3f2a5cd37467eaa4069f0808a44f48fc2735e95d5a9c75865865a17472,https://nomad-lab.eu/prod/v1/api/v1/entries/1urv55npagDcmhvK4WG6uu0xmBR3/raw/CHGCAR,31348241,1720320,28,,,,reTvTXQBTiSwmntKl7EmAQ,"GaN electrochemical surfaces, with AECCARs",34.228328,,
nomad-1xNwoQ8q8XXI,dev_slab,slab,NOMAD surfaces/adsorbates,Co20Cl1,96x96x420,8f1117f6edb195ae2fe96815cb870005ceba78f816d369030b0f49d1aadb3fc2,https://nomad-lab.eu/prod/v1/api/v1/entries/1xNwoQ8q8XXIdCAZogXW-VM4YU1k/raw/CHGCAR.bz2,42688618,3870720,21,,,,iX4CUI7eR3CwsuDltNempA,"clean and O-covered Co(0001), Cr(110), Fe",22.984089,,
nomad-28WEed2y6N1X,dev_slab,slab,NOMAD surfaces/adsorbates,Sc20H1,120x112x480,a42708b1b6a5df7c9313b0758433ee9b59d07d70dce4c35389594485f59e9282,https://nomad-lab.eu/prod/v1/api/v1/entries/28WEed2y6N1XLE-x4s2_fCedS87V/raw/CHGCAR.bz2,69789475,6451200,21,,,,9kY9WrfNTLm0zUauVB-cjQ,"Cl on Ti, several facets and adsorption sites",25.554765,,
nomad-2C9dg1L8liw7,dev_slab,slab,NOMAD surfaces/adsorbates,Ti20H1,108x100x448,ed9e8593b3bb87d8e61eabc1e9e55f0ad9f217712e51057124c33694c0dbe6f7,https://nomad-lab.eu/prod/v1/api/v1/entries/2C9dg1L8liw7RQrqbOi7Nx01kPba/raw/CHGCAR.bz2,52286127,4838400,21,,,,iX4CUI7eR3CwsuDltNempA,"clean and O-covered Co(0001), Cr(110), Fe",24.36603,,
nomad-2iwRdQb9gzT1,dev_slab,slab,NOMAD surfaces/adsorbates,V20,80x80x512,320a275b28e4b108fa629413cb6e299983c258ef861823df65e92e8db75e3b36,https://nomad-lab.eu/prod/v1/api/v1/entries/2iwRdQb9gzT1V2aU1BfyDWhtIAqu/raw/CHGCAR.bz2,33060782,3276800,20,,,,9kY9WrfNTLm0zUauVB-cjQ,"Cl on Ti, several facets and adsorption sites",28.320247000001128,,
nomad-3Rqsfa2-hyu7,dev_slab,slab,NOMAD surfaces/adsorbates,Ti20O1,84x96x540,fef491ad3a9456b98b56b7abcea8b76ec98dcd4122d9ed5b8dd7e3cc4322353e,https://nomad-lab.eu/prod/v1/api/v1/entries/3Rqsfa2-hyu7wPR9mpr2IDigMKSU/raw/CHGCAR.bz2,46563823,4354560,21,,,,9kY9WrfNTLm0zUauVB-cjQ,"Cl on Ti, several facets and adsorption sites",28.56028,,
nomad-3ermMygSkKxT,dev_slab,slab,NOMAD surfaces/adsorbates,H3C1O31Ru16,96x96x420,312ff2e6d5fd1c755a21b49ccf52349837dc637ce3e8c3f222b0cacf06441513,https://nomad-lab.eu/prod/v1/api/v1/entries/3ermMygSkKxTqFOXBXN-LtiuOkI1/raw/CHGCAR,70500935,3870720,51,,,,qM7AMKciQ7GRVR8rCNm0mw,"RuO2 CO2RR, adsorbate and spectator variations",27.831346,,
nomad-4BR68d4gtTyq,dev_slab,slab,NOMAD surfaces/adsorbates,Ga20N22H2H2,72x108x420,12abe1465f872e571a45e2f9761ca1bdaaf2a499aebd2c321fb5e80dfaef546b,https://nomad-lab.eu/prod/v1/api/v1/entries/4BR68d4gtTyqj61pcgpHDM0xTgiT/raw/CHGCAR,59496847,3265920,46,,,,reTvTXQBTiSwmntKl7EmAQ,"GaN electrochemical surfaces, with AECCARs",31.826924,,
nomad-4CA6DwNaypkT,dev_slab,slab,NOMAD surfaces/adsorbates,Pd20,100x100x448,3862ff65368672aad504c11e626a2eba164bbcf580fa10e36c86b9e602922934,https://nomad-lab.eu/prod/v1/api/v1/entries/4CA6DwNaypkTbPgFrrrbpBElshpl/raw/CHGCAR.bz2,45590502,4480000,20,,,,2gWjvlhHTEqE85zHVCPFkw,clean fcc metal surfaces,24.096377,,
nomad-4TmN2lwz6DHx,dev_slab,slab,NOMAD surfaces/adsorbates,Ti20H1,108x100x448,73a394a98855c14f408c5a430cf64243723f415e567415f2c87ee6eb0793a3aa,https://nomad-lab.eu/prod/v1/api/v1/entries/4TmN2lwz6DHxR6TSPnfMh8PMH2zH/raw/CHGCAR.bz2,52396242,4838400,21,,,,9kY9WrfNTLm0zUauVB-cjQ,"Cl on Ti, several facets and adsorption sites",24.36603,,
nomad-4U-g_t9kIPQS,dev_slab,slab,NOMAD surfaces/adsorbates,Sc20H1,120x96x500,dfd7219b15a6f2c7299162d506d8b2b4d6c80b166df1287ffd6d8cefbc4080d2,https://nomad-lab.eu/prod/v1/api/v1/entries/4U-g_t9kIPQS4S-Q7QHt8k3XWvUE/raw/CHGCAR.bz2,61393462,5760000,21,,,,9kY9WrfNTLm0zUauVB-cjQ,"Cl on Ti, several facets and adsorption sites",27.523636,,
nomad-4hOaTvLmAUuc,dev_slab,slab,NOMAD surfaces/adsorbates,Cu20O1,96x96x448,a4eadef878798f4b47a87cbda25c5887d745641371dcdc4d3be1f29f1ae6ab85,https://nomad-lab.eu/prod/v1/api/v1/entries/4hOaTvLmAUuc5iPGxAiaNOFbM8V4/raw/CHGCAR.bz2,43026455,4128768,21,,,,2gWjvlhHTEqE85zHVCPFkw,clean fcc metal surfaces,24.51194,,
nomad-4khM-ZQ6rM_L,dev_slab,slab,NOMAD surfaces/adsorbates,Fe20Cl1,96x96x420,fdeba2a362d880ca40ce1c2ad08d6b14e8e634edccb2448e60bf7d83d484bfb4,https://nomad-lab.eu/prod/v1/api/v1/entries/4khM-ZQ6rM_L0hvUkbE774oejFR6/raw/CHGCAR.bz2,42251568,3870720,21,,,,9kY9WrfNTLm0zUauVB-cjQ,"Cl on Ti, several facets and adsorption sites",23.08476,,
nomad-5HCYH3PtBIoR,dev_slab,slab,NOMAD surfaces/adsorbates,Sc20Cl1,120x96x500,46d4a0e834910d2abd4255cbdd49683661127619b96faccd07c25c9ad07487a8,https://nomad-lab.eu/prod/v1/api/v1/entries/5HCYH3PtBIoRtqcfcbQ8dhdurjwD/raw/CHGCAR.bz2,61477108,5760000,21,,,,9kY9WrfNTLm0zUauVB-cjQ,"Cl on Ti, several facets and adsorption sites",27.523636,,
nomad-5_7vAQzUevH0,dev_slab,slab,NOMAD surfaces/adsorbates,Zn20Cl1,100x100x480,7bb1de721c28dc6732698068d12ff6dd9c8454e0c5770abececc22c6692d578f,https://nomad-lab.eu/prod/v1/api/v1/entries/5_7vAQzUevH0ZIVt6RGK4Rw0ZM4m/raw/CHGCAR.bz2,49843800,4800000,21,,,,2gWjvlhHTEqE85zHVCPFkw,clean fcc metal surfaces,26.19106,,
nomad-61GFUgm3lTUg,dev_slab,slab,NOMAD surfaces/adsorbates,Ru16C3O33,96x96x420,0e00627be93d52291fe134a1cb23eb8a4cf227341279f067d83a7d67152f18b2,https://nomad-lab.eu/prod/v1/api/v1/entries/61GFUgm3lTUgGH6G_Mei1KS-nqo3/raw/CHGCAR,70502312,3870720,52,,,,qM7AMKciQ7GRVR8rCNm0mw,"RuO2 CO2RR, adsorbate and spectator variations",27.831346,,
nomad-6o4AmsigmNP5,dev_slab,slab,NOMAD surfaces/adsorbates,H1C3O34Ru16,96x96x420,55aef1ea27bbc32f8264640854defe0bec77fdc4b87d85a4cd1e979ef8bbbb99,https://nomad-lab.eu/prod/v1/api/v1/entries/6o4AmsigmNP5f6GEgd4FFIZ_m9QL/raw/CHGCAR,70503181,3870720,54,,,,qM7AMKciQ7GRVR8rCNm0mw,"RuO2 CO2RR, adsorbate and spectator variations",27.831346,,
nomad-6x45-ylTvOvZ,dev_slab,slab,NOMAD surfaces/adsorbates,Ga16N16H2H2,80x48x448,4cb269757ee9ef2eb0b00febff53bdee8f1b671bc102fad7d02d0883c610a2fe,https://nomad-lab.eu/prod/v1/api/v1/entries/6x45-ylTvOvZbYaMUEh_eAdUJk_2/raw/CHGCAR,31354883,1720320,36,,,,reTvTXQBTiSwmntKl7EmAQ,"GaN electrochemical surfaces, with AECCARs",34.228328,,
nomad-7OdXN2bFHmUg,dev_slab,slab,NOMAD surfaces/adsorbates,Ru16C4O35H1,96x96x420,fc2e38eb3da905e438181a79e3745bc79586ea51f4f500bcde2d99bf27d77c19,https://nomad-lab.eu/prod/v1/api/v1/entries/7OdXN2bFHmUg5TN1LhKdOyYGkvKr/raw/CHGCAR,70504313,3870720,56,,,,qM7AMKciQ7GRVR8rCNm0mw,"RuO2 CO2RR, adsorbate and spectator variations",27.831346,,
nomad-8Hl4JATTj5Fp,dev_slab,slab,NOMAD surfaces/adsorbates,Cr20,96x96x420,8451edf87c453baacfb2922191d37b1377c58ed0b2cbd673f0d8b94a80c00218,https://nomad-lab.eu/prod/v1/api/v1/entries/8Hl4JATTj5FpE7ZwhC5I-CPm2wag/raw/CHGCAR.bz2,41088507,3870720,20,,,,2gWjvlhHTEqE85zHVCPFkw,clean fcc metal surfaces,23.210228,,
nomad-8ZPelCNdN_TR,dev_slab,slab,NOMAD surfaces/adsorbates,Mn20O1,96x96x448,230e5442d9169245b8863dec032adc2e58c22549effc8d08a1cbef42d6173904,https://nomad-lab.eu/prod/v1/api/v1/entries/8ZPelCNdN_TR9zEl1-InGqc4mVAc/raw/CHGCAR.bz2,45509175,4128768,21,,,,2gWjvlhHTEqE85zHVCPFkw,clean fcc metal surfaces,24.307983,,
nomad-8eTSyDPSGSwy,dev_slab,slab,NOMAD surfaces/adsorbates,H3C4O35Ru16,96x96x420,22799112618fef4a89ae1416bdb66e21809dd302002cb4eb6b6dadc8a0517b1c,https://nomad-lab.eu/prod/v1/api/v1/entries/8eTSyDPSGSwyJ5h4mq6skTudjmtr/raw/CHGCAR,70504897,3870720,58,,,,qM7AMKciQ7GRVR8rCNm0mw,"RuO2 CO2RR, adsorbate and spectator variations",27.831346,,
nomad-8tU1rEspJ26T,dev_slab,slab,NOMAD surfaces/adsorbates,Sc20,120x120x480,60c05431238682a9aed53ccf93070444b8da386de8bb6c79ae78b86707ad08a7,https://nomad-lab.eu/prod/v1/api/v1/entries/8tU1rEspJ26TR9QrAcUf5e3AWm6I/raw/CHGCAR.bz2,69050752,6912000,20,,,,2gWjvlhHTEqE85zHVCPFkw,clean fcc metal surfaces,25.581701,,
nomad-9jQMkfdCbgX_,dev_slab,slab,NOMAD surfaces/adsorbates,Co20,96x96x420,1fa70eb2bda39253dea08604e4a1bc2e325aee1818db444113fd80a92934563a,https://nomad-lab.eu/prod/v1/api/v1/entries/9jQMkfdCbgX_t4ObwHqcJpTCNQ6R/raw/CHGCAR.bz2,39253616,3870720,20,,,,2gWjvlhHTEqE85zHVCPFkw,clean fcc metal surfaces,23.085236,,
nomad-9xtsrVZD5SSK,dev_slab,slab,NOMAD surfaces/adsorbates,Ga11N11,48x48x640,cedbadd8e3b65ab2de9288438c994d65e8ec003314cb6dce8e7caa2c7d8fd5da,https://nomad-lab.eu/prod/v1/api/v1/entries/9xtsrVZD5SSK6qw8aebwrhu_zsal/raw/CHGCAR,26867225,1474560,22,,,,reTvTXQBTiSwmntKl7EmAQ,"GaN electrochemical surfaces, with AECCARs",46.25835,,
nomad-A5zDMCxBBUYc,dev_slab,slab,NOMAD surfaces/adsorbates,Fe20O1,96x96x448,c34d2b0cff6e256d2ce9dead1496fa46149e79a86fbc401ab150ce02008c5591,https://nomad-lab.eu/prod/v1/api/v1/entries/A5zDMCxBBUYcbRsTomTilZzwhXu1/raw/CHGCAR.bz2,44901549,4128768,21,,,,2gWjvlhHTEqE85zHVCPFkw,clean fcc metal surfaces,24.48008,,
nomad-AUrOZMeLzRg5,dev_slab,slab,NOMAD surfaces/adsorbates,V20O1,100x100x480,adc23c1a2ddd5e3d84ee0702344bda0b720f599d2f1ee990ed4aa4ecdb6d1e40,https://nomad-lab.eu/prod/v1/api/v1/entries/AUrOZMeLzRg55a1hTW_6Kqd0wFfv/raw/CHGCAR.bz2,51449504,4800000,21,,,,2gWjvlhHTEqE85zHVCPFkw,clean fcc metal surfaces,24.834325,,
nomad-BMoyqNd6y06X,dev_slab,slab,NOMAD surfaces/adsorbates,Ru16C4O34H3,96x96x420,269154ef38d0204a62c720cd11cb37a12cf2e8a60cc119caf9c4751be1bd1ecf,https://nomad-lab.eu/prod/v1/api/v1/entries/BMoyqNd6y06XZ0afe2bTwEUFLcGz/raw/CHGCAR,70504331,3870720,57,,,,qM7AMKciQ7GRVR8rCNm0mw,"RuO2 CO2RR, adsorbate and spectator variations",27.831346,,
nomad-BbyKgzzvPkrI,dev_slab,slab,NOMAD surfaces/adsorbates,O31Ru16,96x96x420,8ec645ea86c39fe2b154769fdc69d36b9463c5e7f5c7936ecba3b30cbbb9ac12,https://nomad-lab.eu/prod/v1/api/v1/entries/BbyKgzzvPkrIXDa89zEVCXUm1ybz/raw/CHGCAR,70499471,3870720,47,,,,qM7AMKciQ7GRVR8rCNm0mw,"RuO2 CO2RR, adsorbate and spectator variations",27.831346,,
nomad-BiuRBghVF7ns,dev_slab,slab,NOMAD surfaces/adsorbates,Pt20O1,108x108x448,c6d110c98bc4087ac31dd6900468aee85c31a03bb1900d6f48eeeeb1d14c1eff,https://nomad-lab.eu/prod/v1/api/v1/entries/BiuRBghVF7nspxX4NkM7oOW8KjtB/raw/CHGCAR.bz2,56380751,5225472,21,,,,2gWjvlhHTEqE85zHVCPFkw,clean fcc metal surfaces,24.156753,,
nomad-CHORxT-fP4dV,dev_slab,slab,NOMAD surfaces/adsorbates,Ga10N11H1,48x48x640,b7de81180213160389ca3727f876280addfcd9ca427dc2ac64d3ab51cbff6608,https://nomad-lab.eu/prod/v1/api/v1/entries/CHORxT-fP4dVl696SWM_5DvmVBcH/raw/CHGCAR,26865364,1474560,22,,,,reTvTXQBTiSwmntKl7EmAQ,"GaN electrochemical surfaces, with AECCARs",46.25835,,
nomad-E0rr8BI_hRlR,dev_slab,slab,NOMAD surfaces/adsorbates,Ru16C3O34H1,96x96x420,258bf2d36e4ea37b3ea7902482eb27c8de73fcdbbd3822e277b1a95a4b17dd16,https://nomad-lab.eu/prod/v1/api/v1/entries/E0rr8BI_hRlRX3acTPt0zMtbDmcm/raw/CHGCAR,70503181,3870720,54,,,,qM7AMKciQ7GRVR8rCNm0mw,"RuO2 CO2RR, adsorbate and spectator variations",27.831346,,
nomad-Ek0B30z0bVyP,dev_slab,slab,NOMAD surfaces/adsorbates,Ru16C4O34H3,96x96x420,df59e97c71276bc64fbac23d3c1903e4bf28dc541f50d194a9725d26de8e52fe,https://nomad-lab.eu/prod/v1/api/v1/entries/Ek0B30z0bVyPO_1RTKVsDPaIU5CT/raw/CHGCAR,70504331,3870720,57,,,,qM7AMKciQ7GRVR8rCNm0mw,"RuO2 CO2RR, adsorbate and spectator variations",27.831346,,
nomad-FPTBoTAPMQA8,dev_slab,slab,NOMAD surfaces/adsorbates,Ga15N15H2H1,108x48x400,3abb9c116ef20e5ea9a834f6103494801849e81f4cde71bbb03f272d78c03865,https://nomad-lab.eu/prod/v1/api/v1/entries/FPTBoTAPMQA8Ch6K4d4RtZwX0Jt9/raw/CHGCAR,37781559,2073600,33,,,,reTvTXQBTiSwmntKl7EmAQ,"GaN electrochemical surfaces, with AECCARs",30.214294,,
nomad-FVlJ8rpkyGT5,dev_slab,slab,NOMAD surfaces/adsorbates,Ga15N15,108x48x400,98fecdbc893b109d43e288b03ac1e3853fedd9f67a6f920c4326518c5f923a17,https://nomad-lab.eu/prod/v1/api/v1/entries/FVlJ8rpkyGT5Kn2s6ltxNmis9e6e/raw/CHGCAR,37780665,2073600,30,,,,reTvTXQBTiSwmntKl7EmAQ,"GaN electrochemical surfaces, with AECCARs",30.214294,,
nomad-M8BV9zowas8w,dev_slab,slab,NOMAD surfaces/adsorbates,H4C1O31Ru16,96x96x420,c14b56510ee67cedceb4b59c27d9d1c4c84c810578910f19bc1575ab03833559,https://nomad-lab.eu/prod/v1/api/v1/entries/M8BV9zowas8wUE0XaPRMfE_FYprJ/raw/CHGCAR,70501227,3870720,52,,,,qM7AMKciQ7GRVR8rCNm0mw,"RuO2 CO2RR, adsorbate and spectator variations",27.831346,,
nomad-MgLl-OZz9clr,dev_slab,slab,NOMAD surfaces/adsorbates,Ga2N2,48x48x72,e95f90d39c3e895030c249b30ea51c6a3f9edfd26708246ad205e2c24f99ded7,https://nomad-lab.eu/prod/v1/api/v1/entries/MgLl-OZz9clrtySV8xWXWi2Y92KU/raw/CHGCAR,3024845,165888,4,,,,reTvTXQBTiSwmntKl7EmAQ,"GaN electrochemical surfaces, with AECCARs",5.14904,,
nomad-Q4xDULo89hwd,dev_slab,slab,NOMAD surfaces/adsorbates,Ga22N22,72x108x420,49f6a7e3ef727450a7cd14da8e5dda22a4fd4132d85141159d4a64561bafec36,https://nomad-lab.eu/prod/v1/api/v1/entries/Q4xDULo89hwdIcJlNUNdu3sQgXO1/raw/CHGCAR,59499985,3265920,44,,,,reTvTXQBTiSwmntKl7EmAQ,"GaN electrochemical surfaces, with AECCARs",31.826924,,
nomad-SzuB_oB4XzfT,dev_slab,slab,NOMAD surfaces/adsorbates,Ga22N22H2H2,72x108x420,feefb6ea8e8759aa15514fe82fab305984cbdc22acfd6f799b075d1036e91aec,https://nomad-lab.eu/prod/v1/api/v1/entries/SzuB_oB4XzfTWnGQIiTiG6WbphRM/raw/CHGCAR,59501171,3265920,48,,,,reTvTXQBTiSwmntKl7EmAQ,"GaN electrochemical surfaces, with AECCARs",31.826924,,
nomad-VNlX3_0OCG9w,dev_slab,slab,NOMAD surfaces/adsorbates,Ga11N10H1,48x48x640,825bdac264f58a5e0d757457b2d24e2cc895a063ce847f929837e26f14d315aa,https://nomad-lab.eu/prod/v1/api/v1/entries/VNlX3_0OCG9wCnlEhR2y6lXGDM9y/raw/CHGCAR,26866960,1474560,22,,,,reTvTXQBTiSwmntKl7EmAQ,"GaN electrochemical surfaces, with AECCARs",46.25835,,
nomad-VyA9ivUfcKNR,dev_slab,slab,NOMAD surfaces/adsorbates,H3C1O32Ru16,96x96x420,c56b99bb63e365f5b797f84f89be3f3bbf6b44e4dba57367ea58f24b7d47a12b,https://nomad-lab.eu/prod/v1/api/v1/entries/VyA9ivUfcKNRhWhgF8wThRlp73SH/raw/CHGCAR,70501501,3870720,52,,,,qM7AMKciQ7GRVR8rCNm0mw,"RuO2 CO2RR, adsorbate and spectator variations",27.831346,,
nomad-WjYAcipcgiRI,dev_slab,slab,NOMAD surfaces/adsorbates,Ga16N14H2,80x48x448,4db48bc75b5bc11c7aeb8b50780ec275fba42aa32ed4fb82bceb16f56d46acf0,https://nomad-lab.eu/prod/v1/api/v1/entries/WjYAcipcgiRI5PX0MkpKutLulu_z/raw/CHGCAR,31353158,1720320,32,,,,reTvTXQBTiSwmntKl7EmAQ,"GaN electrochemical surfaces, with AECCARs",34.228328,,
nomad-Z7Uu-1P6k4r9,dev_slab,slab,NOMAD surfaces/adsorbates,Ru16C4O34H4,96x96x420,0cc9d91d418b8bc719b318d63b2520d3a49425ab837546d53efb84293fb4bf7a,https://nomad-lab.eu/prod/v1/api/v1/entries/Z7Uu-1P6k4r9viZubQMx939aybOb/raw/CHGCAR,70504623,3870720,58,,,,qM7AMKciQ7GRVR8rCNm0mw,"RuO2 CO2RR, adsorbate and spectator variations",27.831346,,
nomad-ZvTQv6REajO4,dev_slab,slab,NOMAD surfaces/adsorbates,H1C1O32Ru16,96x96x420,b038650f165d874a57ae88373bedf2bd47a2cbed95101a7321aea78d55bb4cf7,https://nomad-lab.eu/prod/v1/api/v1/entries/ZvTQv6REajO4sxs5U_DFwlIRX-9-/raw/CHGCAR,70500917,3870720,50,,,,qM7AMKciQ7GRVR8rCNm0mw,"RuO2 CO2RR, adsorbate and spectator variations",27.831346,,
aflow-Al1C1Ta2_ICSD_606258,ext_bulk,bulk,AFLOW ICSD_WEB,Al2C2Ta4,36x36x160,a5f190502f8918488e237c16f70d1cd1cfe2dd2cca6af8ac5513577dfe07ed52,https://aflowlib.duke.edu/AFLOWDATA/ICSD_WEB/HEX/Al1C1Ta2_ICSD_606258/CHGCAR.static.xz,401464,207360,8,,,194.0,,,,,AFLOW consortium terms; see aflow.org
aflow-Al1Li1O6Si2_ICSD_159530,ext_bulk,bulk,AFLOW ICSD_WEB,Al2Li2O12Si4,70x70x56,c320a4944acd1a93bf127a950abe4abfe50e244a33ecc12f59ba839106351e98,https://aflowlib.duke.edu/AFLOWDATA/ICSD_WEB/MCLC/Al1Li1O6Si2_ICSD_159530/CHGCAR.static.xz,900292,274400,20,,,15.0,,,,,AFLOW consortium terms; see aflow.org
aflow-Al1N1Ti2_ICSD_184882,ext_bulk,bulk,AFLOW ICSD_WEB,Al2N2Ti4,32x32x150,df0af8690008304059b323d47eaefeab5abc7a01465b49e0d5a72aaa32015b05,https://aflowlib.duke.edu/AFLOWDATA/ICSD_WEB/HEX/Al1N1Ti2_ICSD_184882/CHGCAR.static.xz,299180,153600,8,,,194.0,,,,,AFLOW consortium terms; see aflow.org
aflow-Al1Pd2_ICSD_58115,ext_bulk,bulk,AFLOW ICSD_WEB,Al4Pd8,40x54x80,eb4f25c31771770fb80e58a9afe21c48b79edcc6fad42f9cb40919ebbc2779ef,https://aflowlib.duke.edu/AFLOWDATA/ICSD_WEB/ORC/Al1Pd2_ICSD_58115/CHGCAR.static.xz,160780,172800,12,,,62.0,,,,,AFLOW consortium terms; see aflow.org
aflow-Al2Ba2Ga1.33_ICSD_415931,ext_bulk,bulk,AFLOW ICSD_WEB,Al6Ba6Ga4,72x72x180,d2b3dc41987fd4fbb15cd1c199b83395bd0bb99187cf69eb945fb4b2530bcc37,https://aflowlib.duke.edu/AFLOWDATA/ICSD_WEB/HEX/Al2Ba2Ga1.33_ICSD_415931/CHGCAR.static.xz,1864000,933120,16,,,194.0,,,,,AFLOW consortium terms; see aflow.org
aflow-Al7Cu16H9Zr6_ICSD_76304,ext_bulk,bulk,AFLOW ICSD_WEB,Al7Cu16H9Zr6,108x108x108,818138fafa6d3bd58f534106d0f929f98f4ba226ad17a3b95d9943ef30932241,https://aflowlib.duke.edu/AFLOWDATA/ICSD_WEB/FCC/Al7Cu16H9Zr6_ICSD_76304/CHGCAR.static.xz,3994412,1259712,38,,,225.0,,,,,AFLOW consortium terms; see aflow.org
aflow-Al8Cu4U1_ICSD_601801,ext_bulk,bulk,AFLOW ICSD_WEB,Al8Cu4U1,84x84x84,22923c24a66d5de531e672776f05b2a343bdbd60d659bd303aed1f9921c1690b,https://aflowlib.duke.edu/AFLOWDATA/ICSD_WEB/BCT/Al8Cu4U1_ICSD_601801/CHGCAR.static.xz,3837960,592704,13,,,139.0,,,,,AFLOW consortium terms; see aflow.org
aflow-As4Ge2Sr3_ICSD_16454,ext_bulk,bulk,AFLOW ICSD_WEB,As16Ge8Sr12,224x90x90,443baa440f7c6cb6c0f871bf01a63861102e301913a36a137bae3c39855f8a39,https://aflowlib.duke.edu/AFLOWDATA/ICSD_WEB/MCL/As4Ge2Sr3_ICSD_16454/CHGCAR.static.xz,3812508,1814400,36,,,14.0,,,,,AFLOW consortium terms; see aflow.org
aflow-Au2Ge2Nd1_ICSD_164730,ext_bulk,bulk,AFLOW ICSD_WEB,Au2Ge2Nd1,72x72x72,c091fd9839d607ebbf0769ca48f82676233be2599f4d29a859ed12b98ed192ea,https://aflowlib.duke.edu/AFLOWDATA/ICSD_WEB/BCT/Au2Ge2Nd1_ICSD_164730/CHGCAR.static.xz,2446172,373248,5,,,139.0,,,,,AFLOW consortium terms; see aflow.org
aflow-B0.667N0.667_ICSD_162872,ext_bulk,bulk,AFLOW ICSD_WEB,B2N2,56x56x168,23ea1abbfec468572d2a0f0c0671eb38f81dbcad568f3bc365cfaa867aa824d3,https://aflowlib.duke.edu/AFLOWDATA/ICSD_WEB/HEX/B0.667N0.667_ICSD_162872/CHGCAR.static.xz,2398152,526848,4,,,187.0,,,,,AFLOW consortium terms; see aflow.org
aflow-B1C1F6K1_ICSD_1194,ext_bulk,bulk,AFLOW ICSD_WEB,B4C4F24K4,240x70x90,f1ba0a20ec8a0a1e7eb183e6906ec255bfa845e470b91e644e564639f163a7c6,https://aflowlib.duke.edu/AFLOWDATA/ICSD_WEB/MCL/B1C1F6K1_ICSD_1194/CHGCAR.static.xz,3197708,1512000,36,,,14.0,,,,,AFLOW consortium terms; see aflow.org
aflow-B1Ni2_ICSD_75792,ext_bulk,bulk,AFLOW ICSD_WEB,B2Ni4,56x56x56,76cdec612b566e72484abba3550bc925c0831fa09c3f2fb6ada7a93ed3e4ae90,https://aflowlib.duke.edu/AFLOWDATA/ICSD_WEB/BCT/B1Ni2_ICSD_75792/CHGCAR.static.xz,540012,175616,6,,,140.0,,,,,AFLOW consortium terms; see aflow.org
aflow-B6Co21Mn2_ICSD_613157,ext_bulk,bulk,AFLOW ICSD_WEB,B6Co21Mn2,108x108x108,89fd8a21b727993d6cb8b630752ea1046729560dfcad61a53fd0dce679690f5d,https://aflowlib.duke.edu/AFLOWDATA/ICSD_WEB/FCC/B6Co21Mn2_ICSD_613157/CHGCAR.static.xz,8127872,1259712,29,,,225.0,,,,,AFLOW consortium terms; see aflow.org
aflow-B6H2O13Sr3_ICSD_262541,ext_bulk,bulk,AFLOW ICSD_WEB,B12H4O26Sr6,140x140x240,b60545704344f1fe9f44d30af5b4ec208b9efaf0d05be4655d4e46115d6e89a5,https://aflowlib.duke.edu/AFLOWDATA/ICSD_WEB/TRI/B6H2O13Sr3_ICSD_262541/CHGCAR.static.xz,21166192,4704000,48,,,2.0,,,,,AFLOW consortium terms; see aflow.org
aflow-Ba1C1Si1_ICSD_168412,ext_bulk,bulk,AFLOW ICSD_WEB,Ba8C8Si8,70x98x126,022452068585e7a65aa2e3c9d610069c7178971f43d32f8732ba09055b0c3ff7,https://aflowlib.duke.edu/AFLOWDATA/ICSD_WEB/ORC/Ba1C1Si1_ICSD_168412/CHGCAR.static.xz,783492,864360,24,,,62.0,,,,,AFLOW consortium terms; see aflow.org
aflow-C1_ICSD_290661,ext_bulk,bulk,AFLOW ICSD_WEB,C4,28x28x96,2fb6e7c1cd3e8fdc4b696e5ac7ba7bd9a303e689b1e3feb64d4b30a48bd20056,https://aflowlib.duke.edu/AFLOWDATA/ICSD_WEB/HEX/C1_ICSD_290661/CHGCAR.static.xz,146004,75264,4,,,194.0,,,,,AFLOW consortium terms; see aflow.org
aflow-Ca1O4U1_ICSD_246962,ext_bulk,bulk,AFLOW ICSD_WEB,Ca1O4U1,70x70x70,ca9edf3341b85f5e2cf619db5a2d68501985069748ed12387767877e67dda00c,https://aflowlib.duke.edu/AFLOWDATA/ICSD_WEB/RHL/Ca1O4U1_ICSD_246962/CHGCAR.static.xz,1022116,343000,6,,,166.0,,,,,AFLOW consortium terms; see aflow.org
aflow-Ca3O12Sc2Si3_ICSD_156537,ext_bulk,bulk,AFLOW ICSD_WEB,Ca12O48Sc8Si12,120x120x120,21af0d3fcc6fc7795e80839cc279cf7df2009ebae9eded6eb4b6121f15493705,https://aflowlib.duke.edu/AFLOWDATA/ICSD_WEB/BCC/Ca3O12Sc2Si3_ICSD_156537/CHGCAR.static.xz,5664308,1728000,80,,,230.0,,,,,AFLOW consortium terms; see aflow.org
aflow-Ce1O4Sr2_ICSD_86768,ext_bulk,bulk,AFLOW ICSD_WEB,Ce2O8Sr4,40x70x120,cf3274f63241690ee669842c4543215a4d607c329b4e2e49a5bb7768db6578af,https://aflowlib.duke.edu/AFLOWDATA/ICSD_WEB/ORC/Ce1O4Sr2_ICSD_86768/CHGCAR.static.xz,309504,336000,14,,,55.0,,,,,AFLOW consortium terms; see aflow.org
aflow-Cl1H2Nd1O2_ICSD_20047,ext_bulk,bulk,AFLOW ICSD_WEB,Cl2H4Nd2O4,42x70x80,f84f677a5e1518357e3f1a889e27165b127f96d63f4f28a20bcf31e64c6a0305,https://aflowlib.duke.edu/AFLOWDATA/ICSD_WEB/MCL/Cl1H2Nd1O2_ICSD_20047/CHGCAR.static.xz,982992,235200,12,,,11.0,,,,,AFLOW consortium terms; see aflow.org
aflow-Cl1O12Pb5V3_ICSD_203074,ext_bulk,bulk,AFLOW ICSD_WEB,Cl2O24Pb10V6,120x120x80,eb5872d5229ab8e3f7360c0add9e8619cf357bff1e11a7e494b68f2d5c36e983,https://aflowlib.duke.edu/AFLOWDATA/ICSD_WEB/HEX/Cl1O12Pb5V3_ICSD_203074/CHGCAR.static.xz,2437424,1152000,42,,,176.0,,,,,AFLOW consortium terms; see aflow.org
aflow-Co2Nd1_ICSD_154732,ext_bulk,bulk,AFLOW ICSD_WEB,Co4Nd2,54x54x54,1d0764f8489f4a5ae44d74bc72f68148fbf687a1dc93a748c195e3b235d9f72a,https://aflowlib.duke.edu/AFLOWDATA/ICSD_WEB/BCT/Co2Nd1_ICSD_154732/CHGCAR.static.xz,506208,157464,6,,,227.0,,,,,AFLOW consortium terms; see aflow.org
aflow-Cr1Sb1_ICSD_626687,ext_bulk,bulk,AFLOW ICSD_WEB,Cr2Sb2,40x40x64,ae47ce64b15a506e84e27de522359d7ae3a6dd6abeb2cbecaaedd8cf86eb92eb,https://aflowlib.duke.edu/AFLOWDATA/ICSD_WEB/HEX/Cr1Sb1_ICSD_626687/CHGCAR.static.xz,403016,102400,4,,,194.0,,,,,AFLOW consortium terms; see aflow.org
aflow-Cs1In3_ICSD_102867,ext_bulk,bulk,AFLOW ICSD_WEB,Cs3In9,96x96x96,24fe0c3fa53b3afe6211d6fbb9307006e4ebe8403eb0f13616908f8259943d71,https://aflowlib.duke.edu/AFLOWDATA/ICSD_WEB/BCT/Cs1In3_ICSD_102867/CHGCAR.static.xz,3631180,884736,12,,,119.0,,,,,AFLOW consortium terms; see aflow.org
aflow-Cu1Hf1Hg2_ICSD_102969,ext_bulk,bulk,AFLOW ICSD_WEB,Cu1Hf1Hg2,56x56x56,2a7e0e7a596a8ba7a1fb0ded401739f3a2acc0d9cab42c5e3f0f1d4859eaeb89,https://aflowlib.duke.edu/AFLOWDATA/ICSD_WEB/FCC/Cu1Hf1Hg2_ICSD_102969/CHGCAR.static.xz,560148,175616,4,,,216.0,,,,,AFLOW consortium terms; see aflow.org
aflow-Cu1Sb1Se2_ICSD_30358,ext_bulk,bulk,AFLOW ICSD_WEB,Cu4Sb4Se8,48x80x180,cb8f74ef1eab741ab05ad0fe4da0367ec39420c3e20f5dbbc7e9bb6262c6aa1b,https://aflowlib.duke.edu/AFLOWDATA/ICSD_WEB/ORC/Cu1Sb1Se2_ICSD_30358/CHGCAR.static.xz,717000,691200,16,,,62.0,,,,,AFLOW consortium terms; see aflow.org
aflow-Er2O3_ICSD_419435,ext_bulk,bulk,AFLOW ICSD_WEB,Er6O9,80x80x96,3c896fa57f7418193cae9e946672a496ba13de44a53d5f0556f47e845fcb7fe6,https://aflowlib.duke.edu/AFLOWDATA/ICSD_WEB/MCLC/Er2O3_ICSD_419435/CHGCAR.static.xz,2008692,614400,15,,,12.0,,,,,AFLOW consortium terms; see aflow.org
aflow-F2Mn1_ICSD_63569,ext_bulk,bulk,AFLOW ICSD_WEB,F4Mn2,54x54x36,41f2ba205c6feb569d914cb29ead62434258576381d12db0015cafd4c759d951,https://aflowlib.duke.edu/AFLOWDATA/ICSD_WEB/TET/F2Mn1_ICSD_63569/CHGCAR.static.xz,233000,104976,6,,,136.0,,,,,AFLOW consortium terms; see aflow.org
aflow-H3Ni1Zr1_ICSD_658750,ext_bulk,bulk,AFLOW ICSD_WEB,H6Ni2Zr2,64x64x50,85fd0854f6bc31e93829d21faccd6849a0f1d5f6cdb67e146da0f1b0c5f42d1b,https://aflowlib.duke.edu/AFLOWDATA/ICSD_WEB/ORCC/H3Ni1Zr1_ICSD_658750/CHGCAR.static.xz,331328,204800,10,,,63.0,,,,,AFLOW consortium terms; see aflow.org
aflow-H4Si1_ICSD_159307,ext_bulk,bulk,AFLOW ICSD_WEB,H16Si4,40x64x64,8fe17de2267e1d034e2eb6627822df0358d048afa9ca3b0ef4be161cd01f8c58,https://aflowlib.duke.edu/AFLOWDATA/ICSD_WEB/MCL/H4Si1_ICSD_159307/CHGCAR.static.xz,331364,163840,20,,,14.0,,,,,AFLOW consortium terms; see aflow.org
aflow-Mo3Na1O16P3_ICSD_66877,ext_bulk,bulk,AFLOW ICSD_WEB,Mo6Na2O32P6,140x280x160,5691b57d4049c319fbd87762e757556b733419398dd8b7e58329a6ac863e2178,https://aflowlib.duke.edu/AFLOWDATA/ICSD_WEB/TRI/Mo3Na1O16P3_ICSD_66877/CHGCAR.static.xz,60401724,6272000,46,,,2.0,,,,,AFLOW consortium terms; see aflow.org
aflow-Na10Sn12Yb1_ICSD_172210,ext_bulk,bulk,AFLOW ICSD_WEB,Na10Sn12Yb1,140x140x140,5c6c56da5859cdd5e23773997bae6840ee1ff27335ef9f952109e0fbe132e267,https://aflowlib.duke.edu/AFLOWDATA/ICSD_WEB/BCC/Na10Sn12Yb1_ICSD_172210/CHGCAR.static.xz,8450268,2744000,23,,,217.0,,,,,AFLOW consortium terms; see aflow.org
aflow-Ni1_ICSD_181716,ext_bulk,bulk,AFLOW ICSD_WEB,Ni1,28x28x28,f982166bd63abc4133218541bb9b72d7073a78847e5131be9e042e9aad37ef16,https://aflowlib.duke.edu/AFLOWDATA/ICSD_WEB/FCC/Ni1_ICSD_181716/CHGCAR.static.xz,125792,21952,1,,,225.0,,,,,AFLOW consortium terms; see aflow.org
aflow-O2Si1_ICSD_170531,ext_bulk,bulk,AFLOW ICSD_WEB,O16Si8,140x128x64,800dfeca2a085fb2348e01d9c8448adaa06ad04ea4df3a52c54202a21376ab63,https://aflowlib.duke.edu/AFLOWDATA/ICSD_WEB/MCLC/O2Si1_ICSD_170531/CHGCAR.static.xz,4950772,1146880,24,,,70.0,,,,,AFLOW consortium terms; see aflow.org
aflow-O7V2Zr1_ICSD_84883,ext_bulk,bulk,AFLOW ICSD_WEB,O28V8Zr4,96x96x96,1014c2fa7828294ebf1af554f70f5ebd18f191bee8b1478855ea5c92d0602385,https://aflowlib.duke.edu/AFLOWDATA/ICSD_WEB/CUB/O7V2Zr1_ICSD_84883/CHGCAR.static.xz,1076684,884736,40,,,205.0,,,,,AFLOW consortium terms; see aflow.org
aflow-Pa1_ICSD_648329,ext_bulk,bulk,AFLOW ICSD_WEB,Pa1,32x32x32,bfdcde6aae94d9c497c8e37ffe021e8e917b4b6955ebe7761a499eeacfc81efd,https://aflowlib.duke.edu/AFLOWDATA/ICSD_WEB/BCT/Pa1_ICSD_648329/CHGCAR.static.xz,97084,32768,1,,,139.0,,,,,AFLOW consortium terms; see aflow.org
aflow-Pt5Se4_ICSD_87926,ext_bulk,bulk,AFLOW ICSD_WEB,Pt10Se8,42x60x108,b4c16fe4b60132935f39fbb15d3a0d0d3c8dbe7cde1ae98fc04cc9f625201f9d,https://aflowlib.duke.edu/AFLOWDATA/ICSD_WEB/MCL/Pt5Se4_ICSD_87926/CHGCAR.static.xz,584232,272160,18,,,14.0,,,,,AFLOW consortium terms; see aflow.org
nomad2d--B4E6JXJAJsP,ext_vacuum2d,vacuum2d,NOMAD structural_type=2D,Mo2S4,48x48x324,2877a87e479ddb31bdece877257309128bb757d73991af1560463dbd0a7dc65d,https://nomad-lab.eu/prod/v1/api/v1/entries/-B4E6JXJAJsPFR5X0kjhbiyR4wTj/raw/CHGCAR.gz,9535830,746496,6,,,,,,21.670535,0.35911645876200277,NOMAD default CC BY 4.0; verify per upload
nomad2d--GTGzWfdnZfM,ext_vacuum2d,vacuum2d,NOMAD structural_type=2D,Bi2Se2,64x64x252,9f0a5164924b65df27aed5f297e9fd5d9dba5cbc41ffd066d05cd9e3f39f54b7,https://nomad-lab.eu/prod/v1/api/v1/entries/-GTGzWfdnZfMnWgJJ3eY-uk6oCoh/raw/CHGCAR.relax1.gz,11580587,1032192,4,,,,,,18.171891651625923,0.46638222346230157,NOMAD default CC BY 4.0; verify per upload
nomad2d--oZxTxEUsVxM,ext_vacuum2d,vacuum2d,NOMAD structural_type=2D,Mo1W1S4,56x56x384,2748fb9f283de7296e6f39306560ee38416611a213b603f09e9187abe8c0405d,https://nomad-lab.eu/prod/v1/api/v1/entries/-oZxTxEUsVxMWD6M2fUqrvEAb1Wj/raw/CHGCAR.relax1.gz,14382448,1204224,6,,,,,,22.382670000002705,0.3636233790391156,NOMAD default CC BY 4.0; verify per upload
nomad2d--poJgwk5QnYH,ext_vacuum2d,vacuum2d,NOMAD structural_type=2D,Te2Mo1W1Se2,56x56x384,22779503673af67e4bfac77c929719ba0642a9500f89c45263c49a532d699866,https://nomad-lab.eu/prod/v1/api/v1/entries/-poJgwk5QnYHsg3C_a0RxriAeQU_/raw/CHGCAR.gz,11940846,1204224,6,,,,,,24.428945,0.35591052827380953,NOMAD default CC BY 4.0; verify per upload
nomad2d-01AsrYzXZ0cy,ext_vacuum2d,vacuum2d,NOMAD structural_type=2D,Mo1W1Se4,56x56x360,4b99c0f8424f3f4da7d35c87ce4aea677e9127fa72bdf5dcda072fe0ceb22c6d,https://nomad-lab.eu/prod/v1/api/v1/entries/01AsrYzXZ0cygF_rmSpP-xRQ_73W/raw/CHGCAR.gz,14556985,1128960,6,,,,,,23.619322,0.3475065547052154,NOMAD default CC BY 4.0; verify per upload
nomad2d-03AViAQBOpvV,ext_vacuum2d,vacuum2d,NOMAD structural_type=2D,Te4W2,56x56x384,8ce7bc14eca2deb02d29e39d206c06081c6b75b9fcf5badd16997da7c2459ed4,https://nomad-lab.eu/prod/v1/api/v1/entries/03AViAQBOpvVpyVJLjDA6mlbIQEz/raw/CHGCAR.gz,11840935,1204224,6,,,,,,25.05413,0.349587784332483,NOMAD default CC BY 4.0; verify per upload
nomad2d-06Maeq8yNQaK,ext_vacuum2d,vacuum2d,NOMAD structural_type=2D,W2Se2S2,48x48x360,1790de9499341f86efecf9f27336de8acfdad9ebe6f3e0cbd8c945d7e6d24890,https://nomad-lab.eu/prod/v1/api/v1/entries/06Maeq8yNQaK567BzN-XQWSn61WK/raw/CHGCAR.gz,10406738,829440,6,,,,,,23.022902,0.36212263695987656,NOMAD default CC BY 4.0; verify per upload
nomad2d-0J6F9ROgTdMT,ext_vacuum2d,vacuum2d,NOMAD structural_type=2D,Mo2Se2S2,48x48x360,81f167fcc3bece3c1177944fc7170f661ac6ead969d7ef0f4179ae33196e66c7,https://nomad-lab.eu/prod/v1/api/v1/entries/0J6F9ROgTdMT-PeqfQrVeZXEbNzh/raw/CHGCAR.gz,8704146,829440,6,,,,,,22.986058,0.36210816936728396,NOMAD default CC BY 4.0; verify per upload
nomad2d-0KKvLZ7KNaqG,ext_vacuum2d,vacuum2d,NOMAD structural_type=2D,Sn2S2,64x64x168,8894e3d9ea8fdda19c2530252fe9255f0511f1e746cfde9e5cf3297ad0041fd7,https://nomad-lab.eu/prod/v1/api/v1/entries/0KKvLZ7KNaqGXLLWm4BSut3PBBur/raw/CHGCAR.gz,9339840,688128,4,,,,,,11.041095273297573,0.3024408249627976,NOMAD default CC BY 4.0; verify per upload
nomad2d-0XHkHlmw3DQ_,ext_vacuum2d,vacuum2d,NOMAD structural_type=2D,Cd1S1,64x64x108,3eb04eb71d6b60186279aa91c40a10c899bcfb5bc55dd463710af55c6b3f38a6,https://nomad-lab.eu/prod/v1/api/v1/entries/0XHkHlmw3DQ_31aktyiWvSeDvnl-/raw/CHGCAR.relax1.gz,5187557,442368,2,,,,,,5.92118,0.16594102647569445,NOMAD default CC BY 4.0; verify per upload
nomad2d-0a2YWO4Ir7mi,ext_vacuum2d,vacuum2d,NOMAD structural_type=2D,Co1O2,48x48x196,980ecb85953c9c92dea524ab14c0e6345133017df111bd7c93ade082a6eaa918,https://nomad-lab.eu/prod/v1/api/v1/entries/0a2YWO4Ir7mi7qV-Uy7e-O7Sw5rB/raw/CHGCAR.gz,5855156,451584,3,,,,,,13.017649407871223,0.5020062712585034,NOMAD default CC BY 4.0; verify per upload
nomad2d-0qZgP0AV8Gk8,ext_vacuum2d,vacuum2d,NOMAD structural_type=2D,Te2Mo1W1S2,56x56x384,8746d27c853e9640e23dbc633669c81c6673535a3570b5c4aab9074cd4d9bc83,https://nomad-lab.eu/prod/v1/api/v1/entries/0qZgP0AV8Gk8lnWgOObvzOua0BsH/raw/CHGCAR.relax1.gz,14615402,1204224,6,,,,,,23.872279000370494,0.35920642671130953,NOMAD default CC BY 4.0; verify per upload
nomad2d-1M5XVUL3-6vX,ext_vacuum2d,vacuum2d,NOMAD structural_type=2D,Cd1Br2,40x40x240,17844b07388dc89f5e22ce5ef1c9fd6aac072c6389336bbeeeaa377adfdc85c9,https://nomad-lab.eu/prod/v1/api/v1/entries/1M5XVUL3-6vXIKYtq7JB0BCUEE0u/raw/CHGCAR,6993691,384000,3,,,,,,23.104826,0.6536484375,NOMAD default CC BY 4.0; verify per upload
nomad2d-1_3Aeqri4-hc,ext_vacuum2d,vacuum2d,NOMAD structural_type=2D,Mo2Se4,56x56x384,1d039b79f28767222fc4e2bed6e2bc8599720cd8488af886f85c1df1fe7266e8,https://nomad-lab.eu/prod/v1/api/v1/entries/1_3Aeqri4-hcws2iWMWA2GEShRwr/raw/CHGCAR.relax1.gz,13230846,1204224,6,,,,,,25.451423,0.3800547074298469,NOMAD default CC BY 4.0; verify per upload
nomad2d-25gGmM0frydq,ext_vacuum2d,vacuum2d,NOMAD structural_type=2D,W2Se2S2,48x48x360,ad447d1aecc7d5655b33acae46bf448d1c1321b2437c59d72ec455b817c674c7,https://nomad-lab.eu/prod/v1/api/v1/entries/25gGmM0frydq2fdaovXHZkFYYEEX/raw/CHGCAR.gz,8463819,829440,6,,,,,,23.022902,0.3621841242283951,NOMAD default CC BY 4.0; verify per upload
nomad2d-2A-QzAIQ7zUi,ext_vacuum2d,vacuum2d,NOMAD structural_type=2D,W1S2,48x48x256,9bc39f14e8c5fbdc1502399a7a49fa42c7fb89050b36279ed128c5be0cb8bd3d,https://nomad-lab.eu/prod/v1/api/v1/entries/2A-QzAIQ7zUiADWeKc64Q397ACnj/raw/CHGCAR.gz,5602848,589824,3,,,,,,17.101201,0.5445726182725694,NOMAD default CC BY 4.0; verify per upload
nomad2d-2H4rlyMxb2Lt,ext_vacuum2d,vacuum2d,NOMAD structural_type=2D,Te2Mo2Se2,56x56x384,24476bee47c239afdf84e15643b2488aa853bc5ced2cdeb6438df582ed3d0048,https://nomad-lab.eu/prod/v1/api/v1/entries/2H4rlyMxb2LtDEefbeGEhgyG0d1H/raw/CHGCAR.gz,15297980,1204224,6,,,,,,24.365285,0.3551075215242347,NOMAD default CC BY 4.0; verify per upload
nomad2d-2KcZ7wrCEYsv,ext_vacuum2d,vacuum2d,NOMAD structural_type=2D,Zr1F4,64x64x300,0c11840c47f8345bb0f08dbdf7c820bb5eef49361896735e2c5f13af0d8c7636,https://nomad-lab.eu/prod/v1/api/v1/entries/2KcZ7wrCEYsvXHZxhY0ox1MnW5oQ/raw/CHGCAR.gz,10570303,1228800,5,,,,,,19.585596,0.6849690755208333,NOMAD default CC BY 4.0; verify per upload
nomad2d-2OB-b56O56z1,ext_vacuum2d,vacuum2d,NOMAD structural_type=2D,Sn1Ge1,64x64x192,e03642baa522c6d11bad15bc2b847577b47870c6d7990bb662c8005d1b238944,https://nomad-lab.eu/prod/v1/api/v1/entries/2OB-b56O56z1by2lEUzpMdQPnitm/raw/CHGCAR.gz,10287262,786432,2,,,,,,12.586198,0.5282681783040365,NOMAD default CC BY 4.0; verify per upload
nomad2d-36OeWXGAtZ8e,ext_vacuum2d,vacuum2d,NOMAD structural_type=2D,Te2W2S2,72x72x480,00771a8b63419be325993faec59220f003dce425e7f34e104f7b76c25842eb80,https://nomad-lab.eu/prod/v1/api/v1/entries/36OeWXGAtZ8e3Lc0H3APasGehLhY/raw/CHGCAR.gz,31720562,2488320,6,,,,,,23.962194000060844,0.3588175958076132,NOMAD default CC BY 4.0; verify per upload
nomad2d-3Api7db6z5lU,ext_vacuum2d,vacuum2d,NOMAD structural_type=2D,V1S2,48x56x420,b37e75c3c65b3fe0d58b09528ffd0c9c9af6d0c9446efb619a005b882f797940,https://nomad-lab.eu/prod/v1/api/v1/entries/3Api7db6z5lUx0XHZoN_cz5cZrqr/raw/CHGCAR.gz,8950802,1128960,3,,,,,,28.14962,0.7014810090702948,NOMAD default CC BY 4.0; verify per upload
nomad2d-3I6dBXihz7G1,ext_vacuum2d,vacuum2d,NOMAD structural_type=2D,Cd1S1,64x64x96,7702da99471d808bfe84e72e9ae940a9f5904cf35e7dabe8e70c31829072a6d9,https://nomad-lab.eu/prod/v1/api/v1/entries/3I6dBXihz7G1zW-1JJhYAYzj7cig/raw/CHGCAR.gz,5122169,393216,2,,,,,,5.92118,0.1648585001627604,NOMAD default CC BY 4.0; verify per upload
nomad2d-3h-SYwcAlhgZ,ext_vacuum2d,vacuum2d,NOMAD structural_type=2D,Te4Mo1W1,56x56x384,16f68956a4302aa6147eb5b9fb123cbec93d6a53a15322428a4367c07272d3f4,https://nomad-lab.eu/prod/v1/api/v1/entries/3h-SYwcAlhgZvBEYfKYz_AJKufhf/raw/CHGCAR.gz,14811252,1204224,6,,,,,,25.048577,0.34840195843962585,NOMAD default CC BY 4.0; verify per upload
nomad2d-3l4MNOykb4O5,ext_vacuum2d,vacuum2d,NOMAD structural_type=2D,Te4W2,56x56x384,8380c7b89104a974201787949a591e49bd7a5e44af4162c7a0e7a5fa458c416b,https://nomad-lab.eu/prod/v1/api/v1/entries/3l4MNOykb4O5LmNOovXpaBWj0A7U/raw/CHGCAR.gz,14938224,1204224,6,,,,,,25.05413,0.3489317602040816,NOMAD default CC BY 4.0; verify per upload
nomad2d-4-v5dMHX5BhP,ext_vacuum2d,vacuum2d,NOMAD structural_type=2D,Te2W2Se2,56x56x384,8229dcfb8ac50322d9d0bfd286b2b7ddeb34c3396bea793e6c3765d10e56eb5e,https://nomad-lab.eu/prod/v1/api/v1/entries/4-v5dMHX5BhPJ-bLVRS1vRzUj4_4/raw/CHGCAR.gz,15131098,1204224,6,,,,,,24.474129,0.35590056335034015,NOMAD default CC BY 4.0; verify per upload
nomad2d-48ChW422P29g,ext_vacuum2d,vacuum2d,NOMAD structural_type=2D,Pb2S2,64x64x168,4a4fc31cebdc219de328a795370dd46701468937ae1917e5ec39817a869e51a2,https://nomad-lab.eu/prod/v1/api/v1/entries/48ChW422P29gl1JQkf32WkWDIO3I/raw/CHGCAR.gz,7840255,688128,4,,,,,,11.312144976437759,0.3263666062127976,NOMAD default CC BY 4.0; verify per upload
nomad2d-4VDDyQdQUYnl,ext_vacuum2d,vacuum2d,NOMAD structural_type=2D,La2Se2,64x64x256,19395102d1cf8926658c2e72d65d7c5948d5e53843d8943433e1f92cb9425871,https://nomad-lab.eu/prod/v1/api/v1/entries/4VDDyQdQUYnliXDOv1MLADmDWx6S/raw/CHGCAR.gz,14012981,1048576,4,,,,,,17.1520778648592,0.49138832092285156,NOMAD default CC BY 4.0; verify per upload
nomad2d-54HlfCLZu2_8,ext_vacuum2d,vacuum2d,NOMAD structural_type=2D,X01X11,64x64x96,f8cb9a01219186773ac3e3bd5565c10292db731f3b4e5d28f98b18208b51fc25,https://nomad-lab.eu/prod/v1/api/v1/entries/54HlfCLZu2_89VEGy5le1i1kjUwf/raw/CHGCAR.relax1.xz,777328,393216,2,,,,,,6.56672619482,0.23671976725260416,NOMAD default CC BY 4.0; verify per upload
