analysis,k,threshold_e,stratum,codec,n,n_certified,frac_certified,ratio_median,ratio_p10,ratio_p90
S1_no_exclusion,,0.0001,overall,sperr,254,61,0.24015748031496062,4.192169092301435,3.812959267383071,13.127531921439926
S1_no_exclusion,,0.0001,overall,sz3,254,49,0.19291338582677164,6.945854743316773,5.100249782257813,9.85853785549851
S1_no_exclusion,,0.0001,overall,zfp,254,119,0.468503937007874,7.551714091482956,5.740120064162525,10.860316426588541
S1_no_exclusion,,0.0001,bulk,sperr,186,54,0.2903225806451613,4.228142191859552,3.784657198672801,13.936914424384835
S1_no_exclusion,,0.0001,bulk,sz3,186,44,0.23655913978494625,6.394486603189531,4.947574103684981,8.337504043803968
S1_no_exclusion,,0.0001,bulk,zfp,186,88,0.4731182795698925,6.73252205100859,5.545409962780229,9.401362164811891
S1_no_exclusion,,0.0001,slab,sperr,68,7,0.10294117647058823,3.878422417640687,3.84568775484011,4.351589842482507
S1_no_exclusion,,0.0001,slab,sz3,68,5,0.07352941176470588,8.497344662116383,8.181939349827495,10.95848079104491
S1_no_exclusion,,0.0001,slab,zfp,68,31,0.45588235294117646,9.63330562510266,8.05624586335652,12.096340209568394
S3_inflated_threshold,2,0.0001,overall,sperr,254,214,0.84251968503937,6.079958334458041,4.074034949403128,46.13938144216719
S3_inflated_threshold,2,0.0001,overall,sz3,254,209,0.8228346456692913,13.040441525687427,6.14088746868504,75.20191258033564
S3_inflated_threshold,2,0.0001,overall,zfp,254,244,0.9606299212598425,13.863987277321787,7.286420764900469,36.61769493127144
S3_inflated_threshold,2,0.0001,bulk,sperr,186,164,0.8817204301075269,6.711677538708426,4.117263388494794,70.75628470191201
S3_inflated_threshold,2,0.0001,bulk,sz3,186,160,0.8602150537634409,12.781097030233266,5.857185457750657,73.18573625140603
S3_inflated_threshold,2,0.0001,bulk,zfp,186,178,0.956989247311828,11.438403256962197,6.885097526655021,35.75281418630271
S3_inflated_threshold,2,0.0001,slab,sperr,68,50,0.7352941176470589,4.8484966983328075,3.9863520444658778,8.891820091595601
S3_inflated_threshold,2,0.0001,slab,sz3,68,49,0.7205882352941176,14.198809119621568,8.481690622810325,220.53129006850466
S3_inflated_threshold,2,0.0001,slab,zfp,68,66,0.9705882352941176,17.590089721911024,10.650566469905833,45.074678167335605
S3_inflated_threshold,5,0.0001,overall,sperr,254,241,0.9488188976377953,7.472669740187695,4.46611105626111,72.66759144338177
S3_inflated_threshold,5,0.0001,overall,sz3,254,236,0.9291338582677166,23.775248173942607,7.405106305132585,154.13477991189666
S3_inflated_threshold,5,0.0001,overall,zfp,254,253,0.9960629921259843,20.01946980972686,8.672793442389727,54.58809690390892
S3_inflated_threshold,5,0.0001,bulk,sperr,186,182,0.978494623655914,8.352173745186212,4.478337370819569,87.26437132275719
S3_inflated_threshold,5,0.0001,bulk,sz3,186,179,0.9623655913978495,19.876890957481223,6.94981035092177,131.41430236218335
S3_inflated_threshold,5,0.0001,bulk,zfp,186,185,0.9946236559139785,16.797650791507746,8.269350478779275,52.00484611711022
S3_inflated_threshold,5,0.0001,slab,sperr,68,59,0.8676470588235294,5.942013936370883,4.4201913279027965,13.952342819272385
S3_inflated_threshold,5,0.0001,slab,sz3,68,57,0.8382352941176471,27.710806350156474,10.318879134556534,308.8653276028376
S3_inflated_threshold,5,0.0001,slab,zfp,68,68,1.0,25.602639129051575,14.31788932444584,75.04716186678041
S3_inflated_threshold,10,0.0001,overall,sperr,254,248,0.9763779527559056,8.712597128634824,5.072310056848612,89.16619884692379
S3_inflated_threshold,10,0.0001,overall,sz3,254,246,0.968503937007874,35.18898816098387,8.733900871907856,220.63671659998204
S3_inflated_threshold,10,0.0001,overall,zfp,254,254,1.0,24.699380225184726,10.644503559045146,67.12567440407204
S3_inflated_threshold,10,0.0001,bulk,sperr,186,186,1.0,11.078734675536555,5.007689825654479,123.44746356170532
S3_inflated_threshold,10,0.0001,bulk,sz3,186,183,0.9838709677419355,30.876337187291654,8.42634817336737,212.1380066155315
S3_inflated_threshold,10,0.0001,bulk,zfp,186,186,1.0,22.168190927117912,9.65306172764182,63.76009225595747
S3_inflated_threshold,10,0.0001,slab,sperr,68,62,0.9117647058823529,7.431364110768021,5.392748259878629,14.74696515721758
S3_inflated_threshold,10,0.0001,slab,sz3,68,63,0.9264705882352942,41.85171714198614,12.856872758047624,462.06819084735054
S3_inflated_threshold,10,0.0001,slab,zfp,68,68,1.0,34.411114270566415,16.38609837369085,80.1535032256682
S1_no_exclusion,,0.001,overall,sperr,254,144,0.5669291338582677,5.88077994365343,4.546598441984085,29.049192108466976
S1_no_exclusion,,0.001,overall,sz3,254,140,0.5511811023622047,13.230722764528547,8.209997135895879,20.640993489492658
S1_no_exclusion,,0.001,overall,zfp,254,168,0.6614173228346457,13.585849734412573,9.688578242008102,21.243277898438993
S1_no_exclusion,,0.001,bulk,sperr,186,109,0.5860215053763441,6.285302921229114,4.991392767506464,32.65498996962294
S1_no_exclusion,,0.001,bulk,sz3,186,106,0.5698924731182796,13.041879559013276,8.175182826700366,20.705467387758183
S1_no_exclusion,,0.001,bulk,zfp,186,128,0.6881720430107527,13.419367915727282,9.412211776919795,20.29636731947065
S1_no_exclusion,,0.001,slab,sperr,68,35,0.5147058823529411,5.096185360655501,4.041079126195223,5.719879132153712
S1_no_exclusion,,0.001,slab,sz3,68,34,0.5,14.1467943206105,8.496388156178101,18.607753737015877
S1_no_exclusion,,0.001,slab,zfp,68,40,0.5882352941176471,15.261278344177242,10.872096746306413,22.207147190707566
S3_inflated_threshold,2,0.001,overall,sperr,254,219,0.8622047244094488,6.699378475629702,4.980144374785999,63.45533413634515
S3_inflated_threshold,2,0.001,overall,sz3,254,217,0.8543307086614174,16.78496023528301,9.429334178754326,73.79859969525239
S3_inflated_threshold,2,0.001,overall,zfp,254,244,0.9606299212598425,16.128727755641698,10.242205568578214,36.61769493127144
S3_inflated_threshold,2,0.001,bulk,sperr,186,167,0.8978494623655914,7.214326280903804,5.295416220601031,75.36941791818279
S3_inflated_threshold,2,0.001,bulk,sz3,186,166,0.8924731182795699,17.279959713362665,9.399370511030003,70.1180902389198
S3_inflated_threshold,2,0.001,bulk,zfp,186,178,0.956989247311828,15.182017150651802,9.81274926166975,35.75281418630271
S3_inflated_threshold,2,0.001,slab,sperr,68,52,0.7647058823529411,5.41610144290904,4.286765441870462,8.660626728783537
S3_inflated_threshold,2,0.001,slab,sz3,68,51,0.75,15.258269234924583,9.577206035857738,217.1535715459716
S3_inflated_threshold,2,0.001,slab,zfp,68,66,0.9705882352941176,18.945030528538563,11.561339817229053,45.074678167335605
S3_inflated_threshold,5,0.001,overall,sperr,254,242,0.952755905511811,7.771539246568604,5.297596167805075,73.06065497057062
S3_inflated_threshold,5,0.001,overall,sz3,254,236,0.9291338582677166,24.632425769283188,10.713502026623319,154.13477991189666
S3_inflated_threshold,5,0.001,overall,zfp,254,253,0.9960629921259843,21.077889388129574,11.03279543170445,54.58809690390892
S3_inflated_threshold,5,0.001,bulk,sperr,186,183,0.9838709677419355,8.973904878653121,5.423696254554688,91.70120218853484
S3_inflated_threshold,5,0.001,bulk,sz3,186,179,0.9623655913978495,20.624875014926275,10.373329636021863,131.41430236218335
S3_inflated_threshold,5,0.001,bulk,zfp,186,185,0.9946236559139785,18.29389795981357,10.332118495698,52.00484611711022
S3_inflated_threshold,5,0.001,slab,sperr,68,59,0.8676470588235294,5.942013936370883,5.030290367089039,13.952342819272385
S3_inflated_threshold,5,0.001,slab,sz3,68,57,0.8382352941176471,27.710806350156474,11.754136695653443,308.8653276028376
S3_inflated_threshold,5,0.001,slab,zfp,68,68,1.0,25.602639129051575,15.299774349181334,75.04716186678041
S3_inflated_threshold,10,0.001,overall,sperr,254,248,0.9763779527559056,8.83444099895804,5.508644226579539,92.74446087280064
S3_inflated_threshold,10,0.001,overall,sz3,254,246,0.968503937007874,35.667894802109515,12.352067187676626,220.63671659998204
S3_inflated_threshold,10,0.001,overall,zfp,254,254,1.0,25.00947977785283,13.14099026152007,67.12567440407204
S3_inflated_threshold,10,0.001,bulk,sperr,186,186,1.0,11.092956690452937,5.801204168900658,123.44746356170532
S3_inflated_threshold,10,0.001,bulk,sz3,186,183,0.9838709677419355,31.733513575555072,11.62851320312997,212.1380066155315
S3_inflated_threshold,10,0.001,bulk,zfp,186,186,1.0,22.60929973892862,12.722408495251733,63.76009225595747
S3_inflated_threshold,10,0.001,slab,sperr,68,62,0.9117647058823529,7.431364110768021,5.457615621899571,14.74696515721758
S3_inflated_threshold,10,0.001,slab,sz3,68,63,0.9264705882352942,41.85171714198614,14.451481804779627,462.06819084735054
S3_inflated_threshold,10,0.001,slab,zfp,68,68,1.0,34.411114270566415,18.62091957413387,80.1535032256682
S1_no_exclusion,,0.01,overall,sperr,254,212,0.8346456692913385,10.31719934502204,7.130861866908521,103.24565537380953
S1_no_exclusion,,0.01,overall,sz3,254,209,0.8228346456692913,57.6507500324644,25.883991835816754,109.55923054974998
S1_no_exclusion,,0.01,overall,zfp,254,233,0.9173228346456693,31.565173628585807,19.72955256726889,52.02115356667207
S1_no_exclusion,,0.01,bulk,sperr,186,165,0.8870967741935484,11.510742267135877,7.389746627519912,115.07833556209246
S1_no_exclusion,,0.01,bulk,sz3,186,162,0.8709677419354839,51.77969414519157,25.275811179549834,105.52439540222981
S1_no_exclusion,,0.01,bulk,zfp,186,173,0.9301075268817204,29.834423734765814,19.122393666438285,47.59542111593132
S1_no_exclusion,,0.01,slab,sperr,68,47,0.6911764705882353,8.097571180519235,6.864874613382991,10.579383898162012
S1_no_exclusion,,0.01,slab,sz3,68,47,0.6911764705882353,67.75170239138666,33.697139931046415,119.0212733922245
S1_no_exclusion,,0.01,slab,zfp,68,60,0.8823529411764706,40.43092830229352,19.763126973973787,56.599135268060984
S3_inflated_threshold,2,0.01,overall,sperr,254,236,0.9291338582677166,10.42786072038208,7.0239745404779015,103.13804691690575
S3_inflated_threshold,2,0.01,overall,sz3,254,234,0.9212598425196851,60.81203663582599,25.80505956676804,130.50433929451555
S3_inflated_threshold,2,0.01,overall,zfp,254,253,0.9960629921259843,32.300244605892445,19.50752916701177,55.87170043056163
S3_inflated_threshold,2,0.01,bulk,sperr,186,180,0.967741935483871,11.703009081287863,7.166673389056465,116.93460527696077
S3_inflated_threshold,2,0.01,bulk,sz3,186,179,0.9623655913978495,53.77864396348343,25.048032028902036,115.5896867064759
S3_inflated_threshold,2,0.01,bulk,zfp,186,185,0.9946236559139785,30.48403101914808,18.12976739492685,49.708686443579076
S3_inflated_threshold,2,0.01,slab,sperr,68,56,0.8235294117647058,8.221953648115129,6.908806315010695,10.737093515510768
S3_inflated_threshold,2,0.01,slab,sz3,68,55,0.8088235294117647,69.64845767259078,36.135752971792655,184.51363750600444
S3_inflated_threshold,2,0.01,slab,zfp,68,68,1.0,42.55098540087577,20.3634459600375,61.376276370578346
S3_inflated_threshold,5,0.01,overall,sperr,254,244,0.9606299212598425,10.58289618589209,7.14532630887549,106.92330358463883
S3_inflated_threshold,5,0.01,overall,sz3,254,241,0.9488188976377953,65.2408856727101,27.131883741526806,163.80904081533134
S3_inflated_threshold,5,0.01,overall,zfp,254,253,0.9960629921259843,34.602712723518096,21.254133057314593,63.06071574422605
S3_inflated_threshold,5,0.01,bulk,sperr,186,184,0.989247311827957,12.27698801696291,7.38022765906136,121.65456913439272
S3_inflated_threshold,5,0.01,bulk,sz3,186,183,0.9838709677419355,56.34335995703819,25.30598974589637,154.6218475958383
S3_inflated_threshold,5,0.01,bulk,zfp,186,185,0.9946236559139785,31.90769559488622,20.220368161763403,57.836965016170154
S3_inflated_threshold,5,0.01,slab,sperr,68,60,0.8823529411764706,8.437579822109372,7.016491021208717,13.87126979970753
S3_inflated_threshold,5,0.01,slab,sz3,68,58,0.8529411764705882,70.4258677925464,35.99883591592661,282.40226122951873
S3_inflated_threshold,5,0.01,slab,zfp,68,68,1.0,44.085900417702305,24.846369293253776,75.04716186678041
S3_inflated_threshold,10,0.01,overall,sperr,254,248,0.9763779527559056,11.10344406557483,7.3501523288933095,120.62842839647132
S3_inflated_threshold,10,0.01,overall,sz3,254,246,0.968503937007874,70.91751583519479,31.84144825971988,222.7845329006064
S3_inflated_threshold,10,0.01,overall,zfp,254,254,1.0,37.83177989302585,21.9397672489011,68.31001906088001
S3_inflated_threshold,10,0.01,bulk,sperr,186,186,1.0,13.148219041176233,7.836163839785721,178.15481916255317
S3_inflated_threshold,10,0.01,bulk,sz3,186,183,0.9838709677419355,71.37346857554668,32.0142721586177,219.00140352786042
S3_inflated_threshold,10,0.01,bulk,zfp,186,186,1.0,34.17380403606586,21.717742768424166,65.91690969498374
S3_inflated_threshold,10,0.01,slab,sperr,68,62,0.9117647058823529,8.601139288693577,7.030732352378148,14.74696515721758
S3_inflated_threshold,10,0.01,slab,sz3,68,63,0.9264705882352942,69.83266731013829,31.830629185434173,462.06819084735054
S3_inflated_threshold,10,0.01,slab,zfp,68,68,1.0,46.96473357189301,27.2220741327762,80.1535032256682
