material_id,formula,npoints,natoms,stability_floor_A1_e,ladder,pilot_role,is_pilot_row,nominal_tolerance_relative,nominal_tolerance_absolute,frozen_realized_Linf,reproduced_realized_Linf,Linf_reproduction_ratio,reproduction_gate_pass,realized_Linf,realized_Linf_over_ptp,rmse_density,frozen_compressed_bytes,reproduced_compressed_bytes,compression_ratio_frozen,compression_ratio_reproduced,Bader_error_resolved_e,Bader_error_fixed_e,frac_voxels_reassigned,electron_count_abs_dev,V_orig_rms,V_orig_ptp,potential_rel_RMSE,potential_rel_Linf,potential_rel_Linf_over_Vptp
mp-1778,BeO,110592,2,0.0008690062420009,tight,tight,True,1e-07,2.0838951782433e-05,3.68881418211231e-06,3.68881418211231e-06,1.0,True,3.68881418211231e-06,1.770153422602541e-08,6.610311718114555e-07,187488,187488,4.71889400921659,4.71889400921659,0.0009198823429148,4.671769637809575e-09,0.0005787037037037,5.117549051192327e-09,18.540323935432195,105.74582889228282,7.820922470505896e-10,3.112752538431233e-09,5.457561872453733e-10
mp-1778,BeO,110592,2,0.0008690062420009,tight,,False,3e-07,6.2516855347299e-05,1.418684798792924e-05,1.418684798792924e-05,1.0,True,1.418684798792924e-05,6.807851055103737e-08,2.620739745855954e-06,160368,160368,5.516911104459743,5.5169111044597425,0.0007925930921732,2.3978783403322272e-09,0.0005515769675925,2.333031545731501e-09,18.540323935432195,105.74582889228282,3.095488160134809e-09,1.314566522941651e-08,2.3048180174406517e-09
mp-1778,BeO,110592,2,0.0008690062420009,tight,,False,1e-06,0.0002083895178243,3.810198907472362e-05,3.810198907472362e-05,1.0,True,3.810198907472362e-05,1.8284023818723534e-07,5.196321695985067e-06,147040,147040,6.016974972796518,6.016974972796518,0.0009694310573675,2.5158410466019632e-08,0.0005606192129629,1.1715243886101234e-08,18.540323935432195,105.74582889228282,7.609985846920054e-09,3.128389775557065e-08,5.4849785038996336e-09
mp-1778,BeO,110592,2,0.0008690062420009,tight,,False,3e-06,0.0006251685534729,0.0001410099357919,0.00014100993579191368,1.000000000000097,True,0.00014100993579191368,6.766652049686273e-07,2.0399154715448795e-05,121504,121504,7.281538056360285,7.281538056360285,0.0009695350790916,9.337664064190677e-08,0.0005606192129629,8.321067213046263e-08,18.540323935432195,105.74582889228282,2.6804516292729133e-08,9.609297171919192e-08,1.6847896907659128e-08
mp-1778,BeO,110592,2,0.0008690062420009,base,,False,1e-05,0.0020838951782433,0.0004429621196351,0.00044296211963512633,1.0000000000000595,True,0.00044296211963512633,2.1256449185152316e-06,7.876149033877672e-05,97576,97576,9.067147659260474,9.067147659260474,0.0005759712547046,1.305055823408452e-07,0.0007685908564814,1.8475932606065726e-07,18.540323935432195,105.74582889228282,1.5215757924630264e-07,4.961278569821663e-07,8.698566438219506e-08
mp-1778,BeO,110592,2,0.0008690062420009,base,,False,3e-05,0.0062516855347299,0.0009143866455048,0.0009143866455048055,1.000000000000006,True,0.0009143866455048055,4.3878725525706295e-06,0.00015437493215512092,86408,86408,10.23905193963522,10.23905193963522,0.0008910524491962,1.224434491575721e-06,0.0006058304398148,1.5269676225670992e-06,18.540323935432195,105.74582889228282,2.436699705685542e-07,9.522569884974974e-07,1.6695838711999713e-07
mp-1778,BeO,110592,2,0.0008690062420009,base,middle,True,0.0001,0.020838951782433,0.0033057895421872,0.0033057895421872985,1.0000000000000298,True,0.0033057895421872985,1.5863511642529166e-05,0.0005825319210462243,65936,65936,13.418102402329533,13.418102402329533,0.0003592539665793,2.2606343366149417e-06,0.0006962528935185,6.439358486431956e-07,18.540323935432195,105.74582889228282,8.017609035447615e-07,4.0631320692299545e-06,7.123854013447889e-07
mp-1778,BeO,110592,2,0.0008690062420009,base,,False,0.0003,0.0625168553472989,0.0145292976531248,0.014529297653124829,1.000000000000002,True,0.014529297653124829,6.972182576559759e-05,0.002135211455183388,48272,48272,18.328140536957243,18.328140536957243,0.0004507420257757,3.042020718257988e-05,0.0011121961805555,2.4662400113228955e-05,18.540323935432195,105.74582889228282,3.054079003225344e-06,1.1356360211889345e-05,1.9911007295650174e-06
mp-1778,BeO,110592,2,0.0008690062420009,base,,False,0.001,0.20838951782433,0.029785885812501,0.02978588581250108,1.0000000000000027,True,0.02978588581250108,0.00014293370474425802,0.00400195895933118,40720,40720,21.72730844793713,21.72730844793713,0.0026336625236522,3.888820595232545e-05,0.0030381944444444,2.1836698435251378e-05,18.540323935432195,105.74582889228282,8.588481999053707e-06,2.7634759850057586e-05,4.845178338143741e-06
mp-1778,BeO,110592,2,0.0008690062420009,base,,False,0.003,0.62516855347299,0.0958123346500001,0.09581233465000016,1.0000000000000007,True,0.09581233465000016,0.0004597752115860687,0.014375635260869971,27952,27952,31.6519748139668,31.6519748139668,0.0045362078648141,0.000100258009434,0.0082465277777777,0.0001183181048052262,18.540323935432195,105.74582889228282,3.4190967760823426e-05,0.00011755372950101242,2.0610592848887282e-05
mp-1778,BeO,110592,2,0.0008690062420009,base,,False,0.01,2.0838951782433,0.3329229330000007,0.33292293300000075,1.0000000000000002,True,0.33292293300000075,0.0015975992289624231,0.04830668161308267,18424,18424,48.02084237950499,48.02084237950499,0.0053986473382838,0.0001951530190753,0.0126681857638888,0.00021778280387962923,18.540323935432195,105.74582889228282,0.0001249231436654049,0.00038551683079039316,6.759232964825444e-05
mp-1778,BeO,110592,2,0.0008690062420009,base,,False,0.03,6.2516855347299,0.6076813312000002,0.6076813312000002,1.0,True,0.6076813312000002,0.002916083964032532,0.08739607091312605,14784,14784,59.84415584415584,59.84415584415584,0.0067208224809611,0.0002848630535163,0.0163845486111111,0.00010773802945429622,18.540323935432195,105.74582889228282,0.0003212284830341246,0.001063319966571385,0.000186430962183182
mp-1778,BeO,110592,2,0.0008690062420009,base,loose,True,0.1,20.838951782433,2.423226817,2.4232268169999998,0.9999999999999998,True,2.4232268169999998,0.011628352722821464,0.2765418157945615,9464,9464,93.4843617920541,93.4843617920541,0.0504770167429771,0.0010967496350486,0.0349573206018518,0.0010135003964713007,18.540323935432195,105.74582889228282,0.0011543065365048687,0.004318217540495393,0.0007571093145054787
mp-2647013,Mo,165888,2,0.0030025199409777,base,tight,True,1e-05,0.00197640815371,0.0004727640771484,0.0004727640771484687,1.0000000000001452,True,0.0004727640771484687,2.3920366664194494e-06,7.973060038043464e-05,156336,156336,8.488793368130182,8.488793368130182,0.0023403881547334,9.390069823922432e-07,0.0003375771604938,1.7229043400845967e-06,47.56494421493183,267.3440374013137,7.768184968883272e-08,2.5983619620634744e-07,4.62291745786071e-08
mp-2647013,Mo,165888,2,0.0030025199409777,base,,False,3e-05,0.00592922446113,0.0009645661738275,0.0009645661738275635,1.000000000000066,True,0.0009645661738275635,4.880399688783591e-06,0.00015625176229520032,138920,138920,9.553008926000576,9.553008926000576,0.0023956315272215,1.6066466415054492e-06,0.000343605324074,3.1043360273486087e-06,47.56494421493183,267.3440374013137,1.3670352946981918e-07,4.891131680909414e-07,8.702135563289688e-08
mp-2647013,Mo,165888,2,0.0030025199409777,base,,False,0.0001,0.0197640815371,0.0035427190000003,0.0035427190000003606,1.000000000000017,True,0.0035427190000003606,1.7925037363108283e-05,0.0005931698245800707,106136,106136,12.503806437024195,12.503806437024195,0.0024558539723003,7.414784045423062e-06,0.0004219714506172,1.4642617880866737e-05,47.56494421493183,267.3440374013137,5.633229279076979e-07,2.161123280686082e-06,3.844997228538108e-07
mp-2647013,Mo,165888,2,0.0030025199409777,base,,False,0.0003,0.0592922446113,0.0074890422539066,0.007489042253906675,1.00000000000001,True,0.007489042253906675,3.789218456647568e-05,0.0011339095516525743,91456,91456,14.510846745976208,14.510846745976208,0.0024600662904639,1.2912649301810576e-05,0.0004701967592592,2.4352065278065993e-05,47.56494421493183,267.3440374013137,1.0773317086141451e-06,3.9149132546079795e-06,6.965280855776091e-07
mp-2647013,Mo,165888,2,0.0030025199409777,base,middle,True,0.001,0.197640815371,0.0222843382187498,0.022284338218749866,1.0000000000000029,True,0.022284338218749866,0.0001127517014991007,0.004147124272652511,65648,65648,20.2154521082135,20.2154521082135,0.0023942892535853,5.5107954713307095e-05,0.0009765625,0.00010874635540147892,47.56494421493183,267.3440374013137,4.055351472049766e-06,1.2862842690462652e-05,2.2885133364649833e-06
mp-2647013,Mo,165888,2,0.0030025199409777,base,,False,0.003,0.592922446113,0.0712137123000005,0.07121371230000051,1.0000000000000002,True,0.07121371230000051,0.00036031885502153094,0.014401236027980921,45624,45624,29.087848500789057,29.087848500789057,0.0024085458015843,0.0001837862883249,0.002736786265432,0.0003619292257717177,47.56494421493183,267.3440374013137,1.5176186385275662e-05,5.4574999806283706e-05,9.709798829061313e-06
mp-2647013,Mo,165888,2,0.0030025199409777,base,,False,0.01,1.97640815371,0.1454512440000002,0.1454512440000002,1.0,True,0.1454512440000002,0.0007359372795895801,0.026835482842885568,37536,37536,35.35549872122762,35.35549872122762,0.0023674337931449,0.0003912241768802,0.0039665316358024,0.0007653373637310779,47.56494421493183,267.3440374013137,3.425541731832433e-05,0.00012584024021344172,2.238906864700684e-05
mp-2647013,Mo,165888,2,0.0030025199409777,base,,False,0.03,5.92922446113,0.5392624299999937,0.5392624299999937,1.0,True,0.5392624299999937,0.002728497294385885,0.08844192503049926,25112,25112,52.84740363172985,52.84740363172985,0.0030428235892721,0.001643457423107,0.0110978491512345,0.003279081576696541,47.56494421493183,267.3440374013137,0.0001282317038441157,0.00043659830956544593,7.767809015183193e-05
mp-2647013,Mo,165888,2,0.0030025199409777,base,loose,True,0.1,19.7640815371,1.956424451000004,1.9564244510000037,0.9999999999999999,True,1.9564244510000037,0.009898888786344642,0.2887281769605143,16440,16440,80.72408759124087,80.72408759124087,0.0088346798141181,0.006435172644057,0.0240885416666666,0.012827692687807257,47.56494421493183,267.3440374013137,0.0005853319126130761,0.002022753792422249,0.000359881492897037
mp-214,ZrRu,175616,2,3.139012960673426e-08,tight,tight,True,1e-07,2.737403698186e-05,4.065512619888523e-06,4.065512619888523e-06,1.0,True,4.065512619888523e-06,1.4851710117081461e-08,6.657440237700078e-07,314560,314560,4.466327568667345,4.466327568667345,5.911957146054192e-09,5.911957146054192e-09,0.0,9.224958574804987e-09,62.99032888359777,397.93004175534793,5.158491898874122e-10,1.5901204927033212e-09,2.517080951166578e-10
mp-214,ZrRu,175616,2,3.139012960673426e-08,tight,,False,3e-07,8.212211094558e-05,1.5603224198912358e-05,1.5603224198912358e-05,1.0,True,1.5603224198912358e-05,5.7000084456860244e-08,2.663414409157767e-06,270640,270640,5.191132131244458,5.191132131244458,1.3906664264595749e-08,1.3906664264595749e-08,0.0,2.1128510496737363e-08,62.99032888359777,397.93004175534793,1.6015844536466486e-09,6.633606441979002e-09,1.050066613773059e-09
mp-214,ZrRu,175616,2,3.139012960673426e-08,tight,,False,1e-06,0.0002737403698186,7.888845578918335e-05,7.888845578918335e-05,1.0,True,7.888845578918335e-05,2.8818714551112976e-07,1.0610094911072969e-05,226816,226816,6.194130925507901,6.194130925507901,9.877080309195209e-08,9.877080309195209e-08,0.0,1.5667260200302735e-07,62.99032888359777,397.93004175534793,7.154993199396788e-09,2.8413422763556735e-08,4.4977022511045154e-09
mp-214,ZrRu,175616,2,3.139012960673426e-08,tight,,False,3e-06,0.0008212211094558,0.0001249561216312,0.0001249561216312145,1.0000000000001161,True,0.0001249561216312145,4.5647677656758987e-07,2.0809041631957068e-05,205088,205088,6.850366671867686,6.850366671867686,1.4218922750330878e-07,1.4218922750330878e-07,0.0,1.6446263018110585e-07,62.99032888359777,397.93004175534793,1.3555208009080238e-08,5.0769287753308644e-08,8.0365235021212e-09
mp-214,ZrRu,175616,2,3.139012960673426e-08,base,,False,1e-05,0.002737403698186,0.000459232399919,0.00045923239991907394,1.000000000000161,True,0.00045923239991907394,1.6776202948194825e-06,7.96860813652731e-05,163448,163448,8.59556556213597,8.59556556213597,0.00025971730755,4.239882347434332e-07,3.416545189504373e-05,7.70587995191363e-07,62.99032888359777,397.93004175534793,5.048871023924143e-08,2.0244547266384916e-07,3.2046102495401454e-08
mp-214,ZrRu,175616,2,3.139012960673426e-08,base,,False,3e-05,0.008212211094558,0.0017856029414033,0.001785602941403397,1.0000000000000542,True,0.001785602941403397,6.522979941126935e-06,0.00029991924905736626,125672,125672,11.179323954421031,11.179323954421033,0.0005200342807061,2.903579668256384e-06,6.833090379008747e-05,4.329489236454265e-06,62.99032888359777,397.93004175534793,2.2781714167979486e-07,7.524180323871905e-07,1.1910399905709477e-07
mp-214,ZrRu,175616,2,3.139012960673426e-08,base,middle,True,0.0001,0.02737403698186,0.0034446783417969,0.0034446783417969584,1.000000000000017,True,0.0034446783417969584,1.2583742558978966e-05,0.0005811305710560311,108736,108736,12.920541494997057,12.920541494997057,0.0011264405694966,9.568214371924457e-06,0.0002049927113702,1.2530805385324584e-05,62.99032888359777,397.93004175534793,6.697970535207537e-07,2.2979078323408783e-06,3.6374727945858055e-07
mp-214,ZrRu,175616,2,3.139012960673426e-08,base,,False,0.0003,0.08212211094558,0.0149581747499993,0.014958174749999387,1.0000000000000058,True,0.014958174749999387,5.464365654182372e-05,0.002086935649358553,80440,80440,17.465539532570862,17.465539532570862,0.0055367483696056,3.699477903040816e-05,0.0010591290087463,4.625139462532957e-05,62.99032888359777,397.93004175534793,2.034425344670902e-06,6.117879881894944e-06,9.684296871152972e-07
mp-214,ZrRu,175616,2,3.139012960673426e-08,base,,False,0.001,0.2737403698186,0.0400886018749986,0.04008860187499863,1.0000000000000007,True,0.04008860187499863,0.00014644753311893386,0.007418380569199479,57296,57296,24.52052499301871,24.52052499301871,0.0081781912829619,0.0001519764831634,0.002795872813411,0.00015657733303697796,62.99032888359777,397.93004175534793,1.0358196432650424e-05,3.241355249593792e-05,5.130902715960754e-06
mp-214,ZrRu,175616,2,3.139012960673426e-08,base,,False,0.003,0.8212211094558001,0.0903361429999982,0.09033614299999826,1.0000000000000007,True,0.09033614299999826,0.0003300066521421793,0.013820815430038592,47888,47888,29.33778817240228,29.337788172402274,0.0213522514895512,0.0001097483150118,0.0051760659620991,0.00021639551681928992,62.99032888359777,397.93004175534793,1.3429215685352524e-05,5.642518053331671e-05,8.931822949158454e-06
mp-214,ZrRu,175616,2,3.139012960673426e-08,base,,False,0.01,2.737403698186,0.2935047200000014,0.2935047200000014,1.0,True,0.2935047200000014,0.0010722010794187889,0.046976810652405,32608,32608,43.08537782139352,43.08537782139352,0.0086121802456879,0.0003077974118319,0.0122426202623906,0.000364445808362035,62.99032888359777,397.93004175534793,6.836682336648802e-05,0.0001892704202470237,2.996055780736127e-05
mp-214,ZrRu,175616,2,3.139012960673426e-08,base,,False,0.03,8.212211094558,1.010170113000001,1.010170113000001,1.0,True,1.010170113000001,0.003690248952572878,0.15700704829293424,21872,21872,64.23408924652524,64.23408924652524,0.0127149946133968,0.0031292720710318,0.0265864158163265,0.005284270881247721,62.99032888359777,397.93004175534793,0.00026984198198105983,0.0009093271958857899,0.00014394193230291805
mp-214,ZrRu,175616,2,3.139012960673426e-08,base,loose,True,0.1,27.37403698186,2.369545113000001,2.369545113000001,1.0,True,2.369545113000001,0.008656177072348632,0.2835528451431302,17600,17600,79.82545454545455,79.82545454545455,0.0955299893174501,0.0105715190015356,0.0373656158892128,0.010841822413212299,62.99032888359777,397.93004175534793,0.0005061202392977513,0.0016818367606182547,0.0002662263201153367
mp-1094905,MgTi3,276480,4,0.0003569475820821,tight,tight,True,1e-07,0.0001364390164246,3.2923016533459304e-05,3.2923016533459304e-05,1.0,True,3.2923016533459304e-05,2.4130206590615144e-08,5.335481628419017e-06,433360,433360,5.103932065719032,5.103932065719032,3.857658493622296e-05,3.787375213448741e-08,3.616898148148148e-06,1.0909194969599412e-07,125.2000002263009,921.5603780044041,7.926067408457355e-09,1.960319632687842e-08,2.6632223380481204e-09
mp-1094905,MgTi3,276480,4,0.0003569475820821,tight,,False,3e-07,0.0004093170492737,6.195380807483275e-05,6.195380807483275e-05,1.0,True,6.195380807483275e-05,4.540769180131855e-08,1.0630379186983546e-05,398792,398792,5.54634997693033,5.54634997693033,7.700785685038625e-05,8.434819775970936e-08,1.808449074074074e-05,2.3970560647512684e-07,125.2000002263009,921.5603780044041,1.4163382238319963e-08,3.902419525531704e-08,5.301691968763824e-09
mp-1094905,MgTi3,276480,4,0.0003569475820821,tight,,False,1e-06,0.0013643901642459,0.0002703319610759,0.0002703319610759536,1.000000000000198,True,0.0002703319610759536,1.9813391224888125e-07,4.218146806583904e-05,329712,329712,6.708400058232639,6.708400058232639,0.0002779402194814,3.795362779612788e-07,9.04224537037037e-05,1.021188722916122e-06,125.2000002263009,921.5603780044041,5.662006526046713e-08,1.5978252031614687e-07,2.170749964647993e-08
mp-1094905,MgTi3,276480,4,0.0003569475820821,tight,,False,3e-06,0.004093170492738,0.0010249518359373,0.0010249518359373155,1.0000000000000153,True,0.0010249518359373155,7.512160837832868e-07,0.0001634884275661203,261464,261464,8.459443747513998,8.459443747513998,0.0006490547143478,1.3012222517261307e-06,0.0002893518518518,3.6844125546053874e-06,125.2000002263009,921.5603780044041,2.1391294760985058e-07,5.580767071005788e-07,7.581836797995651e-08
mp-1094905,MgTi3,276480,4,0.0003569475820821,base,,False,1e-05,0.01364390164246,0.0018650418925787,0.0018650418925787449,1.000000000000024,True,0.0018650418925787449,1.366941760100872e-06,0.0003168324280018157,228280,228280,9.689153670930436,9.689153670930436,0.0007473110120326,2.647299169211692e-06,0.0006691261574074,7.3923380199403255e-06,125.2000002263009,921.5603780044041,5.519841307852474e-07,1.5012902376861979e-06,2.0396009049898308e-07
mp-1094905,MgTi3,276480,4,0.0003569475820821,base,middle,True,3e-05,0.04093170492738,0.0075068052382825,0.00750680523828251,1.0000000000000013,True,0.00750680523828251,5.50194910151011e-06,0.0011642154258110183,167720,167720,13.187693775339852,13.187693775339852,0.0010546285615031,8.797580985486775e-06,0.0021303530092592,2.8246016405830687e-05,125.2000002263009,921.5603780044041,1.9150146540993666e-06,5.313534236941621e-06,7.218783527869612e-07
mp-1094905,MgTi3,276480,4,0.0003569475820821,base,,False,0.0001,0.1364390164246,0.0293890856406235,0.02938908564062359,1.000000000000003,True,0.02938908564062359,2.1540089052800247e-05,0.004136997853176931,119504,119504,18.50850180747088,18.50850180747088,0.0067859393926408,3.496167448879817e-05,0.005982349537037,0.0001071396072660491,125.2000002263009,921.5603780044041,8.156667390800411e-06,2.047029009990709e-05,2.781022694020993e-06
mp-1094905,MgTi3,276480,4,0.0003569475820821,base,,False,0.0003,0.4093170492737999,0.0541294749999998,0.05412947499999987,1.0000000000000013,True,0.05412947499999987,3.96730176004408e-05,0.007826164087926274,100416,100416,22.02676864244742,22.02676864244742,0.0190561657261909,8.332716481618263e-05,0.0098777488425925,0.00023782205361300157,125.2000002263009,921.5603780044041,1.5947191491228495e-05,4.092718092906083e-05,5.56022500953897e-06
mp-1094905,MgTi3,276480,4,0.0003569475820821,base,,False,0.001,1.364390164246,0.1717567520000003,0.1717567520000003,1.0,True,0.1717567520000003,0.0001258853636598281,0.027161444467615755,68832,68832,32.13389121338912,32.13389121338912,0.0160989621927623,0.0003251953075444,0.0236328125,0.0008753003522272707,125.2000002263009,921.5603780044041,6.725704720235266e-05,0.00016743158424301327,2.274667497153941e-05
mp-1094905,MgTi3,276480,4,0.0003569475820821,base,loose,True,0.003,4.093170492738,0.5929430660000001,0.5929430660000001,1.0,True,0.5929430660000001,0.00043458468225449065,0.09213590009759089,46360,46360,47.71009490940466,47.71009490940466,0.1090464841089033,0.0012055571779878,0.0494249131944444,0.003530103592964906,125.2000002263009,921.5603780044041,0.00022867649047494948,0.0005631461425874605,7.650708392223607e-05
mp-1007755,HfAu,301056,4,0.0017092764859629,base,tight,True,1e-05,0.003639916937734,0.0005105895117196,0.0005105895117196724,1.0000000000001419,True,0.0005105895117196724,1.4027504485790152e-06,8.068409229107524e-05,309320,309320,7.786266649424544,7.786266649424544,0.0059344776072141,2.449748546240471e-07,0.0014249840561224,5.834098431023449e-07,106.96215110283924,633.4382812486608,6.948470694806132e-08,2.2691740555115548e-07,3.831718817590527e-08
mp-1007755,HfAu,301056,4,0.0017092764859629,base,,False,3e-05,0.010919750813202,0.001765119098632,0.0017651190986320842,1.0000000000000477,True,0.0017651190986320842,4.849338951484273e-06,0.0003083029985437127,245688,245688,9.802871935137247,9.802871935137247,0.0069899666385211,9.427983869159108e-07,0.0013452646683673,1.7122488316090312e-06,106.96215110283924,633.4382812486608,1.4344257282026965e-07,5.602494887260711e-07,9.46035189889041e-08
mp-1007755,HfAu,301056,4,0.0017092764859629,base,,False,0.0001,0.03639916937734,0.007374790148436,0.007374790148436006,1.0000000000000009,True,0.007374790148436006,2.0260874834762354e-05,0.001171637089997912,187352,187352,12.855203040266453,12.855203040266451,0.0087276553699489,2.8281311870159698e-06,0.0017372183248299,5.0079396629598705e-06,106.96215110283924,633.4382812486608,9.483467259787454e-07,2.7888587844544756e-06,4.709256505926257e-07
mp-1007755,HfAu,301056,4,0.0017092764859629,base,,False,0.0003,0.1091975081320199,0.0159303193828108,0.015930319382810865,1.0000000000000042,True,0.015930319382810865,4.376561238984797e-05,0.0022310184430550787,161120,161120,14.94816285998014,14.948162859980139,0.0105169060661403,4.802112430368766e-06,0.0016242825255102,8.174823676654341e-06,106.96215110283924,633.4382812486608,1.720018586973422e-06,5.236208029152944e-06,8.841841281144411e-07
mp-1007755,HfAu,301056,4,0.0017092764859629,base,middle,True,0.001,0.3639916937734,0.0457162637499983,0.045716263749998376,1.0000000000000018,True,0.045716263749998376,0.00012559699721735587,0.008080377919242656,115824,115824,20.794032324906755,20.794032324906755,0.0076823768746834,2.2728323260778893e-05,0.00439453125,4.886492784095253e-05,106.96215110283924,633.4382812486608,4.8548036123713245e-06,1.6777689075720575e-05,2.833074298155979e-06
mp-1007755,HfAu,301056,4,0.0017092764859629,base,,False,0.003,1.0919750813202,0.16768497999999,0.16768497999999,1.0,True,0.16768497999999,0.00046068353445554415,0.028049667665164316,80008,80008,30.1025897410259,30.1025897410259,0.0272861312621035,0.0001231382267548,0.0092042676445578,0.0002656020133002812,106.96215110283924,633.4382812486608,1.8562803445491476e-05,6.908292966109714e-05,1.1665317647792082e-05
mp-1007755,HfAu,301056,4,0.0017092764859629,base,,False,0.01,3.639916937734,0.3067297859999982,0.30672978599999823,1.0000000000000002,True,0.30672978599999823,0.0008426834767030434,0.052765237017470996,65792,65792,36.60700389105058,36.60700389105058,0.0400014774103283,0.0001312917007343,0.0140505420918367,1.3157285408738062e-05,106.96215110283924,633.4382812486608,5.0203216566135596e-05,0.00017460891793841596,2.9484396534443886e-05
mp-1007755,HfAu,301056,4,0.0017092764859629,base,,False,0.03,10.919750813202,1.1406005469999982,1.1406005469999982,1.0,True,1.1406005469999982,0.003133589492594492,0.17463167558613002,43968,43968,54.777292576419214,54.777292576419214,0.0374565474255828,0.0005761061621623,0.0284797512755102,0.0004518724764963622,106.96215110283924,633.4382812486608,0.00019632340897636174,0.000622191825652772,0.00010506307881998394
mp-1007755,HfAu,301056,4,0.0017092764859629,base,loose,True,0.1,36.39916937734,4.240902960000028,4.240902960000028,1.0,True,4.240902960000028,0.01165109817764184,0.5595488590750393,28712,28712,83.88297575926443,83.88297575926443,0.0044043441863728,0.0032455066279126,0.0524254623724489,0.00669655785064549,106.96215110283924,633.4382812486608,0.000592184839778152,0.0023091545802508707,0.00038992297820353614
mp-1219705,PrY,301056,2,3.822001167108624e-05,tight,tight,True,1e-07,3.899217585244e-05,7.234676708378629e-06,7.234676708378629e-06,1.0,True,7.234676708378629e-06,1.8554175421646564e-08,1.3101454365500169e-06,443520,443520,5.430303030303031,5.430303030303031,1.2693917028627766e-08,1.2693917028627766e-08,0.0,1.948849259747476e-08,89.89561464482634,625.3843086730338,1.3887732020181012e-09,4.695007600442976e-09,6.748819696156081e-10
mp-1219705,PrY,301056,2,3.822001167108624e-05,tight,,False,3e-07,0.0001169765275573,1.4849236620761984e-05,1.4849236620761985e-05,1.0000000000000002,True,1.4849236620761985e-05,3.808260579495917e-08,2.603541551882707e-06,407544,407544,5.909663741829103,5.909663741829103,2.213950800467046e-08,2.213950800467046e-08,0.0,3.768331069409214e-08,89.89561464482634,625.3843086730338,2.7518642409117614e-09,8.323398355767715e-09,1.196443531998933e-09
mp-1219705,PrY,301056,2,3.822001167108624e-05,tight,,False,1e-06,0.0003899217585243,5.858501071109856e-05,5.858501071109856e-05,1.0,True,5.858501071109856e-05,1.5024811883492905e-07,1.0140387055695913e-05,338184,338184,7.121708892200696,7.1217088922006955,1.92071565656704e-05,9.885413554400205e-08,3.321641156462585e-06,1.6763765486871307e-07,89.89561464482634,625.3843086730338,1.0885715924378693e-08,3.450513929610187e-08,4.959927299759221e-09
mp-1219705,PrY,301056,2,3.822001167108624e-05,tight,,False,3e-06,0.0011697652755732,0.0002336169704584,0.00023361697045842789,1.0000000000001195,True,0.00023361697045842789,5.991380715518827e-07,3.917191728162888e-05,273576,273576,8.803579261338713,8.803579261338713,5.734167768878251e-05,4.134039794934097e-07,1.6608205782312927e-05,7.182710426434369e-07,89.89561464482634,625.3843086730338,3.5447558992544604e-08,1.1535704244273306e-07,1.6581951433995036e-08
mp-1219705,PrY,301056,2,3.822001167108624e-05,base,,False,1e-05,0.003899217585244,0.0004627003725587,0.0004627003725587997,1.0000000000002154,True,0.0004627003725587997,1.1866492762799885e-06,7.603268627946782e-05,243336,243336,9.89762303974751,9.89762303974751,1.698896336854716e-05,8.013289232167153e-07,7.639774659863946e-05,1.2474658142025419e-06,89.89561464482634,625.3843086730338,8.990403505194758e-08,2.891830965752077e-07,4.1568507317816256e-08
mp-1219705,PrY,301056,2,3.822001167108624e-05,base,,False,3e-05,0.011697652755732,0.0017181651337896,0.0017181651337896398,1.000000000000023,True,0.0017181651337896398,4.406435640554598e-06,0.0002853883835476477,188352,188352,12.786952089704384,12.786952089704384,0.0001134942845393,3.512649687564817e-06,0.0003487723214285,4.932411474811715e-06,89.89561464482634,625.3843086730338,4.3290535560620095e-07,1.2375150590344792e-06,1.7788610190777236e-07
mp-1219705,PrY,301056,2,3.822001167108624e-05,base,middle,True,0.0001,0.03899217585244,0.0063302626640631,0.006330262664063113,1.000000000000002,True,0.006330262664063113,1.6234699720320907e-05,0.001051324044859986,140496,140496,17.142466689443115,17.142466689443115,0.0006970577660023,1.212318938392798e-05,0.0010596035289115,2.1774170150479222e-05,89.89561464482634,625.3843086730338,1.1558077625366934e-06,4.1877206997288765e-06,6.019622191381378e-07
mp-1219705,PrY,301056,2,3.822001167108624e-05,base,,False,0.0003,0.1169765275573199,0.0126788534921882,0.012678853492188225,1.000000000000002,True,0.012678853492188225,3.251640416315681e-05,0.001991009584187494,119800,119800,20.10390651085142,20.10390651085142,0.0015704535201557,2.590741229901994e-05,0.0016242825255102,3.801537066649985e-05,89.89561464482634,625.3843086730338,3.046921974283751e-06,8.477145421481999e-06,1.2185438418093126e-06
mp-1219705,PrY,301056,2,3.822001167108624e-05,base,,False,0.001,0.3899217585244,0.0393511145000005,0.039351114500000506,1.0000000000000002,True,0.039351114500000506,0.00010092054018457153,0.00710659986848614,85040,85040,28.32135465663217,28.321354656632174,0.0001648957471491,8.615554395419167e-05,0.0048163796768707,0.00015365000342626445,89.89561464482634,625.3843086730338,9.623700501871047e-06,2.9421535326527896e-05,4.22918670214909e-06
mp-1219705,PrY,301056,2,3.822001167108624e-05,base,,False,0.003,1.1697652755732,0.1464851450000139,0.14648514500001397,1.0000000000000007,True,0.14648514500001397,0.0003756783041663663,0.024193071459939437,58600,58600,41.099795221843,41.099795221843,0.0083906071425552,0.000372132952954,0.0102705144557823,0.0005680247376957936,89.89561464482634,625.3843086730338,4.740645781368146e-05,0.00012779594110040354,1.836997589324097e-05
mp-1219705,PrY,301056,2,3.822001167108624e-05,base,,False,0.01,3.899217585244,0.2644158510000007,0.26441585100000076,1.0000000000000002,True,0.26441585100000076,0.000678125406493453,0.04408756378371946,48136,48136,50.034236330397206,50.034236330397206,0.0020841039058048,0.0007464297064849,0.0153360172193877,0.0013419189272703136,89.89561464482634,625.3843086730338,7.587912575604797e-05,0.0002757344492515937,3.9635336944765115e-05
mp-1219705,PrY,301056,2,3.822001167108624e-05,base,loose,True,0.03,11.697652755732,1.0676436220000056,1.0676436220000056,1.0,True,1.0676436220000056,0.0027380970634733022,0.1471774936770392,32520,32520,74.06051660516606,74.06051660516606,0.1000220571811461,0.0028143719041171,0.0544749149659863,0.004889431682371992,89.89561464482634,625.3843086730338,0.0003002748758747662,0.0009959575984341907,0.00014316352238098179
mp-1246548,In(FeN)2,322560,5,0.0001451752940315,tight,tight,True,1e-07,0.000130409484374,3.152478042878215e-05,3.152478042878215e-05,1.0,True,3.152478042878215e-05,2.4173686891024332e-08,5.326148924552854e-06,536712,536712,4.807941689397666,4.807941689397666,5.003400874770136e-05,7.0776220439938706e-09,3.1001984126984127e-06,4.456509827832633e-09,357.938409994275,1780.1632387024374,1.5196093213654406e-09,3.738797099084494e-09,7.517620069005412e-10
mp-1246548,In(FeN)2,322560,5,0.0001451752940315,tight,,False,3e-07,0.0003912284531221,6.875984780840838e-05,6.875984780840838e-05,1.0,True,6.875984780840838e-05,5.272610971391189e-08,1.0645611334861674e-05,496392,496392,5.198472175216361,5.198472175216361,6.997176639877978e-05,1.5452041424168783e-08,6.200396825396825e-06,8.416805030719843e-10,357.938409994275,1780.1632387024374,1.4660375106463119e-09,5.4964253730318896e-09,1.1051692990297062e-09
mp-1246548,In(FeN)2,322560,5,0.0001451752940315,tight,,False,1e-06,0.0013040948437405,0.0002499562169191,0.00024995621691914494,1.0000000000001799,True,0.00024995621691914494,1.916702746881525e-07,4.245211007300729e-05,415744,415744,6.206896551724138,6.206896551724138,0.0001000611419907,2.936551979360048e-08,6.200396825396825e-05,2.733263215759507e-08,357.938409994275,1780.1632387024374,5.503632758762148e-09,1.8579098461785967e-08,3.73570963491307e-09
mp-1246548,In(FeN)2,322560,5,0.0001451752940315,tight,,False,3e-06,0.0039122845312215,0.0010889278857462,0.001088927885746216,1.0000000000000144,True,0.001088927885746216,8.350066645635018e-07,0.00016597276138663664,335400,335400,7.693738819320215,7.693738819320215,0.0001318321753416,1.5106327211356074e-07,0.0001550099206349,1.5146166987278775e-07,357.938409994275,1780.1632387024374,2.9200051524968773e-08,9.612740673412637e-08,1.932839100102188e-08
mp-1246548,In(FeN)2,322560,5,0.0001451752940315,base,,False,1e-05,0.013040948437405,0.001898528155273,0.001898528155273027,1.0000000000000142,True,0.001898528155273027,1.4558206133439881e-06,0.0003255827442673064,296096,296096,8.715011347671025,8.715011347671025,0.0002217824048749,3.404003479090534e-07,0.000204613095238,2.9678347601702626e-07,357.938409994275,1780.1632387024374,1.0301299422225807e-07,2.548897250170911e-07,5.1250818415392457e-08
mp-1246548,In(FeN)2,322560,5,0.0001451752940315,base,,False,3e-05,0.039122845312215,0.0078694820078126,0.007869482007812678,1.00000000000001,True,0.007869482007812678,6.034439937850575e-06,0.0012129643407573897,223464,223464,11.547631833315434,11.547631833315434,0.0004922336201893,1.83962205824173e-06,0.0006789434523809,4.268912690008619e-06,357.938409994275,1780.1632387024374,3.531531278140487e-07,9.785424689649223e-07,1.9675607710474897e-07
mp-1246548,In(FeN)2,322560,5,0.0001451752940315,base,middle,True,0.0001,0.13040948437405,0.0291796606562506,0.02917966065625066,1.0000000000000022,True,0.02917966065625066,2.2375412951220197e-05,0.004420318381764095,163160,163160,15.815641088502083,15.815641088502083,0.0005071022232652,4.9306486795686055e-06,0.0013454861111111,1.0302107256165982e-07,357.938409994275,1780.1632387024374,1.3602939990375306e-06,3.919657947635027e-06,7.881277980555031e-07
mp-1246548,In(FeN)2,322560,5,0.0001451752940315,base,,False,0.0003,0.3912284531221499,0.0593191918124986,0.05931919181249867,1.000000000000001,True,0.05931919181249867,4.548686937704242e-05,0.008406488099787182,138280,138280,18.661266994503904,18.661266994503904,0.0012061353804497,9.165999875548891e-06,0.0022383432539682,1.1728765123564244e-05,357.938409994275,1780.1632387024374,2.182369064205969e-06,6.004531690451975e-06,1.2073345181575644e-06
mp-1246548,In(FeN)2,322560,5,0.0001451752940315,base,,False,0.001,1.3040948437405,0.1996724715000013,0.19967247150000134,1.0000000000000002,True,0.19967247150000134,0.00015311192468738408,0.029729908003653605,96752,96752,26.67107656689268,26.671076566892673,0.0008542215267333,3.347814044474262e-05,0.0066561259920634,4.0199558291931226e-05,357.938409994275,1780.1632387024374,7.849268082249307e-06,2.4102751472766854e-05,4.846353610210367e-06
mp-1246548,In(FeN)2,322560,5,0.0001451752940315,base,,False,0.003,3.9122845312215,0.3351892570000032,0.33518925700000324,1.0000000000000002,True,0.33518925700000324,0.000257028281807011,0.05542312951115839,79968,79968,32.26890756302521,32.26890756302521,0.0039843925608051,0.0001212706732296,0.0110491071428571,1.8498169403358133e-05,357.938409994275,1780.1632387024374,2.2777448186397445e-05,5.946016292826457e-05,1.195568794694177e-05
mp-1246548,In(FeN)2,322560,5,0.0001451752940315,base,,False,0.01,13.040948437405,1.1711238490000009,1.1711238490000007,0.9999999999999998,True,1.1711238490000007,0.0008980357944218979,0.18857101261533765,53048,53048,48.64424671995175,48.644246719951745,0.0081174609345726,0.0003662684582241,0.0261625744047619,2.490460837378805e-05,357.938409994275,1780.1632387024374,0.00011094681818049997,0.00026884796719051855,5.405740991287411e-05
mp-1246548,In(FeN)2,322560,5,0.0001451752940315,base,,False,0.03,39.122845312215,4.544603050000006,4.544603050000006,1.0,True,4.544603050000006,0.003484871573423942,0.6109160759684147,34496,34496,74.8051948051948,74.8051948051948,0.0235781079221997,0.0013221710422399,0.0529668898809523,0.000694547465514006,357.938409994275,1780.1632387024374,0.0001791720366842059,0.0006165663488537477,0.00012397333781903567
mp-1246548,In(FeN)2,322560,5,0.0001451752940315,base,loose,True,0.1,130.40948437405,17.403470340000013,17.403470340000013,1.0,True,17.403470340000013,0.01334524894683435,1.916454745718285,22792,22792,113.21867321867322,113.21867321867322,0.2004406792801809,0.0118154633021223,0.1457186259920635,0.017460420481391736,357.938409994275,1780.1632387024374,0.0015090179317987376,0.003799097169936584,0.0007638865755996856
mp-10761,FeTe,327680,4,0.0016631708205121,base,tight,True,1e-05,0.01576942614007,0.0041519059023436,0.0041519059023436,1.0,True,0.0041519059023436,2.6328833183051835e-06,0.0005814161694932364,221112,221112,11.855711132819566,11.855711132819566,0.0082389030894578,1.576691873061975e-06,0.00145263671875,6.144633672988675e-07,218.19938066267764,1643.233386729751,2.1527201215576778e-07,7.465370261029802e-07,9.913011630174315e-08
mp-10761,FeTe,327680,4,0.0016631708205121,base,,False,3e-05,0.04730827842021,0.0068986499531256,0.006898649953125613,1.0000000000000018,True,0.006898649953125613,4.374699429040219e-06,0.0011222816905127825,192752,192752,13.600066406574252,13.600066406574252,0.0090344890842608,3.521507598414076e-06,0.001708984375,2.4384352315109936e-07,218.19938066267764,1643.233386729751,4.299941445911938e-07,1.3885690976518032e-06,1.8438337460872565e-07
mp-10761,FeTe,327680,4,0.0016631708205121,base,,False,0.0001,0.1576942614007,0.028636738562497,0.028636738562497044,1.0000000000000016,True,0.028636738562497044,1.8159658004124383e-05,0.004084630272999461,142232,142232,18.43073288711401,18.43073288711401,0.0108252987854573,1.3377383382362495e-05,0.002972412109375,9.006797348831697e-06,218.19938066267764,1643.233386729751,1.6420033286914858e-06,5.351748956944614e-06,7.106405683439877e-07
mp-10761,FeTe,327680,4,0.0016631708205121,base,,False,0.0003,0.4730827842020999,0.0561050909999991,0.05610509099999916,1.000000000000001,True,0.05610509099999916,3.55783974011816e-05,0.007795367845551072,121176,121176,21.633326731365948,21.633326731365948,0.0139304625459413,1.4003259137140844e-05,0.003643798828125,3.5817036305729744e-06,218.19938066267764,1643.233386729751,3.186543363738364e-06,1.0203037601122876e-05,1.3548267114226812e-06
mp-10761,FeTe,327680,4,0.0016631708205121,base,middle,True,0.001,1.576942614007,0.1972848663749999,0.19728486637499998,1.0000000000000004,True,0.19728486637499998,0.0001251059262541587,0.02773094680415773,84896,84896,30.878251036562386,30.878251036562382,0.0153131580569247,6.78485848393251e-05,0.0085479736328125,4.6306313002730803e-05,218.19938066267764,1643.233386729751,1.2293127140757907e-05,4.137774985544616e-05,5.49441087589003e-06
mp-10761,FeTe,327680,4,0.0016631708205121,base,,False,0.003,4.730827842021,0.6101262869999999,0.6101262869999999,1.0,True,0.6101262869999999,0.0003869045592278551,0.09396161268388735,58016,58016,45.18477661334804,45.18477661334804,0.0343223726965877,0.0004458720656188,0.0224151611328125,5.299458152308034e-07,218.19938066267764,1643.233386729751,5.9337211782132566e-05,0.00018847747832831168,2.5027284238635334e-05
mp-10761,FeTe,327680,4,0.0016631708205121,base,,False,0.01,15.76942614007,1.149888369999999,1.1498883699999993,1.0000000000000002,True,1.1498883699999993,0.0007291884687408765,0.17298131802896305,47376,47376,55.33265788584937,55.33265788584937,0.0233720219351738,0.0008585615025227,0.0318695068359375,0.0002436106791847692,218.19938066267764,1643.233386729751,0.00011623694971414736,0.0003575313946374914,4.747537964319257e-05
mp-10761,FeTe,327680,4,0.0016631708205121,base,,False,0.03,47.30827842021,4.118184350000007,4.118184350000007,1.0,True,4.118184350000007,0.0026114991841939827,0.5490437887752319,30760,30760,85.222366710013,85.222366710013,0.0140157521292874,0.0025528037331614,0.0559600830078125,0.0009760325541847692,218.19938066267764,1643.233386729751,0.0004251461260480614,0.0012597137343891337,0.0001672731085405966
mp-10761,FeTe,327680,4,0.0016631708205121,base,loose,True,0.1,157.6942614007,18.953398,18.953397999999993,0.9999999999999997,True,18.953397999999993,0.012019079091178558,1.7006733822915334,20784,20784,126.12779060816013,126.12779060816013,0.3028905076847739,0.0156392259464919,0.158673095703125,0.01328177994581381,218.19938066267764,1643.233386729751,0.0019042938029684426,0.005670993516633445,0.0007530319692043747
mp-1226636,CeB2Ir2Rh,338688,6,0.0053351040971492,base,tight,True,1e-05,0.0109234329734,0.0019495853867184,0.001949585386718411,1.0000000000000058,True,0.001949585386718411,1.784773515309618e-06,0.00032223831433329504,304832,304832,8.888515641402478,8.888515641402478,0.0009113684886523,8.411996939017286e-07,0.0008149092970521,1.047231670270321e-06,157.82912052376955,1413.5858045209122,2.181059358827692e-07,5.98392215539018e-07,6.681144986370438e-08
mp-1226636,CeB2Ir2Rh,338688,6,0.0053351040971492,base,,False,3e-05,0.0327702989201999,0.0073713558906263,0.007371355890626319,1.0000000000000027,True,0.007371355890626319,6.748204441384447e-06,0.0012092327429018385,231752,231752,11.69139424902482,11.69139424902482,0.0006503794486647,2.7685010151046185e-06,0.0006584230914588,7.25224188613538e-06,157.82912052376955,1413.5858045209122,8.482907082090696e-07,2.2902044464820417e-06,2.5570499679033787e-07
mp-1226636,CeB2Ir2Rh,338688,6,0.0053351040971492,base,,False,0.0001,0.109234329734,0.0137228661640591,0.013722866164059155,1.000000000000004,True,0.013722866164059155,1.2562777835023243e-05,0.002334311242483992,199272,199272,13.597013127785138,13.597013127785138,0.0009260561043622,7.993178420040437e-06,0.0011869331065759,1.605467865317678e-06,157.82912052376955,1413.5858045209122,2.0287129114911356e-06,5.462479113067106e-06,6.09894547283626e-07
mp-1226636,CeB2Ir2Rh,338688,6,0.0053351040971492,base,,False,0.0003,0.327702989202,0.051520892500001,0.051520892500001025,1.0000000000000004,True,0.051520892500001025,4.716547684730725e-05,0.0084147046553445,143320,143320,18.905274909293887,18.905274909293887,0.0047190464344604,3.3987123770007344e-05,0.0021022297808012,2.873220397248133e-05,157.82912052376955,1413.5858045209122,7.217389868703602e-06,2.066304320107816e-05,2.3070618885254774e-06
mp-1226636,CeB2Ir2Rh,338688,6,0.0053351040971492,base,middle,True,0.001,1.09234329734,0.2033125895000012,0.2033125895000012,1.0,True,0.2033125895000012,0.00018612517694308574,0.02977521357452711,99488,99488,27.23448054036668,27.23448054036668,0.0057069080414411,0.0001286704761014,0.0044347600151171,0.00012985772362839043,157.82912052376955,1413.5858045209122,2.9768065646929008e-05,8.20358726408766e-05,9.159436653155763e-06
mp-1226636,CeB2Ir2Rh,338688,6,0.0053351040971492,base,,False,0.003,3.27702989202,0.3319296500000064,0.3319296500000064,1.0,True,0.3319296500000064,0.000303869352069353,0.05505450984031219,81880,81880,33.09115779189057,33.09115779189057,0.0154889077319397,0.0002196450417688,0.007381424792139,0.00011214230412548432,157.82912052376955,1413.5858045209122,4.7966419735324915e-05,0.00015679383056122991,1.7506282463991566e-05
mp-1226636,CeB2Ir2Rh,338688,6,0.0053351040971492,base,,False,0.01,10.9234329734,1.1563429739999975,1.1563429739999975,1.0,True,1.1563429739999975,0.0010585893434928793,0.1845115113511958,54672,54672,49.55926251097454,49.55926251097454,0.037883607246659,0.0008802088243169,0.0175294075963718,0.001960561777508474,157.82912052376955,1413.5858045209122,0.00020499691419610135,0.0005775345758817973,6.448266096898531e-05
mp-1226636,CeB2Ir2Rh,338688,6,0.0053351040971492,base,loose,True,0.03,32.7702989202,3.9012267900000097,3.9012267900000097,1.0,True,3.9012267900000097,0.00357142923795112,0.5935826456458257,35544,35544,76.22957461174882,76.22957461174882,0.1241980487329357,0.0039467756203062,0.0388233418367346,0.0035903803716124116,157.82912052376955,1413.5858045209122,0.0007661334766601943,0.0022215222004228602,0.00024803651394589423
mp-560030,CaF2,344064,6,9.210060489373006e-06,tight,tight,True,1e-07,0.0001226681710275,3.248456752036333e-05,3.248456752036333e-05,1.0,True,3.248456752036333e-05,2.648165962551091e-08,5.334418318841416e-06,571520,571520,4.816125419932811,4.816125419932811,7.932628776075035e-09,7.932628776075035e-09,0.0,7.030237725302868e-09,178.3761680130866,1117.9432501946824,1.2775816649282734e-09,5.492646083997227e-09,8.763925722928184e-10
mp-560030,CaF2,344064,6,9.210060489373006e-06,tight,,False,3e-07,0.0003680045130827,6.722491967181554e-05,6.722491967181554e-05,1.0,True,6.722491967181554e-05,5.48022515610028e-08,1.0663050648015891e-05,528512,528512,5.208040687817873,5.208040687817873,1.2835466023375376e-08,1.2835466023375376e-08,0.0,2.5610404463805025e-08,178.3761680130866,1117.9432501946824,2.978798567508274e-09,1.0940081656669854e-08,1.7455714709375426e-09
mp-560030,CaF2,344064,6,9.210060489373006e-06,tight,,False,1e-06,0.0012266817102758,0.0002409033032222,0.00024090330322223963,1.0000000000001645,True,0.00024090330322223963,1.963861539666034e-07,4.229943265619646e-05,442544,442544,6.219747640912542,6.219747640912542,1.179738829293342e-05,5.74101353123524e-08,2.034505208333333e-05,4.902651795646307e-08,178.3761680130866,1117.9432501946824,1.1620980210423227e-08,4.607965058963071e-08,7.35235128807202e-09
mp-560030,CaF2,344064,6,9.210060489373006e-06,tight,,False,3e-06,0.0036800451308274,0.000505605053565,0.0005056050535650058,1.0000000000000115,True,0.0005056050535650058,4.1217297798573074e-07,8.389145387935759e-05,399688,399688,6.886651588238826,6.886651588238826,2.500916991809987e-05,1.0163093833170933e-07,3.487723214285714e-05,3.1995462279610365e-07,178.3761680130866,1117.9432501946824,2.937431227186292e-08,1.2456311335010017e-07,1.9874972035746278e-08
mp-560030,CaF2,344064,6,9.210060489373006e-06,base,,False,1e-05,0.012266817102758,0.0020062280956949,0.0020062280956949508,1.0000000000000253,True,0.0020062280956949508,1.6354919771681295e-06,0.00032311153260556024,316008,316008,8.710260499734185,8.710260499734185,4.521121439715614e-05,6.530072820254418e-07,0.0001307896205357,1.194156077133357e-06,178.3761680130866,1117.9432501946824,1.1618411290297938e-07,4.6734355456812827e-07,7.456814323532116e-08
mp-560030,CaF2,344064,6,9.210060489373006e-06,base,,False,3e-05,0.036800451308274,0.0075087655468735,0.007508765546873519,1.0000000000000024,True,0.007508765546873519,6.121201191778829e-06,0.0012053515932104106,239432,239432,11.496007217080424,11.496007217080424,0.0001137977860423,2.54843151115125e-06,0.0005754743303571,7.097854222593014e-06,178.3761680130866,1117.9432501946824,3.4972525941002155e-07,1.3368073137607245e-06,2.1329755867212466e-07
mp-560030,CaF2,344064,6,9.210060489373006e-06,base,middle,True,0.0001,0.12266817102758,0.0148844857656236,0.014884485765623623,1.0000000000000016,True,0.014884485765623623,1.2133942848366983e-05,0.0023020127960311394,205936,205936,13.365861238443012,13.365861238443012,0.0002045701747643,3.805406545431822e-06,0.0010637555803571,1.6482867053468908e-06,178.3761680130866,1117.9432501946824,8.728918748626919e-07,3.600479336101199e-06,5.744832815728278e-07
mp-560030,CaF2,344064,6,9.210060489373006e-06,base,,False,0.0003,0.3680045130827399,0.0583555664062487,0.05835556640624873,1.0000000000000004,True,0.05835556640624873,4.75718892010939e-05,0.008359592653953852,149488,149488,18.412929465910302,18.412929465910306,0.0003447272995522,1.0017625392322316e-05,0.0031563895089285,5.799455578880952e-06,178.3761680130866,1117.9432501946824,3.0035256758377353e-06,1.0587129931941732e-05,1.6892553957345764e-06
mp-560030,CaF2,344064,6,9.210060489373006e-06,base,,False,0.001,1.2266817102758,0.1981902649999938,0.19819026499999381,1.0000000000000002,True,0.19819026499999381,0.00016156616939811867,0.029607438993913618,104920,104920,26.234388105223022,26.234388105223026,0.0008663306546861,8.10319029458384e-05,0.0088326590401785,5.2302431768680435e-05,178.3761680130866,1117.9432501946824,1.4727755192921012e-05,4.632163245806352e-05,7.390961296596312e-06
mp-560030,CaF2,344064,6,9.210060489373006e-06,base,,False,0.003,3.6800451308274,0.3290556689999988,0.32905566899999883,1.0000000000000002,True,0.32905566899999883,0.00026824861432556607,0.055051692322561116,86904,86904,31.67301850317592,31.673018503175918,0.0018844147582246,0.0001529282106638,0.0131312779017857,0.00017439957716192112,178.3761680130866,1117.9432501946824,2.0930264026826052e-05,8.058329437426651e-05,1.285766451369425e-05
mp-560030,CaF2,344064,6,9.210060489373006e-06,base,,False,0.01,12.266817102758,1.178173072,1.1781730719999999,0.9999999999999998,True,1.1781730719999999,0.0009604553994166149,0.1858370823745099,57640,57640,47.75350451075642,47.75350451075642,0.0017207914933674,0.000570841920032,0.027707054501488,0.0006743065712058183,178.3761680130866,1117.9432501946824,7.72507266322078e-05,0.00031228061733983546,4.982669724616211e-05
mp-560030,CaF2,344064,6,9.210060489373006e-06,base,loose,True,0.03,36.800451308274,4.101312170000028,4.101312170000028,1.0,True,4.101312170000028,0.003343420005078508,0.6187227659094071,37520,37520,73.36119402985075,73.36119402985075,0.0047414867709907,0.0027195117607465,0.0605526878720238,0.0010230788926364198,178.3761680130866,1117.9432501946824,0.0004473056658698493,0.0018489005407137215,0.0002950058452720252
mp-1246480,CoGeN2,368640,8,0.0001625568721106,tight,tight,True,1e-07,0.0001456689868372,3.269421737783773e-05,3.269421737783773e-05,1.0,True,3.269421737783773e-05,2.244418533258035e-08,5.336931353243854e-06,652192,652192,4.521858593788332,4.521858593788332,2.435331066763524e-05,7.526699263848968e-09,2.7126736111111112e-06,1.417298278738599e-08,157.8739939382158,1354.2137450993953,2.0372516851966665e-09,6.645346176450047e-09,7.74713257618883e-10
mp-1246480,CoGeN2,368640,8,0.0001625568721106,tight,,False,3e-07,0.0004370069605116,6.653624386743218e-05,6.653624386743218e-05,1.0,True,6.653624386743218e-05,4.5676327756562284e-08,1.067838737932839e-05,606112,606112,4.865635394118579,4.865635394118579,3.903523871606751e-05,1.0018584184479096e-08,8.138020833333333e-06,1.0993431942551979e-08,157.8739939382158,1354.2137450993953,5.3435799702540325e-09,1.4453842953157809e-08,1.6850264022414537e-09
mp-1246480,CoGeN2,368640,8,0.0001625568721106,tight,,False,1e-06,0.0014566898683721,0.0002521875485843,0.00025218754858435943,1.0000000000002356,True,0.00025218754858435943,1.7312370605430942e-07,4.2618783757839964e-05,513936,513936,5.738302045390866,5.738302045390866,0.0001726406941395,3.801347148169043e-08,4.069010416666666e-05,2.6225720262118557e-08,157.8739939382158,1354.2137450993953,1.8947181696650627e-08,6.702878942722942e-08,7.814204171250428e-09
mp-1246480,CoGeN2,368640,8,0.0001625568721106,tight,,False,3e-06,0.0043700696051166,0.0010124553759851,0.0010124553759851551,1.0000000000000544,True,0.0010124553759851551,6.950383866653364e-07,0.00016906915502586678,421760,421760,6.992412746585736,6.992412746585736,0.0002697609408794,1.832046727656689e-07,0.0001383463541666,3.4703461437857186e-08,157.8739939382158,1354.2137450993953,5.0353249277685906e-08,1.8160538642407066e-07,2.1171523165537445e-08
mp-1246480,CoGeN2,368640,8,0.0001625568721106,base,,False,1e-05,0.014566898683722,0.0019316317050765,0.0019316317050765974,1.0000000000000504,True,0.0019316317050765974,1.3260418343096793e-06,0.0003330213161055948,375920,375920,7.845073419876569,7.845073419876569,0.0005096305286516,3.642072154974585e-07,0.0002360026041666,1.5126366292861348e-07,157.8739939382158,1354.2137450993953,1.1288416045863047e-07,3.8950629886891357e-07,4.540857400765367e-08
mp-1246480,CoGeN2,368640,8,0.0001625568721106,base,,False,3e-05,0.043700696051166,0.007526125023439,0.007526125023439079,1.0000000000000104,True,0.007526125023439079,5.166593924243642e-06,0.001258821778689544,288152,288152,10.234598406396625,10.234598406396625,0.0007406322772514,1.53187046514347e-06,0.0004584418402777,1.1473235019821004e-06,157.8739939382158,1354.2137450993953,9.476912580984085e-07,2.3411001795009482e-06,2.729250363059645e-07
mp-1246480,CoGeN2,368640,8,0.0001625568721106,base,middle,True,0.0001,0.14566898683722,0.0300501542968767,0.03005015429687674,1.0000000000000013,True,0.03005015429687674,2.0629067963832782e-05,0.004660630187980931,213264,213264,13.828494260634706,13.828494260634706,0.0012218016169347,7.971017041974449e-06,0.0008734809027777,5.046791812901574e-06,157.8739939382158,1354.2137450993953,4.775317085439604e-06,1.021694919284874e-05,1.1910900925174645e-06
mp-1246480,CoGeN2,368640,8,0.0001625568721106,base,,False,0.0003,0.4370069605116599,0.0567649414374997,0.05676494143749977,1.0000000000000013,True,0.05676494143749977,3.896844666115006e-05,0.008864213059576258,181256,181256,16.27046828794633,16.27046828794633,0.0023699904377583,1.0544547968116548e-05,0.0013536241319444,2.7166207317463886e-05,157.8739939382158,1354.2137450993953,6.554254218462251e-06,1.7371757736408538e-05,2.0251963809247996e-06
mp-1246480,CoGeN2,368640,8,0.0001625568721106,base,,False,0.001,1.4566898683722,0.2430882170000003,0.24308821700000038,1.0000000000000004,True,0.24308821700000038,0.00016687712482797931,0.03174658665756062,127712,127712,23.09195690303182,23.09195690303182,0.0070494390512427,3.999589831860106e-05,0.0033799913194444,6.514363786891408e-05,157.8739939382158,1354.2137450993953,2.3919494245972107e-05,6.593088737049016e-05,7.68621094767132e-06
mp-1246480,CoGeN2,368640,8,0.0001625568721106,base,,False,0.003,4.3700696051166,0.6586351539999988,0.6586351539999988,1.0,True,0.6586351539999988,0.0004521450778922494,0.10974435978902099,86368,86368,34.14597999258985,34.14597999258985,0.0112235258339099,0.000195270398386,0.0095757378472222,3.259155454315987e-05,157.8739939382158,1354.2137450993953,6.0693905908701613e-05,0.00020674123131852036,2.410185542575758e-05
mp-1246480,CoGeN2,368640,8,0.0001625568721106,base,,False,0.01,14.566898683722,1.2579750820000015,1.2579750820000015,1.0,True,1.2579750820000015,0.0008635846993332526,0.2019336595378615,70256,70256,41.97677066727397,41.97677066727397,0.0183674385409311,0.0005505784835548,0.0155653211805555,0.0010199258065739514,157.8739939382158,1354.2137450993953,0.00012833222569403317,0.0004173595889170789,4.865570553333514e-05
mp-1246480,CoGeN2,368640,8,0.0001625568721106,base,,False,0.03,43.700696051166,4.717654570000008,4.717654570000008,1.0,True,4.717654570000008,0.003238612880085328,0.6672165260987877,45192,45192,65.25756771109931,65.25756771109931,0.04378213851923,0.0013340113381019,0.0386854383680555,0.005729127195465367,157.8739939382158,1354.2137450993953,0.00038989984753824215,0.0016726213929043638,0.00019499390003971056
mp-1246480,CoGeN2,368640,8,0.0001625568721106,base,loose,True,0.1,145.66898683722,16.21433664999995,16.21433664999995,1.0,True,16.21433664999995,0.011130946265260226,2.083310114698646,29488,29488,100.0108518719479,100.0108518719479,0.0954929878573374,0.0042818743041612,0.0833767361111111,0.015972182751013975,157.8739939382158,1354.2137450993953,0.0012165734365741938,0.004351466828559903,0.0005072932173377037
mp-11419,ThGa2,373248,3,0.0328107202440346,base,tight,True,1e-05,0.01137041804298,0.0017692009492193,0.001769200949219396,1.0000000000000544,True,0.001769200949219396,1.5559682524704409e-06,0.00029458112984308635,271432,271432,11.000854726045564,11.000854726045565,7.622015736608034e-05,9.688841071664456e-07,0.0017280735596707,1.9386079017635893e-06,177.52702976736722,1239.77580154836,1.1111386063793044e-07,5.122626780849465e-07,7.335235256852221e-08
mp-11419,ThGa2,373248,3,0.0328107202440346,base,,False,3e-05,0.03411125412894,0.0078275709101554,0.007827570910155401,1.0000000000000002,True,0.007827570910155401,6.88415402192541e-06,0.0010982325639054043,207736,207736,14.373936149728502,14.373936149728502,0.0005553218014977,4.153419647323631e-06,0.0021996099108367,6.7736974358467705e-06,177.52702976736722,1239.77580154836,5.14387156189011e-07,2.193565693028814e-06,3.14102922154681e-07
mp-11419,ThGa2,373248,3,0.0328107202440346,base,,False,0.0001,0.1137041804298,0.0150513063515624,0.015051306351562488,1.0000000000000058,True,0.015051306351562488,1.3237249760447494e-05,0.0021024504022500025,179400,179400,16.644280936454848,16.644280936454848,4.195884668689587e-05,8.369626181448098e-06,0.0045626500342935,5.95242567413834e-06,177.52702976736722,1239.77580154836,1.0344943822508274e-06,4.454918406997912e-06,6.379124609970548e-07
mp-11419,ThGa2,373248,3,0.0328107202440346,base,middle,True,0.0003,0.3411125412893999,0.0519592777500008,0.051959277750000865,1.000000000000001,True,0.051959277750000865,4.569689307252875e-05,0.007652134971770571,129928,129928,22.981836093836588,22.981836093836588,0.0049719191930392,2.732328897714353e-05,0.007667824074074,3.0399977973161185e-05,177.52702976736722,1239.77580154836,3.998705129719119e-06,1.553776256868672e-05,2.224896497096161e-06
mp-11419,ThGa2,373248,3,0.0328107202440346,base,,False,0.001,1.137041804298,0.1788718857499986,0.17887188574999868,1.0000000000000004,True,0.17887188574999868,0.0001573133767587663,0.026561813308909273,90960,90960,32.82744063324538,32.82744063324538,0.0322466036804218,8.545163544582124e-05,0.012093835733882,0.00012685059525807674,177.52702976736722,1239.77580154836,1.635344882641031e-05,7.079131446668263e-05,1.0136810038478238e-05
mp-11419,ThGa2,373248,3,0.0328107202440346,base,loose,True,0.003,3.411125412894,0.3259050740000013,0.32590507400000135,1.0000000000000002,True,0.32590507400000135,0.00028662541057688937,0.04962199203337892,75304,75304,39.65239562307447,39.65239562307447,0.0588991242565537,0.0001461195826966,0.016375171467764,0.000291102079643224,177.52702976736722,1239.77580154836,2.4167104914643275e-05,9.686888317302779e-05,1.3870931409624648e-05
