material,domain,sentinel,solver,codec,control,codec_error_e,control_median_error_e,difference_e,ratio,relative_linf_mismatch_max,max_added_negative_fraction
mp-631399,bulk,False,baderkit_ongrid,zfp,global,0.0001977131000003851,0.0005346513000006325,0.00033693820000024743,2.704177416668856,2.6909565646053032e-12,0.0
mp-631399,bulk,False,baderkit_ongrid,zfp,shift,0.0001977131000003851,0.00032349239999973634,0.00012577929999935122,1.6361707949503914,0.0,0.0
mp-631399,bulk,False,baderkit_ongrid,zfp,stratified,0.0001977131000003851,0.0003801643000000965,0.00018245119999971138,1.9228078463154743,0.0,0.0
mp-631399,bulk,False,baderkit_ongrid,sz3,global,0.0027671117000007683,0.005161584400000585,0.0023944726999998167,1.8653328667574756,0.0,0.0
mp-631399,bulk,False,baderkit_ongrid,sz3,shift,0.0027671117000007683,0.003817843200000226,0.0010507314999994577,1.3797213896349634,0.0,0.0
mp-631399,bulk,False,baderkit_ongrid,sz3,stratified,0.0027671117000007683,0.003894948700000178,0.0011278369999994098,1.4075863652338634,0.0,0.0
mp-631399,bulk,False,baderkit_ongrid,sperr,global,0.002606498599999618,0.0023654886000006314,-0.00024100999999898676,0.9075349589679342,0.0,0.0
mp-631399,bulk,False,baderkit_ongrid,sperr,shift,0.002606498599999618,0.0021463443999998333,-0.0004601541999997849,0.8234588731412124,0.0,0.0
mp-631399,bulk,False,baderkit_ongrid,sperr,stratified,0.002606498599999618,0.0013504590000001926,-0.0012560395999994256,0.5181123059112291,0.0,0.0
mp-631399,bulk,False,henkelman_ongrid,zfp,global,0.0001980000000001425,0.0005350000000001742,0.0003370000000000317,2.702020202019137,2.6909565646053032e-12,0.0
mp-631399,bulk,False,henkelman_ongrid,zfp,shift,0.0001980000000001425,0.00032399999999999096,0.00012599999999984846,1.636363636362413,0.0,0.0
mp-631399,bulk,False,henkelman_ongrid,zfp,stratified,0.0001980000000001425,0.0003809999999999647,0.0001829999999998222,1.9242424242408611,0.0,0.0
mp-631399,bulk,False,henkelman_ongrid,sz3,global,0.002767000000000408,0.005162000000000333,0.002394999999999925,1.8655583664617172,0.0,0.0
mp-631399,bulk,False,henkelman_ongrid,sz3,shift,0.002767000000000408,0.0038180000000007652,0.0010510000000003572,1.3798337549693538,0.0,0.0
mp-631399,bulk,False,henkelman_ongrid,sz3,stratified,0.002767000000000408,0.003894999999999982,0.0011279999999995738,1.4076617275024963,0.0,0.0
mp-631399,bulk,False,henkelman_ongrid,sperr,global,0.002607000000000248,0.0023660000000003123,-0.0002409999999999357,0.9075565784426879,0.0,0.0
mp-631399,bulk,False,henkelman_ongrid,sperr,shift,0.002607000000000248,0.002146999999999899,-0.000460000000000349,0.8235519754505926,0.0,0.0
mp-631399,bulk,False,henkelman_ongrid,sperr,stratified,0.002607000000000248,0.0013510000000005462,-0.0012559999999997018,0.5182201764481847,0.0,0.0
mp-631399,bulk,False,henkelman_neargrid,zfp,global,0.0010099999999990672,0.0004939999999997724,-0.0005159999999992948,0.4891089108913155,2.6909565646053032e-12,0.0
mp-631399,bulk,False,henkelman_neargrid,zfp,shift,0.0010099999999990672,0.0008179999999988752,-0.00019200000000019202,0.8099009900986442,0.0,0.0
mp-631399,bulk,False,henkelman_neargrid,zfp,stratified,0.0010099999999990672,0.0006590000000006313,-0.0003509999999984359,0.6524752475259802,0.0,0.0
mp-631399,bulk,False,henkelman_neargrid,sz3,global,0.0024439999999987805,0.0027410000000003265,0.00029700000000154603,1.1215220949270435,0.0,0.0
mp-631399,bulk,False,henkelman_neargrid,sz3,shift,0.0024439999999987805,0.0027599999999994296,0.0003160000000006491,1.1292962356795444,0.0,0.0
mp-631399,bulk,False,henkelman_neargrid,sz3,stratified,0.0024439999999987805,0.0021339999999998582,-0.00030999999999892225,0.8731587561378572,0.0,0.0
mp-631399,bulk,False,henkelman_neargrid,sperr,global,0.0004930000000005208,0.001182999999999268,0.0006899999999987472,2.399594320482796,0.0,0.0
mp-631399,bulk,False,henkelman_neargrid,sperr,shift,0.0004930000000005208,0.001090999999998843,0.0005979999999983221,2.2129817444172217,0.0,0.0
mp-631399,bulk,False,henkelman_neargrid,sperr,stratified,0.0004930000000005208,0.0008239999999997139,0.00033099999999919305,1.6713995943181408,0.0,0.0
mp-214,bulk,False,baderkit_ongrid,zfp,global,0.0011264405000002142,0.002233609500001066,0.0011071690000008516,1.9828916840264896,0.0,0.0
mp-214,bulk,False,baderkit_ongrid,zfp,shift,0.0011264405000002142,0.0020744770000007406,0.0009480365000005264,1.841621461586605,1.0313629681159677e-12,0.0
mp-214,bulk,False,baderkit_ongrid,zfp,stratified,0.0011264405000002142,0.0017056759000002586,0.0005792354000000444,1.5142174841901852,0.0,0.0
mp-214,bulk,False,baderkit_ongrid,sz3,global,0.006968982700000126,0.011190448500000727,0.004221465800000601,1.605750649947879,0.0,0.0
mp-214,bulk,False,baderkit_ongrid,sz3,shift,0.006968982700000126,0.011912352399999548,0.0049433696999994226,1.709338781971626,0.0,0.0
mp-214,bulk,False,baderkit_ongrid,sz3,stratified,0.006968982700000126,0.01313954110000104,0.006170558400000914,1.8854317287946205,0.0,0.0
mp-214,bulk,False,baderkit_ongrid,sperr,global,0.0015520216000002307,0.011587659899999991,0.01003563829999976,7.4661717981233435,0.0,0.0
mp-214,bulk,False,baderkit_ongrid,sperr,shift,0.0015520216000002307,0.010850699000000574,0.009298677400000344,6.991332465990784,5.191666614683076e-13,0.0
mp-214,bulk,False,baderkit_ongrid,sperr,stratified,0.0015520216000002307,0.012339702300000255,0.010787680700000024,7.950728456355518,0.0,0.0
mp-214,bulk,False,henkelman_ongrid,zfp,global,0.0011269999999985458,0.002233999999999625,0.0011070000000010793,1.9822537710758719,0.0,0.0
mp-214,bulk,False,henkelman_ongrid,zfp,shift,0.0011269999999985458,0.002074999999999605,0.0009480000000010591,1.8411712511111644,1.0313629681159677e-12,0.0
mp-214,bulk,False,henkelman_ongrid,zfp,stratified,0.0011269999999985458,0.001705999999998653,0.0005790000000001072,1.5137533274186816,0.0,0.0
mp-214,bulk,False,henkelman_ongrid,sz3,global,0.006968999999999781,0.011190999999998397,0.004221999999998616,1.6058257999711218,0.0,0.0
mp-214,bulk,False,henkelman_ongrid,sz3,shift,0.006968999999999781,0.011911999999998812,0.0049429999999990315,1.7092839718753317,0.0,0.0
mp-214,bulk,False,henkelman_ongrid,sz3,stratified,0.006968999999999781,0.01313999999999993,0.006171000000000149,1.8854928971158478,0.0,0.0
mp-214,bulk,False,henkelman_ongrid,sperr,global,0.0015519999999984435,0.01158799999999971,0.010036000000001266,7.466494845368126,0.0,0.0
mp-214,bulk,False,henkelman_ongrid,sperr,shift,0.0015519999999984435,0.010850999999998834,0.00929900000000039,6.991623711346467,5.191666614683076e-13,0.0
mp-214,bulk,False,henkelman_ongrid,sperr,stratified,0.0015519999999984435,0.012339999999998241,0.010787999999999798,7.9510309278418925,0.0,0.0
mp-214,bulk,False,henkelman_neargrid,zfp,global,9.999999999621423e-06,0.00023700000000026478,0.00022700000000064335,23.700000000923705,0.0,0.0
mp-214,bulk,False,henkelman_neargrid,zfp,shift,9.999999999621423e-06,0.00024800000000091416,0.00023800000000129273,24.800000001030288,1.0313629681159677e-12,0.0
mp-214,bulk,False,henkelman_neargrid,zfp,stratified,9.999999999621423e-06,0.00023400000000073362,0.0002240000000011122,23.40000000095923,0.0,0.0
mp-214,bulk,False,henkelman_neargrid,sz3,global,0.003659000000000745,0.0021199999999996777,-0.0015390000000010673,0.5793932768513927,0.0,0.0
mp-214,bulk,False,henkelman_neargrid,sz3,shift,0.003659000000000745,0.0020490000000012998,-0.0016099999999994452,0.5599890680516214,0.0,0.0
mp-214,bulk,False,henkelman_neargrid,sz3,stratified,0.003659000000000745,0.00311100000000053,-0.000548000000000215,0.8502323039081434,0.0,0.0
mp-214,bulk,False,henkelman_neargrid,sperr,global,0.0011799999999997368,0.0026489999999999014,0.0014690000000001646,2.2449152542377053,0.0,0.0
mp-214,bulk,False,henkelman_neargrid,sperr,shift,0.0011799999999997368,0.0019530000000003156,0.0007730000000005788,1.6550847457633484,5.191666614683076e-13,0.0
mp-214,bulk,False,henkelman_neargrid,sperr,stratified,0.0011799999999997368,0.0032200000000006668,0.00204000000000093,2.7288135593232075,0.0,0.0
mp-1178256,bulk,False,baderkit_ongrid,zfp,global,0.0020254824999996757,0.0015294277999995387,-0.000496054700000137,0.7550930704164482,0.0,0.0
mp-1178256,bulk,False,baderkit_ongrid,zfp,shift,0.0020254824999996757,0.001235858399999401,-0.0007896241000002746,0.6101550618184057,4.2403128964136224e-13,0.0
mp-1178256,bulk,False,baderkit_ongrid,zfp,stratified,0.0020254824999996757,0.0013625875000000676,-0.0006628949999996081,0.6727224253975463,0.0,0.0
mp-1178256,bulk,False,baderkit_ongrid,sz3,global,0.006088071499999792,0.009501072099999064,0.003413000599999272,1.560604552689532,0.0,0.0
mp-1178256,bulk,False,baderkit_ongrid,sz3,shift,0.006088071499999792,0.007995120199998595,0.0019070486999988034,1.3132434794826027,0.0,0.0
mp-1178256,bulk,False,baderkit_ongrid,sz3,stratified,0.006088071499999792,0.009750880399998607,0.003662808899998815,1.601636971576129,0.0,0.0
mp-1178256,bulk,False,baderkit_ongrid,sperr,global,0.010632465999998786,0.008800973199999618,-0.0018314927999991681,0.8277452474337207,0.0,0.0
mp-1178256,bulk,False,baderkit_ongrid,sperr,shift,0.010632465999998786,0.00913896029999961,-0.0014935056999991758,0.8595334610052506,0.0,0.0
mp-1178256,bulk,False,baderkit_ongrid,sperr,stratified,0.010632465999998786,0.00856110859999859,-0.0020713574000001955,0.8051856079294839,0.0,0.0
mp-1178256,bulk,False,henkelman_ongrid,zfp,global,0.0020250000000006096,0.0015290000000005577,-0.000496000000000052,0.7550617283951098,0.0,0.0
mp-1178256,bulk,False,henkelman_ongrid,zfp,shift,0.0020250000000006096,0.001236000000000459,-0.0007890000000001507,0.6103703703704133,4.2403128964136224e-13,0.0
mp-1178256,bulk,False,henkelman_ongrid,zfp,stratified,0.0020250000000006096,0.0013630000000004472,-0.0006620000000001625,0.6730864197531046,0.0,0.0
mp-1178256,bulk,False,henkelman_ongrid,sz3,global,0.006088000000000093,0.009501000000000204,0.0034130000000001104,1.5606110381077625,0.0,0.0
mp-1178256,bulk,False,henkelman_ongrid,sz3,shift,0.006088000000000093,0.007995000000001085,0.0019070000000009912,1.313239159001472,0.0,0.0
mp-1178256,bulk,False,henkelman_ongrid,sz3,stratified,0.006088000000000093,0.009750999999999621,0.0036629999999995277,1.6016754270695583,0.0,0.0
mp-1178256,bulk,False,henkelman_ongrid,sperr,global,0.010632000000001085,0.008801000000000059,-0.0018310000000010263,0.8277840481564297,0.0,0.0
mp-1178256,bulk,False,henkelman_ongrid,sperr,shift,0.010632000000001085,0.009139000000001118,-0.0014929999999999666,0.8595748683220641,0.0,0.0
mp-1178256,bulk,False,henkelman_ongrid,sperr,stratified,0.010632000000001085,0.008561000000000263,-0.002071000000000822,0.8052106847253,0.0,0.0
mp-1178256,bulk,False,henkelman_neargrid,zfp,global,0.00035299999999871545,0.0004120000000007451,5.900000000202965e-05,1.1671388102046583,0.0,0.0
mp-1178256,bulk,False,henkelman_neargrid,zfp,shift,0.00035299999999871545,0.00041800000000158377,6.500000000286832e-05,1.1841359773459061,4.2403128964136224e-13,0.0
mp-1178256,bulk,False,henkelman_neargrid,zfp,stratified,0.00035299999999871545,0.0005119999999987357,0.00015900000000002024,1.4504249291801667,0.0,0.0
mp-1178256,bulk,False,henkelman_neargrid,sz3,global,0.0018830000000011893,0.00232800000000033,0.00044499999999914053,1.2363250132760804,0.0,0.0
mp-1178256,bulk,False,henkelman_neargrid,sz3,shift,0.0018830000000011893,0.0031090000000002505,0.0012259999999990612,1.6510886882624995,0.0,0.0
mp-1178256,bulk,False,henkelman_neargrid,sz3,stratified,0.0018830000000011893,0.002391000000000254,0.0005079999999990648,1.269782262346651,0.0,0.0
mp-1178256,bulk,False,henkelman_neargrid,sperr,global,0.0026710000000012,0.001696000000000808,-0.0009750000000003922,0.6349681767128588,0.0,0.0
mp-1178256,bulk,False,henkelman_neargrid,sperr,shift,0.0026710000000012,0.002071000000000822,-0.000600000000000378,0.7753650318232466,0.0,0.0
mp-1178256,bulk,False,henkelman_neargrid,sperr,stratified,0.0026710000000012,0.001848000000000738,-0.0008230000000004623,0.691875701984241,0.0,0.0
mp-1261118,bulk,False,baderkit_ongrid,zfp,global,0.006409089299999948,0.008613191500000283,0.002204102200000335,1.343902557263534,0.0,1.0932944606413945e-06
mp-1261118,bulk,False,baderkit_ongrid,zfp,shift,0.006409089299999948,0.009700519599999069,0.0032914302999991207,1.513556629644581,0.0,1.0932944606413945e-06
mp-1261118,bulk,False,baderkit_ongrid,zfp,stratified,0.006409089299999948,0.008397463199999677,0.001988373899999729,1.3102428140609221,0.0,7.288629737609297e-07
mp-1261118,bulk,False,baderkit_ongrid,sz3,global,0.05660401220000111,0.14091042549999955,0.08430641329999844,2.4894070229883245,3.2064733656801107e-14,4.737609329446063e-06
mp-1261118,bulk,False,baderkit_ongrid,sz3,shift,0.05660401220000111,0.09798397640000012,0.04137996419999901,1.731042952464034,0.0,5.466472303207e-06
mp-1261118,bulk,False,baderkit_ongrid,sz3,stratified,0.05660401220000111,0.12485621400000024,0.06825220179999913,2.205783815444761,0.0,1.4577259475218661e-06
mp-1261118,bulk,False,baderkit_ongrid,sperr,global,0.015074990799998744,0.0730240817000003,0.057949090900001554,4.84405481030253,0.0,-3.6443148688046484e-07
mp-1261118,bulk,False,baderkit_ongrid,sperr,shift,0.015074990799998744,0.059461594400000095,0.04438660360000135,3.9443867786642395,0.0,2.5510204081632674e-06
mp-1261118,bulk,False,baderkit_ongrid,sperr,stratified,0.015074990799998744,0.04928477260000008,0.03420978180000134,3.269306976957106,0.0,-1.4577259475218661e-06
mp-1261118,bulk,False,henkelman_ongrid,zfp,global,0.006409000000000109,0.008612999999999982,0.0022039999999998727,1.3438914027149065,0.0,1.0932944606413945e-06
mp-1261118,bulk,False,henkelman_ongrid,zfp,shift,0.006409000000000109,0.009700999999999738,0.0032919999999996286,1.5136526759244144,0.0,1.0932944606413945e-06
mp-1261118,bulk,False,henkelman_ongrid,zfp,stratified,0.006409000000000109,0.008397000000000432,0.001988000000000323,1.3101887970042578,0.0,7.288629737609297e-07
mp-1261118,bulk,False,henkelman_ongrid,sz3,global,0.05980699999999928,0.13068499999999972,0.07087800000000044,2.185112110622524,3.2064733656801107e-14,4.737609329446063e-06
mp-1261118,bulk,False,henkelman_ongrid,sz3,shift,0.05980699999999928,0.10539900000000024,0.045592000000000965,1.7623187921146608,0.0,5.466472303207e-06
mp-1261118,bulk,False,henkelman_ongrid,sz3,stratified,0.05980699999999928,0.12478499999999926,0.06497799999999998,2.0864614510007318,0.0,1.4577259475218661e-06
mp-1261118,bulk,False,henkelman_ongrid,sperr,global,0.015074999999999505,0.07353199999999971,0.0584570000000002,4.877744610282065,0.0,-3.6443148688046484e-07
mp-1261118,bulk,False,henkelman_ongrid,sperr,shift,0.015074999999999505,0.06042199999999909,0.04534699999999958,4.008092868988462,0.0,2.5510204081632674e-06
mp-1261118,bulk,False,henkelman_ongrid,sperr,stratified,0.015074999999999505,0.049284000000000106,0.0342090000000006,3.269253731343398,0.0,-1.4577259475218661e-06
mp-1261118,bulk,False,henkelman_neargrid,zfp,global,0.0014349999999989649,0.003212000000001325,0.00177700000000236,2.2383275261349422,0.0,1.0932944606413945e-06
mp-1261118,bulk,False,henkelman_neargrid,zfp,shift,0.0014349999999989649,0.001473999999998199,3.899999999923409e-05,1.0271777003479179,0.0,1.0932944606413945e-06
mp-1261118,bulk,False,henkelman_neargrid,zfp,stratified,0.0014349999999989649,0.001585000000002168,0.00015000000000320313,1.1045296167270462,0.0,7.288629737609297e-07
mp-1261118,bulk,False,henkelman_neargrid,sz3,global,0.024410000000001375,0.049870999999999555,0.02546099999999818,2.0430561245389898,3.2064733656801107e-14,4.737609329446063e-06
mp-1261118,bulk,False,henkelman_neargrid,sz3,shift,0.024410000000001375,0.04500100000000096,0.020590999999999582,1.8435477263415987,0.0,5.466472303207e-06
mp-1261118,bulk,False,henkelman_neargrid,sz3,stratified,0.024410000000001375,0.04979900000000015,0.025388999999998774,2.040106513723775,0.0,1.4577259475218661e-06
mp-1261118,bulk,False,henkelman_neargrid,sperr,global,0.006185000000000329,0.01668999999999965,0.01050499999999932,2.6984640258688377,0.0,-3.6443148688046484e-07
mp-1261118,bulk,False,henkelman_neargrid,sperr,shift,0.006185000000000329,0.010732999999998327,0.004547999999997998,1.7353274050117633,0.0,2.5510204081632674e-06
mp-1261118,bulk,False,henkelman_neargrid,sperr,stratified,0.006185000000000329,0.008607999999998839,0.0024229999999985097,1.3917542441387842,0.0,-1.4577259475218661e-06
mp-30772,bulk,False,baderkit_ongrid,zfp,global,0.18723854809999985,0.026046509500000425,-0.16119203859999942,0.13910869190295994,7.045377127781283e-13,0.0
mp-30772,bulk,False,baderkit_ongrid,zfp,shift,0.18723854809999985,0.2084996123000007,0.021261064200000845,1.113550678616915,0.0,0.0
mp-30772,bulk,False,baderkit_ongrid,zfp,stratified,0.18723854809999985,0.2123576538000007,0.025119105700000866,1.134155631705632,0.0,0.0
mp-30772,bulk,False,baderkit_ongrid,sz3,global,2.3233733253999995,0.2838068236,-2.0395665017999995,0.12215291468543432,0.0,0.0
mp-30772,bulk,False,baderkit_ongrid,sz3,shift,2.3233733253999995,0.27496013779999995,-2.0484131875999996,0.1183452245035403,3.0072765799805655e-14,0.0
mp-30772,bulk,False,baderkit_ongrid,sz3,stratified,2.3233733253999995,2.5326957657000007,0.20932244030000113,1.0900941910676207,0.0,0.0
mp-30772,bulk,False,baderkit_ongrid,sperr,global,2.5971400090000003,2.5144485032999997,-0.08269150570000061,0.9681605514475748,7.518136873437244e-15,0.0
mp-30772,bulk,False,baderkit_ongrid,sperr,shift,2.5971400090000003,0.3841911813000003,-2.2129488277,0.14792855986533002,7.518136873437244e-15,0.0
mp-30772,bulk,False,baderkit_ongrid,sperr,stratified,2.5971400090000003,0.38528742119999926,-2.211852587800001,0.14835065489917498,0.0,0.0
mp-30772,bulk,False,henkelman_ongrid,zfp,global,3.969531,2.445578000000001,-1.5239529999999988,0.6160873916843076,7.045377127781283e-13,0.0
mp-30772,bulk,False,henkelman_ongrid,zfp,shift,3.969531,2.453297000000001,-1.516233999999999,0.6180319539008515,0.0,0.0
mp-30772,bulk,False,henkelman_ongrid,zfp,stratified,3.969531,2.436765000000001,-1.5327659999999987,0.6138672301589284,0.0,0.0
mp-30772,bulk,False,henkelman_ongrid,sz3,global,2.209627000000001,3.5768590000000007,1.3672319999999996,1.6187614470677625,0.0,0.0
mp-30772,bulk,False,henkelman_ongrid,sz3,shift,2.209627000000001,2.920439,0.7108119999999989,1.321688683203092,3.0072765799805655e-14,0.0
mp-30772,bulk,False,henkelman_ongrid,sz3,stratified,2.209627000000001,3.641971,1.4323439999999987,1.6482288639666325,0.0,0.0
mp-30772,bulk,False,henkelman_ongrid,sperr,global,3.4471310000000006,3.5045780000000004,0.057446999999999804,1.016665163000768,7.518136873437244e-15,0.0
mp-30772,bulk,False,henkelman_ongrid,sperr,shift,3.4471310000000006,3.364802000000001,-0.08232899999999965,0.9761166604924502,7.518136873437244e-15,0.0
mp-30772,bulk,False,henkelman_ongrid,sperr,stratified,3.4471310000000006,3.5081240000000005,0.06099299999999985,1.0176938445333235,0.0,0.0
mp-30772,bulk,False,henkelman_neargrid,zfp,global,4.940688,2.471851000000001,-2.468836999999999,0.5003050182484708,7.045377127781283e-13,0.0
mp-30772,bulk,False,henkelman_neargrid,zfp,shift,4.940688,2.4705130000000004,-2.4701749999999993,0.5000342057624364,0.0,0.0
mp-30772,bulk,False,henkelman_neargrid,zfp,stratified,4.940688,2.468808000000001,-2.4718799999999987,0.49968911212365585,0.0,0.0
mp-30772,bulk,False,henkelman_neargrid,sz3,global,1.9598820000000003,3.4542360000000016,1.4943540000000013,1.762471414095339,0.0,0.0
mp-30772,bulk,False,henkelman_neargrid,sz3,shift,1.9598820000000003,2.8849750000000007,0.9250930000000004,1.4720146416978166,3.0072765799805655e-14,0.0
mp-30772,bulk,False,henkelman_neargrid,sz3,stratified,1.9598820000000003,3.3259430000000005,1.3660610000000002,1.6970118609181573,0.0,0.0
mp-30772,bulk,False,henkelman_neargrid,sperr,global,3.140745000000001,3.439326000000001,0.29858100000000043,1.0950669347559259,7.518136873437244e-15,0.0
mp-30772,bulk,False,henkelman_neargrid,sperr,shift,3.140745000000001,3.2340170000000015,0.09327200000000069,1.0296974125565752,7.518136873437244e-15,0.0
mp-30772,bulk,False,henkelman_neargrid,sperr,stratified,3.140745000000001,3.2946910000000003,0.15394599999999947,1.049015758999855,0.0,0.0
mp-1079749,bulk,False,baderkit_ongrid,zfp,global,0.10923852260000011,2.9133035958,2.8040650732,26.669196236456578,0.0,0.0
mp-1079749,bulk,False,baderkit_ongrid,zfp,shift,0.10923852260000011,2.9133035958,2.8040650732,26.669196236456578,0.0,0.0
mp-1079749,bulk,False,baderkit_ongrid,zfp,stratified,0.10923852260000011,2.9135000841,2.8042615614999997,26.670994945330733,0.0,0.0
mp-1079749,bulk,False,baderkit_ongrid,sz3,global,2.9204597884,2.9184347452,-0.0020250432000001872,0.9993066012385983,0.0,0.0
mp-1079749,bulk,False,baderkit_ongrid,sz3,shift,2.9204597884,2.9198795338,-0.0005802545999999964,0.999801313956691,0.0,0.0
mp-1079749,bulk,False,baderkit_ongrid,sz3,stratified,2.9204597884,2.9220711228,0.0016113343999997198,1.0005517399713566,0.0,0.0
mp-1079749,bulk,False,baderkit_ongrid,sperr,global,2.9190639731,2.9174809635,-0.0015830096000000182,0.9994576995863784,9.258989067691706e-14,0.0
mp-1079749,bulk,False,baderkit_ongrid,sperr,shift,2.9190639731,0.12095793520000075,-2.7981060378999993,0.04143723341271802,0.0,0.0
mp-1079749,bulk,False,baderkit_ongrid,sperr,stratified,2.9190639731,2.9185808746,-0.0004830985000001675,0.999834502256733,0.0,0.0
mp-1079749,bulk,False,henkelman_ongrid,zfp,global,0.15116099999999988,0.15092399999999984,-0.00023700000000004273,0.9984321352729868,0.0,0.0
mp-1079749,bulk,False,henkelman_ongrid,zfp,shift,0.15116099999999988,0.15119100000000008,3.0000000000196536e-05,1.0001984638894965,0.0,0.0
mp-1079749,bulk,False,henkelman_ongrid,zfp,stratified,0.15116099999999988,0.15119300000000013,3.200000000025405e-05,1.0002116948154633,0.0,0.0
mp-1079749,bulk,False,henkelman_ongrid,sz3,global,0.15167599999999992,0.1534690000000003,0.0017930000000003776,1.0118212505604076,0.0,0.0
mp-1079749,bulk,False,henkelman_ongrid,sz3,shift,0.15167599999999992,0.15478400000000003,0.0031080000000001107,1.020491046704819,0.0,0.0
mp-1079749,bulk,False,henkelman_ongrid,sz3,stratified,0.15167599999999992,0.1526399999999999,0.0009639999999999649,1.006355652838946,0.0,0.0
mp-1079749,bulk,False,henkelman_ongrid,sperr,global,0.15435599999999994,0.15270200000000012,-0.0016539999999998223,0.989284511130116,9.258989067691706e-14,0.0
mp-1079749,bulk,False,henkelman_ongrid,sperr,shift,0.15435599999999994,0.150706,-0.003649999999999931,0.976353364948561,0.0,0.0
mp-1079749,bulk,False,henkelman_ongrid,sperr,stratified,0.15435599999999994,0.15431299999999992,-4.300000000001525e-05,0.9997214232035035,0.0,0.0
mp-1079749,bulk,False,henkelman_neargrid,zfp,global,0.15244499999999994,0.15240199999999993,-4.300000000001525e-05,0.9997179310571025,0.0,0.0
mp-1079749,bulk,False,henkelman_neargrid,zfp,shift,0.15244499999999994,0.15252,7.500000000004725e-05,1.0004919807143564,0.0,0.0
mp-1079749,bulk,False,henkelman_neargrid,zfp,stratified,0.15244499999999994,0.15236499999999986,-8.000000000008001e-05,0.9994752205713531,0.0,0.0
mp-1079749,bulk,False,henkelman_neargrid,sz3,global,0.1898219999999995,0.189438,-0.00038399999999949586,0.9979770521857345,0.0,0.0
mp-1079749,bulk,False,henkelman_neargrid,sz3,shift,0.1898219999999995,0.18785900000000044,-0.001962999999999049,0.9896587329182126,0.0,0.0
mp-1079749,bulk,False,henkelman_neargrid,sz3,stratified,0.1898219999999995,0.15246899999999997,-0.037352999999999525,0.8032209122230319,0.0,0.0
mp-1079749,bulk,False,henkelman_neargrid,sperr,global,0.152941,0.15259599999999995,-0.0003450000000000397,0.9977442281664168,9.258989067691706e-14,0.0
mp-1079749,bulk,False,henkelman_neargrid,sperr,shift,0.152941,0.15284799999999987,-9.300000000012076e-05,0.9993919223752943,0.0,0.0
mp-1079749,bulk,False,henkelman_neargrid,sperr,stratified,0.152941,0.15250799999999987,-0.00043300000000012773,0.9971688428871256,0.0,0.0
nomad-FPTBoTAPMQA8,slab,False,baderkit_ongrid,zfp,global,0.0015430046000002307,0.0013393692000001067,-0.00020363540000012392,0.868026705817926,1.1257135661039438e-13,0.1459862075617284
nomad-FPTBoTAPMQA8,slab,False,baderkit_ongrid,zfp,shift,0.0015430046000002307,0.00172865130000055,0.00018564670000031924,1.1203150658139913,1.1257135661039438e-13,0.15597077546296295
nomad-FPTBoTAPMQA8,slab,False,baderkit_ongrid,zfp,stratified,0.0015430046000002307,0.0014841062000003902,-5.889839999984048e-05,0.9618287592922071,0.0,0.13861255787037038
nomad-FPTBoTAPMQA8,slab,False,baderkit_ongrid,sz3,global,0.0053400852999985204,0.01063614909999977,0.005296063800001249,1.9917564050901428,0.0,-0.01084201388888889
nomad-FPTBoTAPMQA8,slab,False,baderkit_ongrid,sz3,shift,0.0053400852999985204,0.00748425180000023,0.0021441665000017096,1.4015228932770614,0.0,0.0004021990740740722
nomad-FPTBoTAPMQA8,slab,False,baderkit_ongrid,sz3,stratified,0.0053400852999985204,0.007250205800000131,0.0019101205000016108,1.3576947544268891,1.9308968271228733e-13,-0.00035445601851852304
nomad-FPTBoTAPMQA8,slab,False,baderkit_ongrid,sperr,global,0.01286895039999969,0.015282509199999517,0.0024135587999998265,1.1875490016652706,0.0,0.00010850694444444753
nomad-FPTBoTAPMQA8,slab,False,baderkit_ongrid,sperr,shift,0.01286895039999969,0.013183971799999306,0.0003150213999996154,1.024479183632538,0.0,0.00010030864197529965
nomad-FPTBoTAPMQA8,slab,False,baderkit_ongrid,sperr,stratified,0.01286895039999969,0.012384846500000046,-0.00048410389999964387,0.9623820214584357,0.0,-1.3985339506167316e-05
nomad-FPTBoTAPMQA8,slab,False,henkelman_ongrid,zfp,global,0.00154299999999985,0.001338999999999757,-0.000204000000000093,0.8677900194425711,1.1257135661039438e-13,0.1459862075617284
nomad-FPTBoTAPMQA8,slab,False,henkelman_ongrid,zfp,shift,0.00154299999999985,0.0017290000000009798,0.0001860000000011297,1.120544394038333,1.1257135661039438e-13,0.15597077546296295
nomad-FPTBoTAPMQA8,slab,False,henkelman_ongrid,zfp,stratified,0.00154299999999985,0.001484000000000485,-5.8999999999365116e-05,0.9617627997411725,0.0,0.13861255787037038
nomad-FPTBoTAPMQA8,slab,False,henkelman_ongrid,sz3,global,0.0053400000000003445,0.009377000000000635,0.00403700000000029,1.7559925093633015,0.0,-0.01084201388888889
nomad-FPTBoTAPMQA8,slab,False,henkelman_ongrid,sz3,shift,0.0053400000000003445,0.007483999999999824,0.0021439999999994797,1.4014981273407006,0.0,0.0004021990740740722
nomad-FPTBoTAPMQA8,slab,False,henkelman_ongrid,sz3,stratified,0.0053400000000003445,0.007250000000000867,0.0019100000000005224,1.3576779026217975,1.9308968271228733e-13,-0.00035445601851852304
nomad-FPTBoTAPMQA8,slab,False,henkelman_ongrid,sperr,global,0.011033000000000293,0.013352000000000253,0.00231899999999996,1.2101876189612888,0.0,0.00010850694444444753
nomad-FPTBoTAPMQA8,slab,False,henkelman_ongrid,sperr,shift,0.011033000000000293,0.011379999999999946,0.00034699999999965314,1.0314511012416971,0.0,0.00010030864197529965
nomad-FPTBoTAPMQA8,slab,False,henkelman_ongrid,sperr,stratified,0.011033000000000293,0.010136000000000145,-0.0008970000000001477,0.9186984501042216,0.0,-1.3985339506167316e-05
nomad-FPTBoTAPMQA8,slab,False,henkelman_neargrid,zfp,global,0.0006629999999994141,0.0006529999999997926,-9.999999999621423e-06,0.9849170437411309,1.1257135661039438e-13,0.1459862075617284
nomad-FPTBoTAPMQA8,slab,False,henkelman_neargrid,zfp,shift,0.0006629999999994141,0.0005720000000000169,-9.099999999939712e-05,0.8627450980400037,1.1257135661039438e-13,0.15597077546296295
nomad-FPTBoTAPMQA8,slab,False,henkelman_neargrid,zfp,stratified,0.0006629999999994141,0.0008010000000000517,0.0001380000000006376,1.2081447963812362,0.0,0.13861255787037038
nomad-FPTBoTAPMQA8,slab,False,henkelman_neargrid,sz3,global,0.0026049999999999685,0.004275,0.0016700000000000317,1.6410748560460853,0.0,-0.01084201388888889
nomad-FPTBoTAPMQA8,slab,False,henkelman_neargrid,sz3,shift,0.0026049999999999685,0.004002999999999979,0.0013980000000000103,1.536660268714022,0.0,0.0004021990740740722
nomad-FPTBoTAPMQA8,slab,False,henkelman_neargrid,sz3,stratified,0.0026049999999999685,0.003417999999999921,0.0008129999999999526,1.3120921305182198,1.9308968271228733e-13,-0.00035445601851852304
nomad-FPTBoTAPMQA8,slab,False,henkelman_neargrid,sperr,global,0.005005,0.004103,-0.000902,0.8197802197802198,0.0,0.00010850694444444753
nomad-FPTBoTAPMQA8,slab,False,henkelman_neargrid,sperr,shift,0.005005,0.004677,-0.00032800000000000017,0.9344655344655345,0.0,0.00010030864197529965
nomad-FPTBoTAPMQA8,slab,False,henkelman_neargrid,sperr,stratified,0.005005,0.004227,-0.000778,0.8445554445554445,0.0,-1.3985339506167316e-05
nomad-ZvTQv6REajO4,slab,False,baderkit_ongrid,zfp,global,0.0011350343999998458,0.0009076881999998676,-0.00022734619999997818,0.7997010487082955,0.0,0.13021995907738096
nomad-ZvTQv6REajO4,slab,False,baderkit_ongrid,zfp,shift,0.0011350343999998458,0.002490357100000118,0.001355322700000272,2.194080725659466,0.0,0.13082527281746031
nomad-ZvTQv6REajO4,slab,False,baderkit_ongrid,zfp,stratified,0.0011350343999998458,0.0017363263999996548,0.000601291999999809,1.5297566311645627,0.0,0.11983687789351852
nomad-ZvTQv6REajO4,slab,False,baderkit_ongrid,sz3,global,0.004983575499999837,0.007203002899999866,0.002219427400000029,1.4453484049755245,0.0,-0.03379190434854498
nomad-ZvTQv6REajO4,slab,False,baderkit_ongrid,sz3,shift,0.004983575499999837,0.00647908599999969,0.0014955104999998525,1.3000878586067175,0.0,-0.006464688740079383
nomad-ZvTQv6REajO4,slab,False,baderkit_ongrid,sz3,stratified,0.004983575499999837,0.009005246900000152,0.004021671400000315,1.8069851455045571,0.0,-9.843129960318553e-05
nomad-ZvTQv6REajO4,slab,False,baderkit_ongrid,sperr,global,0.006966924199999447,0.00690203250000021,-6.489169999923661e-05,0.9906857462294133,0.0,0.00016870246362435393
nomad-ZvTQv6REajO4,slab,False,baderkit_ongrid,sperr,shift,0.006966924199999447,0.006388722599999674,-0.0005782015999997725,0.9170076229622509,0.0,4.030257936507575e-05
nomad-ZvTQv6REajO4,slab,False,baderkit_ongrid,sperr,stratified,0.006966924199999447,0.00772775300000017,0.0007608288000007235,1.1092058386397807,0.0,-1.2400793650779729e-05
nomad-ZvTQv6REajO4,slab,False,henkelman_ongrid,zfp,global,0.0011350000000005522,0.0009079999999999089,-0.00022700000000064335,0.7999999999995305,0.0,0.13021995907738096
nomad-ZvTQv6REajO4,slab,False,henkelman_ongrid,zfp,shift,0.0011350000000005522,0.002491000000000021,0.0013559999999994687,2.194713656386616,0.0,0.13082527281746031
nomad-ZvTQv6REajO4,slab,False,henkelman_ongrid,zfp,stratified,0.0011350000000005522,0.0017360000000001818,0.0006009999999996296,1.5295154185016187,0.0,0.11983687789351852
nomad-ZvTQv6REajO4,slab,False,henkelman_ongrid,sz3,global,0.00477399999999939,0.007551999999999559,0.0027780000000001692,1.581901968998853,0.0,-0.03379190434854498
nomad-ZvTQv6REajO4,slab,False,henkelman_ongrid,sz3,shift,0.00477399999999939,0.006589999999999208,0.0018159999999998178,1.3803937997486488,0.0,-0.006464688740079383
nomad-ZvTQv6REajO4,slab,False,henkelman_ongrid,sz3,stratified,0.00477399999999939,0.008580000000000254,0.0038060000000008642,1.7972350230417575,0.0,-9.843129960318553e-05
nomad-ZvTQv6REajO4,slab,False,henkelman_ongrid,sperr,global,0.006403000000000603,0.007028999999999286,0.0006259999999986832,1.097766671872345,0.0,0.00016870246362435393
nomad-ZvTQv6REajO4,slab,False,henkelman_ongrid,sperr,shift,0.006403000000000603,0.006388999999999534,-1.4000000001068713e-05,0.9978135249100316,0.0,4.030257936507575e-05
nomad-ZvTQv6REajO4,slab,False,henkelman_ongrid,sperr,stratified,0.006403000000000603,0.007727000000000039,0.0013239999999994367,1.2067780727782778,0.0,-1.2400793650779729e-05
nomad-ZvTQv6REajO4,slab,False,henkelman_neargrid,zfp,global,0.002940000000000609,0.0014950000000002461,-0.0014450000000003627,0.5085034013605226,0.0,0.13021995907738096
nomad-ZvTQv6REajO4,slab,False,henkelman_neargrid,zfp,shift,0.002940000000000609,0.0029159999999999187,-2.4000000000690136e-05,0.9918367346936445,0.0,0.13082527281746031
nomad-ZvTQv6REajO4,slab,False,henkelman_neargrid,zfp,stratified,0.002940000000000609,0.0029000000000003467,-4.000000000026205e-05,0.986394557823043,0.0,0.11983687789351852
nomad-ZvTQv6REajO4,slab,False,henkelman_neargrid,sz3,global,0.002322999999999631,0.003383000000000358,0.001060000000000727,1.4563065002156244,0.0,-0.03379190434854498
nomad-ZvTQv6REajO4,slab,False,henkelman_neargrid,sz3,shift,0.002322999999999631,0.0024160000000001958,9.300000000056485e-05,1.0400344382266808,0.0,-0.006464688740079383
nomad-ZvTQv6REajO4,slab,False,henkelman_neargrid,sz3,stratified,0.002322999999999631,0.0029450000000004195,0.0006220000000007886,1.267757210504041,0.0,-9.843129960318553e-05
nomad-ZvTQv6REajO4,slab,False,henkelman_neargrid,sperr,global,0.0020690000000005426,0.002489999999999881,0.00042099999999933857,1.2034799420005935,0.0,0.00016870246362435393
nomad-ZvTQv6REajO4,slab,False,henkelman_neargrid,sperr,shift,0.0020690000000005426,0.002531000000000283,0.0004619999999997404,1.223296278395176,0.0,4.030257936507575e-05
nomad-ZvTQv6REajO4,slab,False,henkelman_neargrid,sperr,stratified,0.0020690000000005426,0.0028730000000001255,0.0008039999999995828,1.3885935234409725,0.0,-1.2400793650779729e-05
nomad-0kvBRPSc8RU6,slab,False,baderkit_ongrid,zfp,global,0.004513447900000855,0.006217083999999318,0.0017036360999984623,1.377457796731882,0.0,0.06742048611111111
nomad-0kvBRPSc8RU6,slab,False,baderkit_ongrid,zfp,shift,0.004513447900000855,0.004321008999999876,-0.00019243890000097963,0.957363216710457,0.0,0.075296875
nomad-0kvBRPSc8RU6,slab,False,baderkit_ongrid,zfp,stratified,0.004513447900000855,0.009418881800000278,0.004905433899999423,2.0868484601314425,0.0,0.05948142361111111
nomad-0kvBRPSc8RU6,slab,False,baderkit_ongrid,sz3,global,0.18852962939999962,0.22660480080000056,0.03807517140000094,1.2019585543194253,0.0,0.04139513888888889
nomad-0kvBRPSc8RU6,slab,False,baderkit_ongrid,sz3,shift,0.18852962939999962,0.15915632499999965,-0.029373304399999967,0.8441979412282236,1.1750771999474454e-16,0.07734357638888889
nomad-0kvBRPSc8RU6,slab,False,baderkit_ongrid,sz3,stratified,0.18852962939999962,0.2345567224000007,0.046027093000001074,1.2441371849426717,0.0,0.0016949652777777727
nomad-0kvBRPSc8RU6,slab,False,baderkit_ongrid,sperr,global,0.23074413760000034,0.19925539729999997,-0.03148874030000037,0.8635339531156941,1.5041068901654047e-14,0.0006940972222222175
nomad-0kvBRPSc8RU6,slab,False,baderkit_ongrid,sperr,shift,0.23074413760000034,0.18702729730000023,-0.043716840300000115,0.810539757348964,0.0,0.0012508680555555762
nomad-0kvBRPSc8RU6,slab,False,baderkit_ongrid,sperr,stratified,0.23074413760000034,0.21459133769999994,-0.016152799900000403,0.929996921837288,0.0,8.541666666667114e-05
nomad-0kvBRPSc8RU6,slab,False,henkelman_ongrid,zfp,global,0.0036000000000004917,0.19647100000000073,0.19287100000000024,54.57527777777052,0.0,0.06742048611111111
nomad-0kvBRPSc8RU6,slab,False,henkelman_ongrid,zfp,shift,0.0036000000000004917,0.0056469999999997356,0.002046999999999244,1.5686111111108234,0.0,0.075296875
nomad-0kvBRPSc8RU6,slab,False,henkelman_ongrid,zfp,stratified,0.0036000000000004917,0.1956629999999997,0.1920629999999992,54.350833333325824,0.0,0.05948142361111111
nomad-0kvBRPSc8RU6,slab,False,henkelman_ongrid,sz3,global,0.21224799999999888,0.15661199999999909,-0.0556359999999998,0.737872677245486,0.0,0.04139513888888889
nomad-0kvBRPSc8RU6,slab,False,henkelman_ongrid,sz3,shift,0.21224799999999888,0.1362210000000008,-0.07602699999999807,0.6418011005993062,1.1750771999474454e-16,0.07734357638888889
nomad-0kvBRPSc8RU6,slab,False,henkelman_ongrid,sz3,stratified,0.21224799999999888,0.15885699999999936,-0.05339099999999952,0.7484499265010751,0.0,0.0016949652777777727
nomad-0kvBRPSc8RU6,slab,False,henkelman_ongrid,sperr,global,0.19149200000000022,0.18229399999999885,-0.009198000000001372,0.9519666617926527,1.5041068901654047e-14,0.0006940972222222175
nomad-0kvBRPSc8RU6,slab,False,henkelman_ongrid,sperr,shift,0.19149200000000022,0.1451759999999993,-0.04631600000000091,0.7581308879744278,0.0,0.0012508680555555762
nomad-0kvBRPSc8RU6,slab,False,henkelman_ongrid,sperr,stratified,0.19149200000000022,0.1658709999999992,-0.025621000000001004,0.8662032878658066,0.0,8.541666666667114e-05
nomad-0kvBRPSc8RU6,slab,False,henkelman_neargrid,zfp,global,0.001782999999999646,0.2080189999999984,0.20623599999999875,116.66797532251245,0.0,0.06742048611111111
nomad-0kvBRPSc8RU6,slab,False,henkelman_neargrid,zfp,shift,0.001782999999999646,0.002392000000000394,0.0006090000000007478,1.3415591699387934,0.0,0.075296875
nomad-0kvBRPSc8RU6,slab,False,henkelman_neargrid,zfp,stratified,0.001782999999999646,0.20902000000000065,0.207237000000001,117.22938867080323,0.0,0.05948142361111111
nomad-0kvBRPSc8RU6,slab,False,henkelman_neargrid,sz3,global,0.1936080000000011,0.1611659999999997,-0.032442000000001414,0.8324346101400705,0.0,0.04139513888888889
nomad-0kvBRPSc8RU6,slab,False,henkelman_neargrid,sz3,shift,0.1936080000000011,0.17899900000000102,-0.014609000000000094,0.9245434072972191,1.1750771999474454e-16,0.07734357638888889
nomad-0kvBRPSc8RU6,slab,False,henkelman_neargrid,sz3,stratified,0.1936080000000011,0.20401200000000053,0.010403999999999414,1.053737448865746,0.0,0.0016949652777777727
nomad-0kvBRPSc8RU6,slab,False,henkelman_neargrid,sperr,global,0.24938399999999916,0.18004300000000129,-0.06934099999999788,0.7219508869855399,1.5041068901654047e-14,0.0006940972222222175
nomad-0kvBRPSc8RU6,slab,False,henkelman_neargrid,sperr,shift,0.24938399999999916,0.14924200000000098,-0.10014199999999818,0.5984425624739418,0.0,0.0012508680555555762
nomad-0kvBRPSc8RU6,slab,False,henkelman_neargrid,sperr,stratified,0.24938399999999916,0.18334100000000042,-0.06604299999999874,0.7351754723639088,0.0,8.541666666667114e-05
nomad-3Rqsfa2-hyu7,slab,False,baderkit_ongrid,zfp,global,0.011183431600001015,0.019185926000000464,0.008002494399999449,1.7155669821415749,0.0,0.09274025389476778
nomad-3Rqsfa2-hyu7,slab,False,baderkit_ongrid,zfp,shift,0.011183431600001015,0.02779979570000002,0.016616364099999004,2.485801916112895,3.741259435163341e-12,0.09963762125220459
nomad-3Rqsfa2-hyu7,slab,False,baderkit_ongrid,zfp,stratified,0.011183431600001015,0.017147257599999577,0.005963825999998562,1.5332733469750037,0.0,0.07859324478248089
nomad-3Rqsfa2-hyu7,slab,False,baderkit_ongrid,sz3,global,0.06911375109999973,0.08648380870000061,0.017370057600000877,1.2513256381478757,0.0,-0.01073380548206937
nomad-3Rqsfa2-hyu7,slab,False,baderkit_ongrid,sz3,shift,0.06911375109999973,0.04414137690000075,-0.02497237419999898,0.6386771980605307,1.9102040622869266e-13,-0.009083351704879478
nomad-3Rqsfa2-hyu7,slab,False,baderkit_ongrid,sz3,stratified,0.06911375109999973,0.09188097520000049,0.02276722410000076,1.3294167041672962,0.0,0.010376708553791886
nomad-3Rqsfa2-hyu7,slab,False,baderkit_ongrid,sperr,global,0.08095580210000008,0.1072453933999995,0.026289591299999415,1.324740050966642,1.492343684564743e-14,0.0005279523074662174
nomad-3Rqsfa2-hyu7,slab,False,baderkit_ongrid,sperr,shift,0.08095580210000008,0.06208537650000068,-0.018870425599999407,0.7669045934880634,1.492343684564743e-14,0.000615676440329227
nomad-3Rqsfa2-hyu7,slab,False,baderkit_ongrid,sperr,stratified,0.08095580210000008,0.09370571330000033,0.012749911200000241,1.1574922472419087,0.0,5.511463844798392e-05
nomad-3Rqsfa2-hyu7,slab,False,henkelman_ongrid,zfp,global,0.011182999999999055,0.01918599999999948,0.008003000000000426,1.7156398104266388,0.0,0.09274025389476778
nomad-3Rqsfa2-hyu7,slab,False,henkelman_ongrid,zfp,shift,0.011182999999999055,0.027800000000000935,0.01661700000000188,2.485916122686514,3.741259435163341e-12,0.09963762125220459
nomad-3Rqsfa2-hyu7,slab,False,henkelman_ongrid,zfp,stratified,0.011182999999999055,0.017147000000001356,0.005964000000002301,1.533309487615381,0.0,0.07859324478248089
nomad-3Rqsfa2-hyu7,slab,False,henkelman_ongrid,sz3,global,0.06911399999999901,0.08872599999999942,0.019612000000000407,1.2837630581358435,0.0,-0.01073380548206937
nomad-3Rqsfa2-hyu7,slab,False,henkelman_ongrid,sz3,shift,0.06911399999999901,0.04553800000000052,-0.023575999999998487,0.658882426136545,1.9102040622869266e-13,-0.009083351704879478
nomad-3Rqsfa2-hyu7,slab,False,henkelman_ongrid,sz3,stratified,0.06911399999999901,0.08333799999999947,0.014224000000000458,1.2058049020459047,0.0,0.010376708553791886
nomad-3Rqsfa2-hyu7,slab,False,henkelman_ongrid,sperr,global,0.07488599999999934,0.1048019999999994,0.029916000000000054,1.3994872205752786,1.492343684564743e-14,0.0005279523074662174
nomad-3Rqsfa2-hyu7,slab,False,henkelman_ongrid,sperr,shift,0.07488599999999934,0.06755399999999945,-0.007331999999999894,0.9020911785914596,1.492343684564743e-14,0.000615676440329227
nomad-3Rqsfa2-hyu7,slab,False,henkelman_ongrid,sperr,stratified,0.07488599999999934,0.07655399999999979,0.001668000000000447,1.0222738562615237,0.0,5.511463844798392e-05
nomad-3Rqsfa2-hyu7,slab,False,henkelman_neargrid,zfp,global,0.04379199999999983,0.024024999999999963,-0.019766999999999868,0.548616185604678,0.0,0.09274025389476778
nomad-3Rqsfa2-hyu7,slab,False,henkelman_neargrid,zfp,shift,0.04379199999999983,0.035830999999999946,-0.007960999999999885,0.8182088052612368,3.741259435163341e-12,0.09963762125220459
nomad-3Rqsfa2-hyu7,slab,False,henkelman_neargrid,zfp,stratified,0.04379199999999983,0.022732000000001307,-0.021059999999998524,0.5190902447936014,0.0,0.07859324478248089
nomad-3Rqsfa2-hyu7,slab,False,henkelman_neargrid,sz3,global,0.10251500000000036,0.04809200000000047,-0.05442299999999989,0.4691215919621548,0.0,-0.01073380548206937
nomad-3Rqsfa2-hyu7,slab,False,henkelman_neargrid,sz3,shift,0.10251500000000036,0.06249099999999963,-0.040024000000000726,0.6095790859874107,1.9102040622869266e-13,-0.009083351704879478
nomad-3Rqsfa2-hyu7,slab,False,henkelman_neargrid,sz3,stratified,0.10251500000000036,0.050191999999999126,-0.05232300000000123,0.4896063990635415,0.0,0.010376708553791886
nomad-3Rqsfa2-hyu7,slab,False,henkelman_neargrid,sperr,global,0.06277700000000053,0.04878999999999856,-0.01398700000000197,0.7771954696783558,1.492343684564743e-14,0.0005279523074662174
nomad-3Rqsfa2-hyu7,slab,False,henkelman_neargrid,sperr,shift,0.06277700000000053,0.041679000000000244,-0.021098000000000283,0.6639214999123866,1.492343684564743e-14,0.000615676440329227
nomad-3Rqsfa2-hyu7,slab,False,henkelman_neargrid,sperr,stratified,0.06277700000000053,0.05316799999999944,-0.009609000000001089,0.8469343867976965,0.0,5.511463844798392e-05
nomad-9jQMkfdCbgX_,slab,False,baderkit_ongrid,zfp,global,0.023572438300000442,0.022808624299999636,-0.0007638140000008065,0.9675971577365082,2.1005661409262815e-16,0.07282856936177248
nomad-9jQMkfdCbgX_,slab,False,baderkit_ongrid,zfp,shift,0.023572438300000442,0.02266408270000042,-0.0009083556000000215,0.9614653525257078,0.0,0.09790659102182539
nomad-9jQMkfdCbgX_,slab,False,baderkit_ongrid,zfp,stratified,0.023572438300000442,0.022754836400000755,-0.000817601899999687,0.9653153445734262,0.0,0.09241381448412697
nomad-9jQMkfdCbgX_,slab,False,baderkit_ongrid,sz3,global,0.027299429499999306,0.02443427080000049,-0.0028651586999988155,0.8950469386183001,1.2101375701442768e-13,-0.05622804026124337
nomad-9jQMkfdCbgX_,slab,False,baderkit_ongrid,sz3,shift,0.027299429499999306,0.027044971000000473,-0.0002544584999988331,0.9906789810388221,0.0,0.005906653025793657
nomad-9jQMkfdCbgX_,slab,False,baderkit_ongrid,sz3,stratified,0.027299429499999306,0.023639927199999633,-0.003659502299999673,0.8659494953914783,0.0,-0.0019789599867724716
nomad-9jQMkfdCbgX_,slab,False,baderkit_ongrid,sperr,global,0.027515680000000486,0.02323511079999996,-0.004280569200000528,0.8444316404319119,0.0,9.19725529100468e-05
nomad-9jQMkfdCbgX_,slab,False,baderkit_ongrid,sperr,shift,0.027515680000000486,0.023402844899999664,-0.004112835100000822,0.8505275864524973,0.0,1.4725942460325214e-05
nomad-9jQMkfdCbgX_,slab,False,baderkit_ongrid,sperr,stratified,0.027515680000000486,0.02325323470000029,-0.004262445300000195,0.8450903157763093,0.0,-3.100198412697708e-05
nomad-9jQMkfdCbgX_,slab,False,henkelman_ongrid,zfp,global,0.023571999999999704,0.022808999999998747,-0.0007630000000009574,0.9676310877311655,2.1005661409262815e-16,0.07282856936177248
nomad-9jQMkfdCbgX_,slab,False,henkelman_ongrid,zfp,shift,0.023571999999999704,0.022663999999998907,-0.0009080000000007971,0.961479721703682,0.0,0.09790659102182539
nomad-9jQMkfdCbgX_,slab,False,henkelman_ongrid,zfp,stratified,0.023571999999999704,0.02275500000000008,-0.0008169999999996236,0.9653402341761567,0.0,0.09241381448412697
nomad-9jQMkfdCbgX_,slab,False,henkelman_ongrid,sz3,global,0.027298999999999296,0.0244339999999994,-0.0028649999999998954,0.8950511007729232,1.2101375701442768e-13,-0.05622804026124337
nomad-9jQMkfdCbgX_,slab,False,henkelman_ongrid,sz3,shift,0.027298999999999296,0.02704499999999932,-0.00025399999999997647,0.9906956298765529,0.0,0.005906653025793657
nomad-9jQMkfdCbgX_,slab,False,henkelman_ongrid,sz3,stratified,0.027298999999999296,0.023591999999998947,-0.003707000000000349,0.864207480127461,0.0,-0.0019789599867724716
nomad-9jQMkfdCbgX_,slab,False,henkelman_ongrid,sperr,global,0.02751599999999854,0.023234999999999673,-0.004280999999998869,0.8444177932839404,0.0,9.19725529100468e-05
nomad-9jQMkfdCbgX_,slab,False,henkelman_ongrid,sperr,shift,0.02751599999999854,0.023403000000000063,-0.004112999999998479,0.850523331879681,0.0,1.4725942460325214e-05
nomad-9jQMkfdCbgX_,slab,False,henkelman_ongrid,sperr,stratified,0.02751599999999854,0.023252999999998636,-0.004262999999999906,0.8450719581334448,0.0,-3.100198412697708e-05
nomad-9jQMkfdCbgX_,slab,False,henkelman_neargrid,zfp,global,0.028003,0.04069900000000004,0.01269600000000004,1.453379995000537,2.1005661409262815e-16,0.07282856936177248
nomad-9jQMkfdCbgX_,slab,False,henkelman_neargrid,zfp,shift,0.028003,0.027995000000000658,-7.999999999341867e-06,0.9997143163232746,0.0,0.09790659102182539
nomad-9jQMkfdCbgX_,slab,False,henkelman_neargrid,zfp,stratified,0.028003,0.03492600000000046,0.006923000000000457,1.2472235117666128,0.0,0.09241381448412697
nomad-9jQMkfdCbgX_,slab,False,henkelman_neargrid,sz3,global,0.03281400000000012,0.02583800000000025,-0.006975999999999871,0.7874078137380434,1.2101375701442768e-13,-0.05622804026124337
nomad-9jQMkfdCbgX_,slab,False,henkelman_neargrid,sz3,shift,0.03281400000000012,0.02739500000000028,-0.005418999999999841,0.8348570732004686,0.0,0.005906653025793657
nomad-9jQMkfdCbgX_,slab,False,henkelman_neargrid,sz3,stratified,0.03281400000000012,0.029327999999999577,-0.0034860000000005442,0.8937648564636883,0.0,-0.0019789599867724716
nomad-9jQMkfdCbgX_,slab,False,henkelman_neargrid,sperr,global,0.027858999999999412,0.026858000000000715,-0.0010009999999986974,0.9640690620625751,0.0,9.19725529100468e-05
nomad-9jQMkfdCbgX_,slab,False,henkelman_neargrid,sperr,shift,0.027858999999999412,0.026351999999999265,-0.0015070000000001471,0.9459061703578672,0.0,1.4725942460325214e-05
nomad-9jQMkfdCbgX_,slab,False,henkelman_neargrid,sperr,stratified,0.027858999999999412,0.028192999999999913,0.00033400000000050056,1.0119889443268066,0.0,-3.100198412697708e-05
nomad-8tU1rEspJ26T,slab,False,baderkit_ongrid,zfp,global,0.08714843259999938,0.08565130400000065,-0.0014971285999987316,0.9828209348655716,0.0,0.04909490740740741
nomad-8tU1rEspJ26T,slab,False,baderkit_ongrid,zfp,shift,0.08714843259999938,0.05198251620000072,-0.035165916399998665,0.5964825143625255,0.0,0.06074392361111111
nomad-8tU1rEspJ26T,slab,False,baderkit_ongrid,zfp,stratified,0.08714843259999938,0.07263368430000128,-0.014514748299998104,0.8334479706982337,0.0,0.03480439814814815
nomad-8tU1rEspJ26T,slab,False,baderkit_ongrid,sz3,global,0.08432974960000017,0.1648193055,0.08048955589999984,1.9544621712003718,1.4932164790883766e-14,0.019144241898148152
nomad-8tU1rEspJ26T,slab,False,baderkit_ongrid,sz3,shift,0.08432974960000017,0.1012636233999995,0.016933873799999333,1.2008054557296979,4.4796494372651305e-14,0.04485763888888889
nomad-8tU1rEspJ26T,slab,False,baderkit_ongrid,sz3,stratified,0.08432974960000017,0.2911301844999983,0.2068004348999981,3.4522832793991562,0.0,-0.0010541087962962978
nomad-8tU1rEspJ26T,slab,False,baderkit_ongrid,sperr,global,0.2397877091999998,0.17250637859999962,-0.06728133060000019,0.719412930610706,0.0,0.0008220486111111119
nomad-8tU1rEspJ26T,slab,False,baderkit_ongrid,sperr,shift,0.2397877091999998,0.17325120760000168,-0.06653650159999813,0.722519132352601,0.0,0.0027851562500000038
nomad-8tU1rEspJ26T,slab,False,baderkit_ongrid,sperr,stratified,0.2397877091999998,0.18251862730000035,-0.05726908189999946,0.7611675673825591,0.0,-1.3310185185189116e-05
nomad-8tU1rEspJ26T,slab,False,henkelman_ongrid,zfp,global,0.021353000000001288,0.08406100000000016,0.06270799999999888,3.936730201844944,0.0,0.04909490740740741
nomad-8tU1rEspJ26T,slab,False,henkelman_ongrid,zfp,shift,0.021353000000001288,0.04075300000000048,0.019399999999999196,1.9085374420455217,0.0,0.06074392361111111
nomad-8tU1rEspJ26T,slab,False,henkelman_ongrid,zfp,stratified,0.021353000000001288,0.08265300000000053,0.061299999999999244,3.870790989556294,0.0,0.03480439814814815
nomad-8tU1rEspJ26T,slab,False,henkelman_ongrid,sz3,global,0.1162920000000014,0.13415900000000036,0.017866999999998967,1.1536391153303645,1.4932164790883766e-14,0.019144241898148152
nomad-8tU1rEspJ26T,slab,False,henkelman_ongrid,sz3,shift,0.1162920000000014,0.10497399999999857,-0.011318000000002826,0.9026760224262831,4.4796494372651305e-14,0.04485763888888889
nomad-8tU1rEspJ26T,slab,False,henkelman_ongrid,sz3,stratified,0.1162920000000014,0.10622500000000024,-0.010067000000001158,0.9134334262029973,0.0,-0.0010541087962962978
nomad-8tU1rEspJ26T,slab,False,henkelman_ongrid,sperr,global,0.14705700000000022,0.11546400000000112,-0.031592999999999094,0.7851649360452134,0.0,0.0008220486111111119
nomad-8tU1rEspJ26T,slab,False,henkelman_ongrid,sperr,shift,0.14705700000000022,0.12159600000000026,-0.025460999999999956,0.826863053101859,0.0,0.0027851562500000038
nomad-8tU1rEspJ26T,slab,False,henkelman_ongrid,sperr,stratified,0.14705700000000022,0.09407400000000088,-0.052982999999999336,0.639711132418047,0.0,-1.3310185185189116e-05
nomad-8tU1rEspJ26T,slab,False,henkelman_neargrid,zfp,global,0.012722000000000122,0.06765199999999894,0.05492999999999881,5.31771734004074,0.0,0.04909490740740741
nomad-8tU1rEspJ26T,slab,False,henkelman_neargrid,zfp,shift,0.012722000000000122,0.05047599999999974,0.03775399999999962,3.967615154849808,0.0,0.06074392361111111
nomad-8tU1rEspJ26T,slab,False,henkelman_neargrid,zfp,stratified,0.012722000000000122,0.09982000000000113,0.08709800000000101,7.846250589529961,0.0,0.03480439814814815
nomad-8tU1rEspJ26T,slab,False,henkelman_neargrid,sz3,global,0.10804599999999986,0.13818299999999972,0.03013699999999986,1.278927493845213,1.4932164790883766e-14,0.019144241898148152
nomad-8tU1rEspJ26T,slab,False,henkelman_neargrid,sz3,shift,0.10804599999999986,0.14005000000000045,0.03200400000000059,1.2962071710197567,4.4796494372651305e-14,0.04485763888888889
nomad-8tU1rEspJ26T,slab,False,henkelman_neargrid,sz3,stratified,0.10804599999999986,0.11798000000000108,0.00993400000000122,1.0919423208633474,0.0,-0.0010541087962962978
nomad-8tU1rEspJ26T,slab,False,henkelman_neargrid,sperr,global,0.14463300000000068,0.1122329999999998,-0.03240000000000087,0.7759847337744449,0.0,0.0008220486111111119
nomad-8tU1rEspJ26T,slab,False,henkelman_neargrid,sperr,shift,0.14463300000000068,0.11177100000000095,-0.032861999999999725,0.7727904420153107,0.0,0.0027851562500000038
nomad-8tU1rEspJ26T,slab,False,henkelman_neargrid,sperr,stratified,0.14463300000000068,0.11476099999999967,-0.02987200000000101,0.793463455781178,0.0,-1.3310185185189116e-05
mp-1007755,bulk,True,baderkit_ongrid,zfp,global,0.00872765540000131,0.0022003673000003943,-0.006527288100000916,0.2521143651020025,4.817375962289498e-13,0.0
mp-1007755,bulk,True,baderkit_ongrid,zfp,shift,0.00872765540000131,0.0033348500999998976,-0.005392805300001413,0.38210148627080265,4.817375962289498e-13,0.0
mp-1007755,bulk,True,baderkit_ongrid,zfp,stratified,0.00872765540000131,0.002113077900000704,-0.006614577500000607,0.24211289322907806,0.0,0.0
mp-1007755,bulk,True,baderkit_ongrid,sz3,global,0.011119335100000072,0.011827307100000795,0.0007079720000007228,1.0636703538146555,0.0,0.0
mp-1007755,bulk,True,baderkit_ongrid,sz3,shift,0.011119335100000072,0.008377104300000937,-0.0027422307999991347,0.7533817647064961,0.0,0.0
mp-1007755,bulk,True,baderkit_ongrid,sz3,stratified,0.011119335100000072,0.020218292600000964,0.009098957500000893,1.8183005025184316,0.0,0.0
mp-1007755,bulk,True,baderkit_ongrid,sperr,global,0.006745042800000434,0.011916580000001176,0.005171537200000742,1.7667167360302605,0.0,0.0
mp-1007755,bulk,True,baderkit_ongrid,sperr,shift,0.006745042800000434,0.009881632800000872,0.0031365900000004387,1.4650215117982999,0.0,0.0
mp-1007755,bulk,True,baderkit_ongrid,sperr,stratified,0.006745042800000434,0.012364869500000708,0.005619826700000274,1.8331788050329219,0.0,0.0
mp-1007755,bulk,True,henkelman_ongrid,zfp,global,0.008726999999998597,0.0022010000000012298,-0.006525999999997367,0.25220579809803867,4.817375962289498e-13,0.0
mp-1007755,bulk,True,henkelman_ongrid,zfp,shift,0.008726999999998597,0.0034080000000002997,-0.005318999999998297,0.3905122035064567,4.817375962289498e-13,0.0
mp-1007755,bulk,True,henkelman_ongrid,zfp,stratified,0.008726999999998597,0.0021129999999995874,-0.0066139999999990096,0.24212214965050155,0.0,0.0
mp-1007755,bulk,True,henkelman_ongrid,sz3,global,0.0041389999999985605,0.012231999999999132,0.008093000000000572,2.955303213337373,0.0,0.0
mp-1007755,bulk,True,henkelman_ongrid,sz3,shift,0.0041389999999985605,0.014426999999999524,0.010288000000000963,3.485624546993124,0.0,0.0
mp-1007755,bulk,True,henkelman_ongrid,sz3,stratified,0.0041389999999985605,0.011299999999998533,0.007160999999999973,2.7301280502542795,0.0,0.0
mp-1007755,bulk,True,henkelman_ongrid,sperr,global,0.014329999999999288,0.01049699999999909,-0.0038330000000001974,0.7325191905093937,0.0,0.0
mp-1007755,bulk,True,henkelman_ongrid,sperr,shift,0.014329999999999288,0.0074670000000001124,-0.006862999999999175,0.5210746685275983,0.0,0.0
mp-1007755,bulk,True,henkelman_ongrid,sperr,stratified,0.014329999999999288,0.01236399999999982,-0.001965999999999468,0.8628053035589975,0.0,0.0
mp-1007755,bulk,True,henkelman_neargrid,zfp,global,0.012247000000000341,0.008267000000000024,-0.003980000000000317,0.6750224544786311,4.817375962289498e-13,0.0
mp-1007755,bulk,True,henkelman_neargrid,zfp,shift,0.012247000000000341,0.003042999999999907,-0.009204000000000434,0.24846901281945147,4.817375962289498e-13,0.0
mp-1007755,bulk,True,henkelman_neargrid,zfp,stratified,0.012247000000000341,0.005462999999998885,-0.0067840000000014555,0.44606842492028526,0.0,0.0
mp-1007755,bulk,True,henkelman_neargrid,sz3,global,0.01703200000000038,0.018024000000000484,0.000992000000000104,1.0582433067167731,0.0,0.0
mp-1007755,bulk,True,henkelman_neargrid,sz3,shift,0.01703200000000038,0.01823199999999936,0.0011999999999989797,1.0704556129637712,0.0,0.0
mp-1007755,bulk,True,henkelman_neargrid,sz3,stratified,0.01703200000000038,0.015535999999999106,-0.001496000000001274,0.9121653358383489,0.0,0.0
mp-1007755,bulk,True,henkelman_neargrid,sperr,global,0.021736999999999895,0.01979000000000042,-0.001946999999999477,0.9104292220637858,0.0,0.0
mp-1007755,bulk,True,henkelman_neargrid,sperr,shift,0.021736999999999895,0.012979999999998881,-0.008757000000001014,0.5971385195748697,0.0,0.0
mp-1007755,bulk,True,henkelman_neargrid,sperr,stratified,0.021736999999999895,0.01807299999999934,-0.0036640000000005557,0.8314394810691184,0.0,0.0
