material,sentinel,variant,kind,domain_max_e,integrand_max_e,total_max_e,domain_to_integrand,migration_fraction,closure_max_e
mp-1007755,True,float32,float32,7.972289495228324e-12,6.079723391394509e-10,6.000000496442226e-10,0.013112914818645583,0.0,0.0
mp-1007755,True,noise_20260905,noise,0.0017039538699972212,9.469996342659215e-09,0.0017039444000008785,179931.84034522486,0.0008769132653061224,0.0
mp-1007755,True,noise_1,noise,0.0012697668893135727,1.5959017218847293e-08,0.0012697657000000362,79564.22829182755,0.0009732408588435374,0.0
mp-1007755,True,noise_2,noise,0.0017092794594937288,9.679421708597147e-09,0.0017092764999997456,176589.006136138,0.0015744579081632653,0.0
mp-1007755,True,noise_3,noise,0.001646335989981651,1.1942773880946334e-08,0.001646335400000254,137852.06070159614,0.0012157206632653062,0.0
mp-1007755,True,noise_4,noise,0.0015207783285315912,5.671468628065668e-09,0.0015207840000002193,268145.4184557966,0.0007307610544217688,0.0
mp-1007755,True,zfp_0.0001,codec,0.008730483506269593,2.8281062682822267e-06,0.00872765540000131,3087.042238894521,0.001737218324829932,0.0
mp-1007755,True,zfp_0.0001_global_1701,spatial_control,0.002199765159238254,3.364359468349676e-06,0.0022003673000003943,653.843675128243,0.0021192070578231292,0.0
mp-1007755,True,zfp_0.0001_shift_1701,spatial_control,0.00950364646854851,3.3627928814894403e-06,0.009502492600001133,2826.117100717537,0.001488095238095238,0.0
mp-1007755,True,zfp_0.0001_stratified_1701,spatial_control,0.002114420027711006,4.339906219286149e-06,0.002113077900000704,487.2040825017636,0.0017106451955782313,0.0
mp-1007755,True,zfp_0.0001_global_1702,spatial_control,0.0020939361581753246,2.369648024469484e-06,0.0020925686000001775,883.6485995189578,0.0021590667517006803,0.0
mp-1007755,True,zfp_0.0001_shift_1702,spatial_control,0.003335974665040098,3.2836181329543024e-06,0.0033348500999998976,1015.9447688390884,0.0012921184098639456,0.0
mp-1007755,True,zfp_0.0001_stratified_1702,spatial_control,0.0015364661941461577,3.336094145822699e-06,0.001533130100000335,460.55840362600344,0.0010363520408163266,0.0
mp-1007755,True,zfp_0.0001_global_1703,spatial_control,0.0029293320315311178,2.366341464110633e-06,0.002928749100000516,1237.9160302767546,0.0015578497023809525,0.0
mp-1007755,True,zfp_0.0001_shift_1703,spatial_control,0.001705128944067269,2.75285524686808e-06,0.0017055347000010102,619.403779405834,0.0014814519557823128,0.0
mp-1007755,True,zfp_0.0001_stratified_1703,spatial_control,0.0038128914815587223,2.963781557951961e-06,0.0038099277000007703,1286.4954474558224,0.0015013818027210884,0.0
mp-1007755,True,zfp_0.001,codec,0.007659648551820553,2.2728348179512636e-05,0.007682376900000065,337.00858906785714,0.00439453125,0.0
mp-1007755,True,sz3_0.0001,codec,0.010957952323911613,0.00028727632607861153,0.011119335100000072,38.14429289559012,0.0074105814200680275,0.0
mp-1007755,True,sz3_0.0001_global_1701,spatial_control,0.011622291860032163,0.0002700180233077276,0.011827307100000795,43.0426521817277,0.009948315263605442,0.0
mp-1007755,True,sz3_0.0001_shift_1701,spatial_control,0.014570065670682197,0.0003012028225715113,0.014708963500000394,48.372938693902796,0.008267564838435375,0.0
mp-1007755,True,sz3_0.0001_stratified_1701,spatial_control,0.020014289643917493,0.0002869352766943223,0.020218292600000964,69.75193107830762,0.009054793792517007,0.0
mp-1007755,True,sz3_0.0001_global_1702,spatial_control,0.007961382598290712,0.00027299155327575875,0.008180546300000202,29.163475949194034,0.010493064413265306,0.0
mp-1007755,True,sz3_0.0001_shift_1702,spatial_control,0.008235486656481328,0.0002801933935767664,0.008377104300000937,29.3921514399482,0.009091331845238096,0.0
mp-1007755,True,sz3_0.0001_stratified_1702,spatial_control,0.006849474189287719,0.00026074598928715886,0.00658872820000056,26.268761441022246,0.009529788477891156,0.0
mp-1007755,True,sz3_0.0001_global_1703,spatial_control,0.012034700586607272,0.00030127387998035715,0.012232148700000778,39.94604705655839,0.010496386054421769,0.0
mp-1007755,True,sz3_0.0001_shift_1703,spatial_control,0.007845902536249838,0.0003821333502962432,0.00802344989999959,20.53184452539256,0.009107940051020409,0.0
mp-1007755,True,sz3_0.0001_stratified_1703,spatial_control,0.022997237951862814,0.0002816760334578561,0.02322104920000001,81.6442835748169,0.008835565476190476,0.0
mp-1007755,True,sz3_0.001,codec,0.11282139446959683,0.002965524362615213,0.1125190105999998,38.04433235884894,0.028250558035714284,0.0
mp-1007755,True,sperr_0.0001,codec,0.006740956814379473,1.345690973408864e-05,0.006745042800000434,500.92903553506665,0.00800515518707483,0.0
mp-1007755,True,sperr_0.0001_global_1701,spatial_control,0.011939703507591659,2.3123507590483428e-05,0.011916580000001176,516.3448261848255,0.008453576743197279,0.0
mp-1007755,True,sperr_0.0001_shift_1701,spatial_control,0.009865113316479324,2.096854530897474e-05,0.009881632800000872,470.47199369891246,0.008603050595238096,0.0
mp-1007755,True,sperr_0.0001_stratified_1701,spatial_control,0.009784194152041792,1.3912852459441183e-05,0.009771193600000672,703.2486099140865,0.008164593962585034,0.0
mp-1007755,True,sperr_0.0001_global_1702,spatial_control,0.010493570368236504,1.9627974037206286e-05,0.010497749100000675,534.6232040222369,0.008128055909863945,0.0
mp-1007755,True,sperr_0.0001_shift_1702,spatial_control,0.01840513644108377,1.664734053363759e-05,0.018416969300000474,1105.5901934542867,0.00770952912414966,0.0
mp-1007755,True,sperr_0.0001_stratified_1702,spatial_control,0.021724316836669644,2.191293666875538e-05,0.02170240390000089,991.3923069766054,0.008500079719387755,0.0
mp-1007755,True,sperr_0.0001_global_1703,spatial_control,0.019357759905709315,1.74975057092297e-05,0.019340262400000086,1106.3153930276105,0.0083273543792517,0.0
mp-1007755,True,sperr_0.0001_shift_1703,spatial_control,0.006127322580988803,3.561738098767364e-05,0.00609170520000113,172.03181174689203,0.008373857355442178,0.0
mp-1007755,True,sperr_0.0001_stratified_1703,spatial_control,0.01237063791452897,3.0298594323241446e-05,0.012364869500000708,408.2908197836657,0.008011798469387755,0.0
mp-1007755,True,sperr_0.001,codec,0.11621147014670896,0.00016191974670931586,0.11604955039999965,717.7103009884024,0.02725738732993197,0.0
mp-1079749,False,float32,float32,1.0087131130376292e-10,3.840911588781637e-09,3.80000031441341e-09,0.026262336159567783,0.0,0.0
mp-1079749,False,noise_20260905,noise,0.06197593579565197,4.983609080966289e-09,0.061975937300000616,12435954.503806153,0.003658234126984127,0.0
mp-1079749,False,noise_1,noise,2.913303597133548,6.832985732785346e-09,2.9133035971,426358799.95405626,0.17899069349962207,0.0
mp-1079749,False,noise_2,noise,2.913303590708608,9.635557240983417e-09,2.9133035958,302349258.8801509,0.08746397864701436,0.0
mp-1079749,False,noise_3,noise,2.913303598409869,9.150951107983474e-09,2.9133035984,318360743.4934544,0.08956325585789872,0.0
mp-1079749,False,noise_4,noise,2.9133035936,7.230552157011516e-09,2.9133035958,402915784.3464208,0.0948011148904006,0.0
mp-1079749,False,zfp_0.0001,codec,0.10923913546340636,1.5033609432890671e-06,0.10923852260000011,72663.278869286,0.009964923469387755,0.0
mp-1079749,False,zfp_0.0001_global_1701,spatial_control,2.9133040168097337,1.5766110790238486e-06,2.9133035958,1847826.6806380001,0.09695058578987151,0.0
mp-1079749,False,zfp_0.0001_shift_1701,spatial_control,0.08424173944334168,2.179704055471632e-06,0.08424238489999958,38648.2464130269,0.009840915532879819,0.0
mp-1079749,False,zfp_0.0001_stratified_1701,spatial_control,2.9134339853,1.3908694231901109e-06,2.9134339853,2094685.479976777,0.175760582010582,0.0
mp-1079749,False,zfp_0.0001_global_1702,spatial_control,2.9133037628833183,1.4277966062792302e-06,2.9133035958,2040419.3076738352,0.1752615976946334,0.0
mp-1079749,False,zfp_0.0001_shift_1702,spatial_control,2.91330240922799,1.6591701221813082e-06,2.9133035958,1755879.2617347015,0.09253649376417233,0.0
mp-1079749,False,zfp_0.0001_stratified_1702,spatial_control,2.9135215024,1.1733360008037153e-06,2.9135215024,2483109.271687127,0.08781238189720332,0.0
mp-1079749,False,zfp_0.0001_global_1703,spatial_control,0.13068025163467745,1.5285346774973618e-06,0.13067872309999995,85493.80891288481,0.009911777210884353,0.0
mp-1079749,False,zfp_0.0001_shift_1703,spatial_control,2.9133037056537816,2.0729408038988595e-06,2.9133035958,1405396.4783626904,0.09278746220710507,0.0
mp-1079749,False,zfp_0.0001_stratified_1703,spatial_control,2.9135000841,9.358479915455575e-07,2.9135000841,3113219.358721217,0.17611489040060468,0.0
mp-1079749,False,zfp_0.001,codec,0.07726605731186531,1.4661909793378669e-05,0.07725950230000045,5269.849453497438,0.005869708994708994,0.0
mp-1079749,False,sz3_0.0001,codec,2.9204597884,4.6153196273657215e-05,2.9204597884,63277.5197428072,0.0995399896069539,0.0
mp-1079749,False,sz3_0.0001_global_1701,spatial_control,2.9207928272,4.5393176353769604e-05,2.9207928272,64344.314758609034,0.09591128117913832,0.0
mp-1079749,False,sz3_0.0001_shift_1701,spatial_control,0.140164182190337,9.485000966336088e-05,0.14025903220000036,1477.7455762820052,0.013342663454270598,0.0
mp-1079749,False,sz3_0.0001_stratified_1701,spatial_control,2.9133013458962695,4.131182022870661e-05,2.9133035958,70519.80110699372,0.09292328042328042,0.0
mp-1079749,False,sz3_0.0001_global_1702,spatial_control,2.9184347452,3.227178811116005e-05,2.9184347452,90433.00405752116,0.1742104828042328,0.0
mp-1079749,False,sz3_0.0001_shift_1702,spatial_control,2.9198795338,6.6053540320965e-05,2.9198795338,44204.7393616122,0.10115209278155707,0.0
mp-1079749,False,sz3_0.0001_stratified_1702,spatial_control,2.9220711228,5.0427106918604636e-05,2.9220711228,57946.43598167491,0.17300288170823885,0.0
mp-1079749,False,sz3_0.0001_global_1703,spatial_control,2.9152671677,4.468326193940442e-05,2.9152671677,65242.93529987658,0.0987870842781557,0.0
mp-1079749,False,sz3_0.0001_shift_1703,spatial_control,2.9199504733,8.391105852734171e-05,2.9199504733,34798.160392036516,0.09579613095238096,0.0
mp-1079749,False,sz3_0.0001_stratified_1703,spatial_control,2.9248839571,5.074641487379239e-05,2.9248839571,57637.25308229675,0.09647817460317461,0.0
mp-1079749,False,sz3_0.001,codec,2.9215193195,0.0010461820625975449,2.9215193195,2792.5534416506985,0.10051729024943311,0.0
mp-1079749,False,sperr_0.0001,codec,2.9190639731,1.5371424389343247e-05,2.9190639731,189901.9830018966,0.17713352702191987,0.0
mp-1079749,False,sperr_0.0001_global_1701,spatial_control,2.9180094685,1.2383247613101389e-05,2.9180094685,235641.69591608318,0.09958132558578987,0.0
mp-1079749,False,sperr_0.0001_shift_1701,spatial_control,0.1082229632640237,2.24468959526547e-05,0.1082102708999999,4821.288586728831,0.014556169690098262,0.0
mp-1079749,False,sperr_0.0001_stratified_1701,spatial_control,2.921449397,2.290989752129491e-05,2.921449397,127519.0949363476,0.18167457955404384,0.0
mp-1079749,False,sperr_0.0001_global_1702,spatial_control,2.9174809635,1.801282301894247e-05,2.9174809635,161966.89216520626,0.17833522297808013,0.0
mp-1079749,False,sperr_0.0001_shift_1702,spatial_control,0.14261130839324565,1.5050502112146091e-05,0.1426042793000004,9475.518313648496,0.012439177059712774,0.0
mp-1079749,False,sperr_0.0001_stratified_1702,spatial_control,2.9185808746,2.1225484027720398e-05,2.9185808746,137503.61927145428,0.09567802815570672,0.0
mp-1079749,False,sperr_0.0001_global_1703,spatial_control,0.1337878157718455,1.501663841274592e-05,0.1337960063999999,8909.305271563855,0.013643825585789872,0.0
mp-1079749,False,sperr_0.0001_shift_1703,spatial_control,0.12094892358592002,1.149475535111577e-05,0.12095793520000075,10522.09637277576,0.013862315759637188,0.0
mp-1079749,False,sperr_0.0001_stratified_1703,spatial_control,0.09920939626922998,1.1113320349309674e-05,0.09921958249999996,8927.070681931036,0.010723733938019652,0.0
mp-1079749,False,sperr_0.001,codec,2.9223172335,0.00018041238265187332,2.9223172335,16197.985917291226,0.1074646872637944,0.0
mp-1178256,False,float32,float32,4.849276535878744e-11,4.756742555400706e-09,4.800000397153781e-09,0.010194532244283384,0.0,0.0
mp-1178256,False,noise_20260905,noise,0.0005898272244149183,5.142402592639428e-08,0.0005898350000004271,11469.876459287081,0.00011654449588477366,0.0
mp-1178256,False,noise_1,noise,0.0006164589875448101,4.768453010228768e-08,0.0006164976000002653,12927.861220870776,0.00011252572016460906,0.0
mp-1178256,False,noise_2,noise,0.0006652555417305805,4.809020559548571e-08,0.00066527989999976,13833.493400432226,0.00012699331275720164,0.0
mp-1178256,False,noise_3,noise,0.0006424355969993911,4.4341112115375836e-08,0.0006424245999996359,14488.486335835914,0.00011734825102880659,0.0
mp-1178256,False,noise_4,noise,0.0004958351050898813,5.055891083571851e-08,0.0004958623000002049,9807.076475618758,0.00010127314814814815,0.0
mp-1178256,False,zfp_0.0001,codec,0.0020268774557958835,9.833390284263999e-06,0.0020254824999996757,206.1219373179379,0.0011983989197530865,0.0
mp-1178256,False,zfp_0.0001_global_1701,spatial_control,0.0015324812587920178,7.568948921843344e-06,0.0015294277999995387,202.469494062697,0.0016951195987654321,0.0
mp-1178256,False,zfp_0.0001_shift_1701,spatial_control,0.0012370158126788766,9.38322929933122e-06,0.001235858399999401,131.8326317323444,0.0014789094650205761,0.0
mp-1178256,False,zfp_0.0001_stratified_1701,spatial_control,0.001484789554433874,7.2797664989465716e-06,0.0014824199999994292,203.96115104086547,0.001418627829218107,0.0
mp-1178256,False,zfp_0.0001_global_1702,spatial_control,0.0011557996700348738,7.29936328713876e-06,0.0011586413999999934,158.34253270711366,0.0015898276748971193,0.0
mp-1178256,False,zfp_0.0001_shift_1702,spatial_control,0.001201948597738145,7.759449964339638e-06,0.0012057411999997214,154.9012627521255,0.0014419367283950617,0.0
mp-1178256,False,zfp_0.0001_stratified_1702,spatial_control,0.0013231797534505318,6.9453606261760115e-06,0.001323937999999636,190.51275011749107,0.0014411329732510287,0.0
mp-1178256,False,zfp_0.0001_global_1703,spatial_control,0.001946320272059765,5.846792358710218e-06,0.0019419750999993823,332.88684677851575,0.0016396604938271604,0.0
mp-1178256,False,zfp_0.0001_shift_1703,spatial_control,0.0016794860310360704,7.396018771643753e-06,0.0016740750999995058,227.07974153272835,0.0014443479938271604,0.0
mp-1178256,False,zfp_0.0001_stratified_1703,spatial_control,0.0013593465600090227,6.918240918807328e-06,0.0013625875000000676,196.4873117259651,0.0013953189300411522,0.0
mp-1178256,False,zfp_0.001,codec,0.0030895045226344564,9.245176736794036e-05,0.003103037800000763,33.417473895753865,0.006004050925925926,0.0
mp-1178256,False,sz3_0.0001,codec,0.00542736701825941,0.0009748637198150334,0.006088071499999792,5.567308443162883,0.009591210133744857,0.0
mp-1178256,False,sz3_0.0001_global_1701,spatial_control,0.008471864187953315,0.0007774072900792461,0.008832855899999714,10.897587784505756,0.01548755787037037,0.0
mp-1178256,False,sz3_0.0001_shift_1701,spatial_control,0.006429883382228496,0.0011804169585882818,0.0068413963999987,5.44712894494358,0.013456468621399176,0.0
mp-1178256,False,sz3_0.0001_stratified_1701,spatial_control,0.009998949593498452,0.0008546289202122637,0.01017006070000015,11.69975571504767,0.013598733281893004,0.0
mp-1178256,False,sz3_0.0001_global_1702,spatial_control,0.010790562445803786,0.0008024615452919548,0.011212580499998737,13.446828086793767,0.015514081790123457,0.0
mp-1178256,False,sz3_0.0001_shift_1702,spatial_control,0.007720720351306554,0.0011559168705357337,0.007995120199998595,6.679304150763216,0.01231835133744856,0.0
mp-1178256,False,sz3_0.0001_stratified_1702,spatial_control,0.0094977603087667,0.0008465207953278764,0.009750880399998607,11.219760177407109,0.013554526748971193,0.0
mp-1178256,False,sz3_0.0001_global_1703,spatial_control,0.009136115901203112,0.0008040221638294653,0.009501072099999064,11.363014991637595,0.015523726851851851,0.0
mp-1178256,False,sz3_0.0001_shift_1703,spatial_control,0.007450197379764489,0.0015506821621675826,0.00814299279999986,4.8044644876487235,0.012495177469135803,0.0
mp-1178256,False,sz3_0.0001_stratified_1703,spatial_control,0.007991416428717812,0.0008446795981527089,0.00814994719999973,9.46088486829186,0.013511123971193416,0.0
mp-1178256,False,sz3_0.001,codec,0.013996928955202215,0.010769181257976435,0.017271099799999412,1.2997208069866106,0.03955761316872428,0.0
mp-1178256,False,sperr_0.0001,codec,0.010605003096634036,7.898816373863582e-05,0.010632465999998786,134.2606612773651,0.014658886316872429,0.0
mp-1178256,False,sperr_0.0001_global_1701,spatial_control,0.009031074449437071,0.0001030560197206043,0.009035441099999986,87.63267273392921,0.014846161265432098,0.0
mp-1178256,False,sperr_0.0001_shift_1701,spatial_control,0.008836259558272275,0.00013418352629468444,0.008814828599998492,65.85204460096466,0.014457947530864197,0.0
mp-1178256,False,sperr_0.0001_stratified_1701,spatial_control,0.008493586918399743,0.00010563107391003967,0.00856110859999859,80.4080333939734,0.014567258230452676,0.0
mp-1178256,False,sperr_0.0001_global_1702,spatial_control,0.007735870930295263,0.00010389542764066562,0.0077542999999984374,74.4582423497083,0.014552790637860082,0.0
mp-1178256,False,sperr_0.0001_shift_1702,spatial_control,0.010446036018199933,0.00010252624871043281,0.010467134199998895,101.88645492826825,0.014562435699588478,0.0
mp-1178256,False,sperr_0.0001_stratified_1702,spatial_control,0.008346122006962275,8.892213407474259e-05,0.008335721699999965,93.85876861600092,0.014534304269547325,0.0
mp-1178256,False,sperr_0.0001_global_1703,spatial_control,0.008836216275474484,0.00013495858275991424,0.008800973199999618,65.47354080617274,0.014632362397119342,0.0
mp-1178256,False,sperr_0.0001_shift_1703,spatial_control,0.00913181403617358,0.00010664097906509795,0.00913896029999961,85.63137844598326,0.014609053497942387,0.0
mp-1178256,False,sperr_0.0001_stratified_1703,spatial_control,0.011970538854916057,9.70773510955425e-05,0.011926222199999614,123.3092860469048,0.014693447788065844,0.0
mp-1178256,False,sperr_0.001,codec,0.014460838571391577,0.0013090306950189756,0.014336063400000043,11.04698203519357,0.04645061728395062,0.0
mp-1261118,False,float32,float32,7.274375732357896e-05,1.0369884506644667e-08,7.274349999875085e-05,7014.905255402532,7.28862973760933e-07,0.0
mp-1261118,False,noise_20260905,noise,0.0003237545294716426,1.2557770601162588e-07,0.00032372500000033,2578.1210674581816,8.090379008746356e-05,0.0
mp-1261118,False,noise_1,noise,0.0003976756998724795,1.2647250002828514e-07,0.00039767640000043514,3144.3649788178514,9.183673469387755e-05,0.0
mp-1261118,False,noise_2,noise,0.0006804171413143933,1.3069300308643506e-07,0.0006804671999987022,5206.224704044737,8.236151603498542e-05,0.0
mp-1261118,False,noise_3,noise,0.0006590130466790356,1.3785964725343547e-07,0.0006590326999997842,4780.318677789254,9.475218658892128e-05,0.0
mp-1261118,False,noise_4,noise,0.0006383637775471129,1.5758900673290555e-07,0.0006383517999992705,4050.81414485379,8.053935860058309e-05,0.0
mp-1261118,False,zfp_0.0001,codec,0.006407320222319157,1.3495994187096017e-05,0.006409089299999948,474.75718598378,0.003083819241982507,0.0
mp-1261118,False,zfp_0.0001_global_1701,spatial_control,0.008619684792579019,1.3471709820578326e-05,0.008613191500000283,639.8359901882882,0.004608236151603499,0.0
mp-1261118,False,zfp_0.0001_shift_1701,spatial_control,0.010093251112914814,2.2392163163686973e-05,0.01008267189999934,450.7492661219477,0.004095845481049563,0.0
mp-1261118,False,zfp_0.0001_stratified_1701,spatial_control,0.007374637988679211,1.547823731229414e-05,0.007381576800000289,476.4520558695429,0.003948979591836735,0.0
mp-1261118,False,zfp_0.0001_global_1702,spatial_control,0.006424701240620223,1.0407082173813365e-05,0.0064287391000004135,617.3393400108114,0.0045535714285714285,0.0
mp-1261118,False,zfp_0.0001_shift_1702,spatial_control,0.008438106969345771,2.5363959757385146e-05,0.008438319200000155,332.68097923428036,0.0038808309037900875,0.0
mp-1261118,False,zfp_0.0001_stratified_1702,spatial_control,0.011718247680304827,1.2282451502532155e-05,0.011717069799999535,954.0642336661366,0.004186953352769679,0.0
mp-1261118,False,zfp_0.0001_global_1703,spatial_control,0.008686450015011005,1.267547442651562e-05,0.008685723099999265,685.2958495060319,0.0046556122448979595,0.0
mp-1261118,False,zfp_0.0001_shift_1703,spatial_control,0.009711059872079986,1.8385394501052588e-05,0.009700519599999069,528.1942615658323,0.004116618075801749,0.0
mp-1261118,False,zfp_0.0001_stratified_1703,spatial_control,0.008393742707960783,8.551538558165817e-06,0.008397463199999677,981.547665471922,0.004165087463556851,0.0
mp-1261118,False,zfp_0.001,codec,0.06833228179970874,0.0002572024332359035,0.06850942250000003,265.6750985595655,0.024055758017492712,0.0
mp-1261118,False,sz3_0.0001,codec,0.0563286646859531,0.0025812174626373974,0.05660401220000111,21.822518056420726,0.03196465014577259,0.0
mp-1261118,False,sz3_0.0001_global_1701,spatial_control,0.14371123830121313,0.0012187066661857315,0.14259605720000001,117.92110627489704,0.04492711370262391,0.0
mp-1261118,False,sz3_0.0001_shift_1701,spatial_control,0.09667388216254125,0.00273865489108438,0.09798397640000012,35.29976795442922,0.03778862973760933,0.0
mp-1261118,False,sz3_0.0001_stratified_1701,spatial_control,0.12712070822620092,0.0025610722449993517,0.12523840029999977,49.63573693573533,0.04355502915451895,0.0
mp-1261118,False,sz3_0.0001_global_1702,spatial_control,0.14208843925204073,0.001267297802423073,0.14091042549999955,112.11921852966815,0.04570080174927114,0.0
mp-1261118,False,sz3_0.0001_shift_1702,spatial_control,0.10595085481026878,0.003125692896437826,0.10572050320000059,33.89675771762956,0.034779518950437315,0.0
mp-1261118,False,sz3_0.0001_stratified_1702,spatial_control,0.12692307354230747,0.002444765244124625,0.12485621400000024,51.916262245356684,0.0440131195335277,0.0
mp-1261118,False,sz3_0.0001_global_1703,spatial_control,0.13658039268310596,0.00125153746381379,0.13568031280000037,109.13008729831125,0.04501895043731778,0.0
mp-1261118,False,sz3_0.0001_shift_1703,spatial_control,0.09142557246255834,0.004369598685350695,0.0934280097000002,20.92310508264003,0.03682981049562682,0.0
mp-1261118,False,sz3_0.0001_stratified_1703,spatial_control,0.12093775029241138,0.002623236311511512,0.11900570360000007,46.1024993294359,0.043622084548104956,0.0
mp-1261118,False,sz3_0.001,codec,0.7614971617612314,0.029902571288984436,0.7618635367,25.465942523870954,0.09346938775510204,0.0
mp-1261118,False,sperr_0.0001,codec,0.01514618396319456,0.00021050843224390547,0.015074990799998744,71.95048579168288,0.010398688046647231,0.0
mp-1261118,False,sperr_0.0001_global_1701,spatial_control,0.08146370010999959,6.817954301396867e-05,0.08141203250000029,1194.8408057429963,0.027927842565597667,0.0
mp-1261118,False,sperr_0.0001_shift_1701,spatial_control,0.05946346030329508,0.0002223797564031571,0.059461594400000095,267.39601331108787,0.02062572886297376,0.0
mp-1261118,False,sperr_0.0001_stratified_1701,spatial_control,0.05672926104710285,0.00015053210471238643,0.056761944099999795,376.8582200819712,0.01999052478134111,0.0
mp-1261118,False,sperr_0.0001_global_1702,spatial_control,0.07232266683037203,0.0001473308549257979,0.07232151120000019,490.8860867385641,0.028229956268221574,0.0
mp-1261118,False,sperr_0.0001_shift_1702,spatial_control,0.06968556103596946,0.000130076970364712,0.06975097449999978,535.7255849408539,0.01900109329446064,0.0
mp-1261118,False,sperr_0.0001_stratified_1702,spatial_control,0.04928798879107177,0.00016042413225614283,0.04928477260000008,307.2355019030154,0.020019679300291544,0.0
mp-1261118,False,sperr_0.0001_global_1703,spatial_control,0.07303901438820182,6.976600419328349e-05,0.0730240817000003,1046.914112865782,0.02786734693877551,0.0
mp-1261118,False,sperr_0.0001_shift_1703,spatial_control,0.037637580078230926,0.0001419545274465861,0.03775582990000004,265.13828586688084,0.018854591836734692,0.0
mp-1261118,False,sperr_0.0001_stratified_1703,spatial_control,0.04911419887832302,0.00013983513361459643,0.049154268700000614,351.2293199053112,0.01996209912536443,0.0
mp-1261118,False,sperr_0.001,codec,0.0912390303928845,0.002254897884803153,0.09330304220000052,40.46259966262261,0.041479227405247815,0.0
mp-214,False,float32,float32,1.816324868286756e-11,1.379653369326661e-08,1.379999936546028e-08,0.0013165081234667027,0.0,0.0
mp-214,False,noise_20260905,noise,4.0317971183867485e-11,1.3340319071630802e-08,1.3300001100446934e-08,0.003022264382686821,0.0,0.0
mp-214,False,noise_1,noise,4.532019204361859e-11,6.954680387138978e-09,7.000000579182597e-09,0.006516502487652412,0.0,0.0
mp-214,False,noise_2,noise,3.2384761539105966e-11,1.331168419937967e-08,1.3299999324090095e-08,0.0024328072281503727,0.0,0.0
mp-214,False,noise_3,noise,4.25472990173148e-11,1.2157453710415211e-08,1.2200001009432526e-08,0.00349968834188238,0.0,0.0
mp-214,False,noise_4,noise,3.675104665035178e-11,3.136324977504046e-08,3.140000082169081e-08,0.0011717869453566334,0.0,0.0
mp-214,False,zfp_0.0001,codec,0.0011168723391410396,9.56818772834822e-06,0.0011264405000002142,116.7276783075668,0.0002049927113702624,0.0
mp-214,False,zfp_0.0001_global_1701,spatial_control,0.0025607286627238324,8.026964291474314e-06,0.002568755600000472,319.01582836785025,0.0004213739067055394,0.0
mp-214,False,zfp_0.0001_shift_1701,spatial_control,0.0017319568855729273,6.764341422993425e-06,0.0017387212000006258,256.0422038552992,0.0003074890670553936,0.0
mp-214,False,zfp_0.0001_stratified_1701,spatial_control,0.0016967583802518504,8.917519748408154e-06,0.0017056759000002586,190.2724555843832,0.00027901785714285713,0.0
mp-214,False,zfp_0.0001_global_1702,spatial_control,0.0019187854138191796,8.802413242747775e-06,0.0019275878000009072,217.98401880303095,0.00027901785714285713,0.0
mp-214,False,zfp_0.0001_shift_1702,spatial_control,0.002064973969062578,9.503057780690938e-06,0.0020744770000007406,217.29573961534305,0.0003074890670553936,0.0
mp-214,False,zfp_0.0001_stratified_1702,spatial_control,0.0018741893196452253,8.677107341981127e-06,0.0018828664000007933,215.9924091958181,0.00028471209912536445,0.0
mp-214,False,zfp_0.0001_global_1703,spatial_control,0.0022260595268619454,7.5500000118466915e-06,0.002233609500001066,294.8423209760317,0.0003473487609329446,0.0
mp-214,False,zfp_0.0001_shift_1703,spatial_control,0.0021982630861803187,8.282340520082698e-06,0.0022065453999999818,265.4156854394064,0.0003815142128279883,0.0
mp-214,False,zfp_0.0001_stratified_1703,spatial_control,0.0015052734210172503,8.80920590340395e-06,0.0015140825999999663,170.8750411243765,0.00024485240524781344,0.0
mp-214,False,zfp_0.001,codec,0.008026214843480872,0.00015197645651987557,0.008178191300000748,52.812225177991294,0.0027958728134110785,0.0
mp-214,False,sz3_0.0001,codec,0.006909287023018962,0.0004904298230190562,0.006968982700000126,14.088227711124519,0.004111242711370262,0.0
mp-214,False,sz3_0.0001_global_1701,spatial_control,0.010596703891895487,0.0003574949918938586,0.010789334400000072,29.641545006710704,0.006041590743440233,0.0
mp-214,False,sz3_0.0001_shift_1701,spatial_control,0.009794726674833498,0.0004195350748332771,0.009925317100000441,23.34662168288531,0.005090652332361516,0.0
mp-214,False,sz3_0.0001_stratified_1701,spatial_control,0.013396442205403147,0.000346762605403228,0.01359980510000014,38.63289177281755,0.005620216836734694,0.0
mp-214,False,sz3_0.0001_global_1702,spatial_control,0.010965008517528574,0.0003246855175280672,0.011190448500000727,33.7711660224596,0.0061782525510204085,0.0
mp-214,False,sz3_0.0001_shift_1702,spatial_control,0.013403044919872542,0.0005136359198711915,0.013439534499999795,26.094446282560863,0.004919825072886298,0.0
mp-214,False,sz3_0.0001_stratified_1702,spatial_control,0.010800679224336918,0.0003304392243368426,0.011020365500000295,32.68582670841443,0.005751184402332361,0.0
mp-214,False,sz3_0.0001_global_1703,spatial_control,0.013488639348265608,0.0003581848482649974,0.01368058000000083,37.658319199159,0.006183946793002915,0.0
mp-214,False,sz3_0.0001_shift_1703,spatial_control,0.011687458764411573,0.00032523186441046903,0.011912352399999548,35.93577396113024,0.0047262208454810495,0.0
mp-214,False,sz3_0.0001_stratified_1703,spatial_control,0.01294499923466752,0.00035558363466670073,0.01313954110000104,36.4049353587413,0.005215925655976676,0.0
mp-214,False,sz3_0.001,codec,0.009823915330560595,0.006563766930559822,0.010592715099999594,1.4966886293329607,0.01753257106413994,0.0
mp-214,False,sperr_0.0001,codec,0.0014855361288397262,6.648547116050452e-05,0.0015520216000002307,22.34377079547876,0.0009907981049562683,0.0
mp-214,False,sperr_0.0001_global_1701,spatial_control,0.012856277446191555,4.5076653808706624e-05,0.012901354100000262,285.20922384235064,0.003553206997084548,0.0
mp-214,False,sperr_0.0001_shift_1701,spatial_control,0.010689598693781832,4.282359378215972e-05,0.0107105255000004,249.6193745008648,0.00235172193877551,0.0
mp-214,False,sperr_0.0001_stratified_1701,spatial_control,0.011562898741598104,5.364225840231995e-05,0.011616541000000424,215.55577796288355,0.002681987973760933,0.0
mp-214,False,sperr_0.0001_global_1702,spatial_control,0.011555705558439655,3.1954387939236994e-05,0.011587659899999991,361.6312595444938,0.00329696610787172,0.0
mp-214,False,sperr_0.0001_shift_1702,spatial_control,0.01083071243585998,4.376388190507896e-05,0.010850699000000574,247.48061562160086,0.0026762937317784258,0.0
mp-214,False,sperr_0.0001_stratified_1702,spatial_control,0.012788695567957475,5.548853204295767e-05,0.012844184100000433,230.47457009777847,0.002761707361516035,0.0
mp-214,False,sperr_0.0001_global_1703,spatial_control,0.010312255957453331,3.621155745392457e-05,0.010339794800000135,284.7780289642223,0.0032229409620991253,0.0
mp-214,False,sperr_0.0001_shift_1703,spatial_control,0.012177587951443414,4.1393048556770395e-05,0.012218981000000184,294.19403440995416,0.0025396319241982506,0.0
mp-214,False,sperr_0.0001_stratified_1703,spatial_control,0.012283905330418676,5.579696958157854e-05,0.012339702300000255,220.15362881775982,0.0027047649416909623,0.0
mp-214,False,sperr_0.001,codec,0.014807927861347991,0.0006181272386527326,0.015426055100000724,23.956116047600954,0.004475674198250729,0.0
mp-30772,False,float32,float32,4.388844843106199e-11,5.395587976408933e-09,5.400000446798003e-09,0.008134136376416239,0.0,0.0
mp-30772,False,noise_20260905,noise,0.19249254363129342,2.8554531183999643e-08,0.19249252249999937,6741225.845765433,0.007597448979591837,0.0
mp-30772,False,noise_1,noise,0.19232072255218746,5.493159349612142e-08,0.19232074519999998,3501094.912998778,0.007552551020408163,0.0
mp-30772,False,noise_2,noise,0.20419943630658466,4.4085357586709506e-08,0.20419945460000033,4631910.627127249,0.008,0.0
mp-30772,False,noise_3,noise,0.0008305751274955142,3.380301638600258e-08,0.0008305716999998936,24571.035851091834,0.0003198979591836735,0.0
mp-30772,False,noise_4,noise,0.19243483143400653,3.422347560899652e-08,0.19243483039999987,5622889.785730005,0.007526020408163265,0.0
mp-30772,False,zfp_0.0001,codec,0.18725260799322374,1.5991325828856873e-05,0.18723854809999985,11709.636211359051,0.017108673469387756,0.0
mp-30772,False,zfp_0.0001_global_1701,spatial_control,0.20319944513688082,9.4487427677592e-06,0.20319522809999935,21505.447881408483,0.021586734693877552,0.0
mp-30772,False,zfp_0.0001_shift_1701,spatial_control,0.022037122205890824,3.373557083996559e-05,0.022053350500000235,653.2310453684115,0.012106122448979592,0.0
mp-30772,False,zfp_0.0001_stratified_1701,spatial_control,2.4486179106909054,1.8350914832154785e-05,2.4486094916,133433.01590612775,0.08916071428571429,0.0
mp-30772,False,zfp_0.0001_global_1702,spatial_control,0.026047643423436462,9.659171830378455e-06,0.026046509500000425,2696.674609464515,0.01476938775510204,0.0
mp-30772,False,zfp_0.0001_shift_1702,spatial_control,0.20850474334225133,2.158485474623717e-05,0.2084996123000007,9659.770510088765,0.026185204081632652,0.0
mp-30772,False,zfp_0.0001_stratified_1702,spatial_control,0.21236477085079652,1.717714880911103e-05,0.2123576538000007,12363.214245320789,0.027889795918367346,0.0
mp-30772,False,zfp_0.0001_global_1703,spatial_control,0.0245394567273145,8.18419511006141e-06,0.02454524140000025,2998.395859007126,0.014504591836734694,0.0
mp-30772,False,zfp_0.0001_shift_1703,spatial_control,0.2200802903716541,1.9377660295027965e-05,0.22006521340000074,11357.423291609855,0.019911224489795917,0.0
mp-30772,False,zfp_0.0001_stratified_1703,spatial_control,0.029828982625053513,1.540298190860767e-05,0.02982593499999986,1936.5719444482459,0.0145,0.0
mp-30772,False,zfp_0.001,codec,2.4247772600372457,0.0002547219938779932,2.424713154600001,9519.30857293252,0.1925591836734694,0.0
mp-30772,False,sz3_0.0001,codec,2.323969797121366,0.0015033817398375504,2.3233733253999995,1545.8281390144364,0.19901326530612246,0.0
mp-30772,False,sz3_0.0001_global_1701,spatial_control,0.32419915683172107,0.0014148647926077729,0.3255207215000002,229.13790669296495,0.12907704081632654,0.0
mp-30772,False,sz3_0.0001_shift_1701,spatial_control,0.27599402987488375,0.002050985228171598,0.27496013779999995,134.566561515865,0.2140392857142857,0.0
mp-30772,False,sz3_0.0001_stratified_1701,spatial_control,2.5331402655821345,0.0017558631000618163,2.5326957657000007,1442.675266364988,0.17192602040816327,0.0
mp-30772,False,sz3_0.0001_global_1702,spatial_control,0.2831183780156863,0.001348382192851716,0.2838068236,209.96893871530187,0.11889234693877551,0.0
mp-30772,False,sz3_0.0001_shift_1702,spatial_control,0.18802660125401793,0.002304360445981146,0.19033096169999908,81.59600273557044,0.08024897959183673,0.0
mp-30772,False,sz3_0.0001_stratified_1702,spatial_control,2.427229095671512,0.0018014794284866298,2.4290305750999988,1347.3532127483445,0.1667107142857143,0.0
mp-30772,False,sz3_0.0001_global_1703,spatial_control,0.2537702868058336,0.001336974144802383,0.25444321059999986,189.8094198697785,0.11877091836734693,0.0
mp-30772,False,sz3_0.0001_shift_1703,spatial_control,2.2036286396458777,0.0025478836512089487,2.2049541844,864.8858979884246,0.2779280612244898,0.0
mp-30772,False,sz3_0.0001_stratified_1703,spatial_control,2.602083089907004,0.001732786984202761,2.603769089200001,1501.675112768808,0.16584489795918367,0.0
mp-30772,False,sz3_0.001,codec,1.2653849167578919,0.02334261921910219,1.2748520297,54.20920869592806,0.3060494897959184,0.0
mp-30772,False,sperr_0.0001,codec,2.5971597239758335,7.763872185062581e-05,2.5971400090000003,33451.86090225285,0.18240816326530612,0.0
mp-30772,False,sperr_0.0001_global_1701,spatial_control,2.6388465665723047,8.616342769585117e-05,2.6389327300000005,30626.063019303107,0.1797734693877551,0.0
mp-30772,False,sperr_0.0001_shift_1701,spatial_control,0.38418460457186043,0.0001045423813899049,0.3841911813000003,3674.917286789098,0.12301581632653061,0.0
mp-30772,False,sperr_0.0001_stratified_1701,spatial_control,0.38527508428196633,7.321861900067006e-05,0.38528742119999926,5261.9823965600945,0.24626173469387755,0.0
mp-30772,False,sperr_0.0001_global_1702,spatial_control,0.474513571708167,9.46097467000584e-05,0.47446017869999935,5015.48295243321,0.12611683673469387,0.0
mp-30772,False,sperr_0.0001_shift_1702,spatial_control,2.582256107022256,7.198546416198326e-05,2.582266505999999,35871.91021247855,0.23895357142857143,0.0
mp-30772,False,sperr_0.0001_stratified_1702,spatial_control,2.3297062189003883,7.524981796613872e-05,2.3297198622,30959.625974759445,0.1832576530612245,0.0
mp-30772,False,sperr_0.0001_global_1703,spatial_control,2.5144594949818435,7.349548001300832e-05,2.5144485032999997,34212.43720752347,0.17543061224489795,0.0
mp-30772,False,sperr_0.0001_shift_1703,spatial_control,0.24576304495167278,4.569239859630869e-05,0.24580190400000035,5378.641798233963,0.23996938775510204,0.0
mp-30772,False,sperr_0.0001_stratified_1703,spatial_control,0.22656998373971327,3.221396159425183e-05,0.22654845589999972,7033.28533737812,0.11515051020408164,0.0
mp-30772,False,sperr_0.001,codec,1.8338935401794911,0.0008033518584662502,1.8335692372999999,2282.8023870894363,0.33444744897959183,0.0
mp-631399,False,float32,float32,4.8403947516817425e-11,2.974370971742246e-09,3.000000248221113e-09,0.01627367533393613,0.0,0.0
mp-631399,False,noise_20260905,noise,4.228617456192296e-11,2.612074112562368e-08,2.6100000383166844e-08,0.0016188734599280365,0.0,0.0
mp-631399,False,noise_1,noise,1.1047518455598038e-10,2.1110475145746932e-08,2.099999996119095e-08,0.005233192706145105,0.0,0.0
mp-631399,False,noise_2,noise,4.716582679975545e-11,9.67843494237286e-09,9.700000802581599e-09,0.004873290679804044,0.0,0.0
mp-631399,False,noise_3,noise,8.117595484691265e-11,2.2931792464930822e-08,2.3000000126671694e-08,0.0035398870354793927,0.0,0.0
mp-631399,False,noise_4,noise,8.870326695387121e-11,1.8738429474751683e-08,1.8699999770888098e-08,0.004733762083604217,0.0,0.0
mp-631399,False,zfp_0.0001,codec,0.00019847796801641948,3.48918668890974e-06,0.0001977131000003851,56.88373415136395,5.89420438957476e-05,0.0
mp-631399,False,zfp_0.0001_global_1701,spatial_control,0.000578238500835937,1.041542187607547e-06,0.000577534200001395,555.1753041940316,0.00019290123456790122,0.0
mp-631399,False,zfp_0.0001_shift_1701,spatial_control,0.00039869898490163536,1.5298036402100479e-06,0.00039782690000045307,260.62101986297563,0.00017950531550068588,0.0
mp-631399,False,zfp_0.0001_stratified_1701,spatial_control,0.0003579022822899347,1.3911324305837525e-06,0.0003585815000004544,257.27405559781994,0.0001286008230452675,0.0
mp-631399,False,zfp_0.0001_global_1702,spatial_control,0.0005341844422472874,1.0288239327138626e-06,0.0005346513000006325,519.2185224912097,0.0001982596021947874,0.0
mp-631399,False,zfp_0.0001_shift_1702,spatial_control,0.00032465347583965354,2.926293182881068e-06,0.00032349239999973634,110.94359161921619,0.00013395919067215364,0.0
mp-631399,False,zfp_0.0001_stratified_1702,spatial_control,0.00038005185004852393,1.4752673465068256e-06,0.0003801643000000965,257.61557791434893,0.00012056327160493826,0.0
mp-631399,False,zfp_0.0001_global_1703,spatial_control,0.0004129512073731689,8.240046422969272e-07,0.00041376799999959246,501.15155446462086,0.00018486368312757202,0.0
mp-631399,False,zfp_0.0001_shift_1703,spatial_control,0.0003002048435334359,1.416330384529374e-06,0.0002994472000015236,211.95961536417198,0.00016343021262002743,0.0
mp-631399,False,zfp_0.0001_stratified_1703,spatial_control,0.0004472602876077758,1.524787607287692e-06,0.0004457355000004881,293.3262871957407,0.00017414694787379974,0.0
mp-631399,False,zfp_0.001,codec,0.0033129049599160965,4.86249777544856e-05,0.0032725473999999366,68.13175271037497,0.002097800925925926,0.0
mp-631399,False,sz3_0.0001,codec,0.0026071240141520846,0.0003802031072144274,0.0027671117000007683,6.857187552340848,0.003201624657064472,0.0
mp-631399,False,sz3_0.0001_global_1701,spatial_control,0.0049111340618361865,0.0002628791116414675,0.005161584400000585,18.682100799755922,0.004359032064471879,0.0
mp-631399,False,sz3_0.0001_shift_1701,spatial_control,0.005178192687758099,0.0003011239365431351,0.0048957558999997985,17.196217435263033,0.004048246742112483,0.0
mp-631399,False,sz3_0.0001_stratified_1701,spatial_control,0.0042646920184346016,0.0002705329942562784,0.004203302600000569,15.764036583259116,0.004463520233196159,0.0
mp-631399,False,sz3_0.0001_global_1702,spatial_control,0.005660297395747804,0.0003024234987343277,0.00589432240000054,18.716460259988754,0.0044018990054869684,0.0
mp-631399,False,sz3_0.0001_shift_1702,spatial_control,0.0036242242974715566,0.00032517835678191886,0.003817843200000226,11.14534292299824,0.0040750385802469135,0.0
mp-631399,False,sz3_0.0001_stratified_1702,spatial_control,0.003524447349690263,0.00027615930902413766,0.0037680362000003242,12.762370249782922,0.004495670438957476,0.0
mp-631399,False,sz3_0.0001_global_1703,spatial_control,0.005205544245395544,0.00028198603160767277,0.004937920699999765,18.46029115597477,0.004452803497942387,0.0
mp-631399,False,sz3_0.0001_shift_1703,spatial_control,0.0032342872683202017,0.00033812696831958533,0.0031038285000004606,9.565304076140034,0.004142018175582991,0.0
mp-631399,False,sz3_0.0001_stratified_1703,spatial_control,0.003630291513594841,0.00028374469422765003,0.003894948700000178,12.794218138515172,0.0042866941015089165,0.0
mp-631399,False,sz3_0.001,codec,0.03136408533600665,0.00293097321608915,0.033092185000000995,10.700911616605051,0.01922582304526749,0.0
mp-631399,False,sperr_0.0001,codec,0.0025689111952900134,5.6766566489230286e-05,0.002606498599999618,45.25394707071786,0.0009698645404663923,0.0
mp-631399,False,sperr_0.0001_global_1701,spatial_control,0.0025196323700038548,2.8168529996541736e-05,0.0025478009000003965,89.44848631835568,0.0024487740054869684,0.0
mp-631399,False,sperr_0.0001_shift_1701,spatial_control,0.0008596016556836616,5.213133495196587e-05,0.0008171764000000081,16.489154871550937,0.0017387902949245542,0.0
mp-631399,False,sperr_0.0001_stratified_1701,spatial_control,0.0013678398360914557,1.7380836091263063e-05,0.0013504590000001926,78.69816094629859,0.0016021519204389575,0.0
mp-631399,False,sperr_0.0001_global_1702,spatial_control,0.0018234503775884647,2.5322695410778806e-05,0.0018296178000003493,72.00854206113851,0.0021594221536351166,0.0
mp-631399,False,sperr_0.0001_shift_1702,spatial_control,0.0024977978783891075,6.256824519645932e-05,0.0025030541999999656,39.921175199116114,0.0017227151920438956,0.0
mp-631399,False,sperr_0.0001_stratified_1702,spatial_control,0.0014303320312469836,1.9667211873297674e-05,0.0014246391000005687,72.7267311941128,0.001513738854595336,0.0
mp-631399,False,sperr_0.0001_global_1703,spatial_control,0.0023607487724381926,2.061116504670224e-05,0.0023654886000006314,114.53737656697429,0.0024862825788751716,0.0
mp-631399,False,sperr_0.0001_shift_1703,spatial_control,0.0021633570085084486,3.678208959811968e-05,0.0021463443999998333,58.81550048257836,0.001880787037037037,0.0
mp-631399,False,sperr_0.0001_stratified_1703,spatial_control,0.0011537632050320212,1.5102153795965023e-05,0.0011644763000004943,76.39726231236517,0.0014172882373113854,0.0
mp-631399,False,sperr_0.001,codec,0.011190107298817864,0.0003247730094431134,0.010945450299999493,34.45516398670408,0.006282686042524005,0.0
nomad-0kvBRPSc8RU6,False,float32,float32,5.2216131713578307e-05,4.126789576730516e-09,5.221229999996524e-05,12652.966850552864,6.944444444444445e-07,0.0
nomad-0kvBRPSc8RU6,False,noise_20260905,noise,0.0006915903190449768,5.5080954908248714e-08,0.0006916453999998851,12555.888331946962,0.00012239583333333332,0.0
nomad-0kvBRPSc8RU6,False,noise_1,noise,0.0007749756919430695,5.42436779937816e-08,0.0007750049999994957,14286.931133834827,0.0001109375,0.0
nomad-0kvBRPSc8RU6,False,noise_2,noise,0.0007943958200371526,3.385921765186595e-08,0.0007944264000006029,23461.72992551038,9.288194444444444e-05,0.0
nomad-0kvBRPSc8RU6,False,noise_3,noise,0.00041738094429177863,6.119347517596907e-08,0.00041737179999934426,6820.677255075813,8.680555555555556e-05,0.0
nomad-0kvBRPSc8RU6,False,noise_4,noise,0.0006183645044401942,3.4541068671956054e-08,0.0006183538000001931,17902.29799526282,8.993055555555555e-05,0.0
nomad-0kvBRPSc8RU6,False,zfp_0.0001,codec,0.004508736636978483,1.4408747558647406e-05,0.004513447900000855,312.9166236431539,0.002889409722222222,0.0
nomad-0kvBRPSc8RU6,False,zfp_0.0001_global_1701,spatial_control,0.0062164868817653485,2.3577912404704193e-06,0.006217083999999318,2636.5722185502113,0.003862326388888889,0.0
nomad-0kvBRPSc8RU6,False,zfp_0.0001_shift_1701,spatial_control,0.005827191491679429,1.2931155209727763e-05,0.0058144683000005415,450.63193482480114,0.003712673611111111,0.0
nomad-0kvBRPSc8RU6,False,zfp_0.0001_stratified_1701,spatial_control,0.006972263007535062,1.1529351947814348e-05,0.00698221530000076,604.7402351054791,0.0044029513888888885,0.0
nomad-0kvBRPSc8RU6,False,zfp_0.0001_global_1702,spatial_control,0.005923235672481653,2.9224575452957424e-06,0.005922902600000057,2026.799561901674,0.003820138888888889,0.0
nomad-0kvBRPSc8RU6,False,zfp_0.0001_shift_1702,spatial_control,0.004318437906844608,2.5814520700606636e-05,0.004321008999999876,167.28716201742708,0.0026227430555555557,0.0
nomad-0kvBRPSc8RU6,False,zfp_0.0001_stratified_1702,spatial_control,0.009425424283213246,1.1880129044072874e-05,0.009418881800000278,793.3772645269113,0.004501041666666667,0.0
nomad-0kvBRPSc8RU6,False,zfp_0.0001_global_1703,spatial_control,0.00789371650068027,2.3013035352903444e-06,0.007894351400000943,3430.1066241939084,0.0038664930555555557,0.0
nomad-0kvBRPSc8RU6,False,zfp_0.0001_shift_1703,spatial_control,0.0023863183001058275,1.9766435455537135e-05,0.002385087200000413,120.7257780733224,0.0016447916666666666,0.0
nomad-0kvBRPSc8RU6,False,zfp_0.0001_stratified_1703,spatial_control,0.011077976827371216,1.105423070768552e-05,0.011088065199999164,1002.1481476471436,0.004537673611111111,0.0
nomad-0kvBRPSc8RU6,False,zfp_0.001,codec,0.15615931804513927,0.000245909207466255,0.1563030284,635.0283490973729,0.02127795138888889,0.0
nomad-0kvBRPSc8RU6,False,sz3_0.0001,codec,0.19040306478034452,0.008372862518351454,0.18852962939999962,22.740498170491072,0.0456828125,0.0
nomad-0kvBRPSc8RU6,False,sz3_0.0001_global_1701,spatial_control,0.3428474180453289,0.005282115140085253,0.33999890019999945,64.90722162481967,0.08655,0.0
nomad-0kvBRPSc8RU6,False,sz3_0.0001_shift_1701,spatial_control,0.23254826186534316,0.0068635920490311975,0.2303550751000003,33.88142246859901,0.05557743055555556,0.0
nomad-0kvBRPSc8RU6,False,sz3_0.0001_stratified_1701,spatial_control,0.2245935192391766,0.007663691334599321,0.22216458120000127,29.306180198725208,0.08355138888888888,0.0
nomad-0kvBRPSc8RU6,False,sz3_0.0001_global_1702,spatial_control,0.21084018150179773,0.005329013942423799,0.21608699639999962,39.564576820360344,0.08321302083333333,0.0
nomad-0kvBRPSc8RU6,False,sz3_0.0001_shift_1702,spatial_control,0.162703865959541,0.005198231911311524,0.15915632499999965,31.299847474194454,0.04099166666666667,0.0
nomad-0kvBRPSc8RU6,False,sz3_0.0001_stratified_1702,spatial_control,0.2370406047685627,0.0076472084605452295,0.2345567224000007,30.997010999705665,0.08093142361111111,0.0
nomad-0kvBRPSc8RU6,False,sz3_0.0001_global_1703,spatial_control,0.221291954236575,0.005312846563425566,0.22660480080000056,41.65223888827922,0.08253541666666667,0.0
nomad-0kvBRPSc8RU6,False,sz3_0.0001_shift_1703,spatial_control,0.0872402218120314,0.012798341157850501,0.09332649640000135,6.816525730642697,0.043285243055555554,0.0
nomad-0kvBRPSc8RU6,False,sz3_0.0001_stratified_1703,spatial_control,0.24998569844195018,0.0076613226674489,0.25182327510000135,32.62957446030549,0.0819515625,0.0
nomad-0kvBRPSc8RU6,False,sz3_0.001,codec,0.4060013941769043,0.0817790858103411,0.4456741864999998,4.964611552622232,0.1307048611111111,0.0
nomad-0kvBRPSc8RU6,False,sperr_0.0001,codec,0.23074713532810343,7.858824513995444e-05,0.23074413760000034,2936.153300244531,0.06322118055555556,0.0
nomad-0kvBRPSc8RU6,False,sperr_0.0001_global_1701,spatial_control,0.20992890037976863,4.6027484811972386e-05,0.2099333187999992,4560.946600435643,0.07548958333333333,0.0
nomad-0kvBRPSc8RU6,False,sperr_0.0001_shift_1701,spatial_control,0.18307342291425677,9.783308574462524e-05,0.1831712560000014,1871.2833344757755,0.06596180555555556,0.0
nomad-0kvBRPSc8RU6,False,sperr_0.0001_stratified_1701,spatial_control,0.2019845814389214,5.8125459132085666e-05,0.2019748933999992,3474.9761026390665,0.07308923611111111,0.0
nomad-0kvBRPSc8RU6,False,sperr_0.0001_global_1702,spatial_control,0.17530927103748084,4.058995401123866e-05,0.17531841709999973,4319.031033859776,0.07468854166666666,0.0
nomad-0kvBRPSc8RU6,False,sperr_0.0001_shift_1702,spatial_control,0.1870065598885553,7.291832277012134e-05,0.18702729730000023,2564.603144783004,0.06759722222222223,0.0
nomad-0kvBRPSc8RU6,False,sperr_0.0001_stratified_1702,spatial_control,0.2282049284366856,4.772082328585725e-05,0.22819137840000003,4782.082804181574,0.07333298611111111,0.0
nomad-0kvBRPSc8RU6,False,sperr_0.0001_global_1703,spatial_control,0.19925084787377934,6.008104749888332e-05,0.19925539729999997,3316.36774271425,0.07613819444444445,0.0
nomad-0kvBRPSc8RU6,False,sperr_0.0001_shift_1703,spatial_control,0.2320615383059117,8.523862276277328e-05,0.2320728062999997,2722.49281821176,0.06479618055555555,0.0
nomad-0kvBRPSc8RU6,False,sperr_0.0001_stratified_1703,spatial_control,0.21460404745051598,9.057166692905128e-05,0.21459133769999994,2369.439083180667,0.07458506944444444,0.0
nomad-3Rqsfa2-hyu7,False,float32,float32,4.924061158817494e-11,3.920565205817184e-09,3.900000322687447e-09,0.012559569603666741,0.0,0.0
nomad-3Rqsfa2-hyu7,False,noise_20260905,noise,0.0004741064421391883,3.338453780088457e-08,0.00047412660000034634,14201.37804413833,2.1356922398589065e-05,0.0
nomad-3Rqsfa2-hyu7,False,noise_1,noise,0.00021298529088120688,2.8394813611498648e-08,0.0002129900999996437,7500.851873701232,2.2505144032921812e-05,0.0
nomad-3Rqsfa2-hyu7,False,noise_2,noise,0.0008083531806377664,3.003841086979264e-08,0.0008083617999989912,26910.650638002495,3.031305114638448e-05,0.0
nomad-3Rqsfa2-hyu7,False,noise_3,noise,0.00038707027933959637,1.965799434344717e-08,0.0003870563999992527,19690.222337897,2.9394473838918284e-05,0.0
nomad-3Rqsfa2-hyu7,False,noise_4,noise,0.0002628679063274575,2.96883921890867e-08,0.0002628708000003144,8854.23180390639,2.2505144032921812e-05,0.0
nomad-3Rqsfa2-hyu7,False,zfp_0.0001,codec,0.011174068621807365,9.362978193649951e-06,0.011183431600001015,1193.4310206324853,0.0024340002204585537,0.0
nomad-3Rqsfa2-hyu7,False,zfp_0.0001_global_1701,spatial_control,0.019188417232246735,5.935979567439631e-06,0.019185926000000464,3232.561199755491,0.0032708241475602586,0.0
nomad-3Rqsfa2-hyu7,False,zfp_0.0001_shift_1701,spatial_control,0.02779167818750139,1.794654984088595e-05,0.02779979570000002,1548.5805591549527,0.0029637896825396824,0.0
nomad-3Rqsfa2-hyu7,False,zfp_0.0001_stratified_1701,spatial_control,0.017139249590481853,8.46502455864595e-06,0.017147257599999577,2024.7135104854813,0.0032921810699588477,0.0
nomad-3Rqsfa2-hyu7,False,zfp_0.0001_global_1702,spatial_control,0.028654407224316003,9.091446887765642e-06,0.028656891100000692,3151.7983416782904,0.0035376708553791886,0.0
nomad-3Rqsfa2-hyu7,False,zfp_0.0001_shift_1702,spatial_control,0.021931494961000553,1.124430850296676e-05,0.021937391699999864,1950.4529740725297,0.0032310956790123457,0.0
nomad-3Rqsfa2-hyu7,False,zfp_0.0001_stratified_1702,spatial_control,0.009286433916559034,8.37954763355242e-06,0.009290990200000238,1108.2261623975219,0.0031201774691358023,0.0
nomad-3Rqsfa2-hyu7,False,zfp_0.0001_global_1703,spatial_control,0.00901840924059627,6.670120283658321e-06,0.009015023399999933,1352.06096098315,0.0030632256760728983,0.0
nomad-3Rqsfa2-hyu7,False,zfp_0.0001_shift_1703,spatial_control,0.03080404244595414,1.725372507266343e-05,0.030803494600000647,1785.356050141291,0.002025922251616696,0.0
nomad-3Rqsfa2-hyu7,False,zfp_0.0001_stratified_1703,spatial_control,0.027025114017556362,8.656093884340521e-06,0.02703194130000064,3122.0911393355705,0.003691762198706643,0.0
nomad-3Rqsfa2-hyu7,False,zfp_0.001,codec,0.023648108955654834,6.523153803428272e-05,0.023701867599999815,362.5256995048387,0.01130883487654321,0.0
nomad-3Rqsfa2-hyu7,False,sz3_0.0001,codec,0.06882002990074731,0.0013955517121839733,0.06911375109999973,49.31385150396697,0.017215286963550853,0.0
nomad-3Rqsfa2-hyu7,False,sz3_0.0001_global_1701,spatial_control,0.07298307335021725,0.0010210404314072719,0.07363568839999957,71.47912179111918,0.040959362139917695,0.0
nomad-3Rqsfa2-hyu7,False,sz3_0.0001_shift_1701,spatial_control,0.04474593933910498,0.0014235484472120419,0.04414137690000075,31.43267756481205,0.02713661081716637,0.0
nomad-3Rqsfa2-hyu7,False,sz3_0.0001_stratified_1701,spatial_control,0.07388078854781455,0.0010465554300846946,0.07441373480000024,70.59424319439591,0.03852214689888301,0.0
nomad-3Rqsfa2-hyu7,False,sz3_0.0001_global_1702,spatial_control,0.08583769897077254,0.0010590461224886383,0.08648380870000061,81.051898635976,0.04090516607877719,0.0
nomad-3Rqsfa2-hyu7,False,sz3_0.0001_shift_1702,spatial_control,0.03733157180928437,0.001301098230495512,0.03764871110000101,28.692354608050586,0.024030212007642562,0.0
nomad-3Rqsfa2-hyu7,False,sz3_0.0001_stratified_1702,spatial_control,0.09137570471920142,0.001107085668083485,0.09188097520000049,82.53715801179607,0.03897546480011758,0.0
nomad-3Rqsfa2-hyu7,False,sz3_0.0001_global_1703,spatial_control,0.08735185836098758,0.0010606061315989734,0.08797937539999978,82.36031808461792,0.04154518481775426,0.0
nomad-3Rqsfa2-hyu7,False,sz3_0.0001_shift_1703,spatial_control,0.05723118926035298,0.0016028548058635295,0.05761011370000091,35.70578510978727,0.021559239050558496,0.0
nomad-3Rqsfa2-hyu7,False,sz3_0.0001_stratified_1703,spatial_control,0.09444790362391764,0.0010590143718598455,0.09497883030000054,89.18472320450934,0.03815264917695473,0.0
nomad-3Rqsfa2-hyu7,False,sz3_0.001,codec,0.1509721754328215,0.012116318316323316,0.14659754120000024,12.460235154884396,0.07313942166372722,0.0
nomad-3Rqsfa2-hyu7,False,sperr_0.0001,codec,0.08094893763461464,3.415105276793895e-05,0.08095580210000008,2370.32041690409,0.03953855268959436,0.0
nomad-3Rqsfa2-hyu7,False,sperr_0.0001_global_1701,spatial_control,0.1122837940995165,3.701135964995217e-05,0.11226200189999958,3033.7657184572413,0.04567143408289242,0.0
nomad-3Rqsfa2-hyu7,False,sperr_0.0001_shift_1701,spatial_control,0.05525215070898071,4.014445140221312e-05,0.05525791930000068,1376.3334353582602,0.0401664002792475,0.0
nomad-3Rqsfa2-hyu7,False,sperr_0.0001_stratified_1701,spatial_control,0.09373027079439034,4.573030946986023e-05,0.09370571330000033,2049.6312375967136,0.04430941358024691,0.0
nomad-3Rqsfa2-hyu7,False,sperr_0.0001_global_1702,spatial_control,0.08192802800096288,4.7750339096097605e-05,0.08195148030000077,1715.7580354787144,0.045325360082304526,0.0
nomad-3Rqsfa2-hyu7,False,sperr_0.0001_shift_1702,spatial_control,0.07949744319946284,4.1926352013277324e-05,0.07950156250000084,1896.121159653657,0.04163589432686655,0.0
nomad-3Rqsfa2-hyu7,False,sperr_0.0001_stratified_1702,spatial_control,0.06994577418628367,3.05235137165738e-05,0.06997629770000025,2291.5374303157037,0.04430527998236332,0.0
nomad-3Rqsfa2-hyu7,False,sperr_0.0001_global_1703,spatial_control,0.10720488498982306,4.256995914708739e-05,0.1072453933999995,2518.3224775811877,0.04421043687536743,0.0
nomad-3Rqsfa2-hyu7,False,sperr_0.0001_shift_1703,spatial_control,0.06210994265253156,4.310057094158992e-05,0.06208537650000068,1441.0468654047118,0.04146366108171664,0.0
nomad-3Rqsfa2-hyu7,False,sperr_0.0001_stratified_1703,spatial_control,0.10347138364492636,4.75236413848279e-05,0.1034680103000003,2177.2612668094075,0.04502705210170488,0.0
nomad-8tU1rEspJ26T,False,float32,float32,0.006708388393407816,4.485814386612219e-09,0.006708389699999984,1495467.2251773956,0.0004832175925925926,0.0
nomad-8tU1rEspJ26T,False,noise_20260905,noise,0.021690443176206387,4.936543795963644e-08,0.021690454999999886,439385.20699323155,0.003607349537037037,0.0
nomad-8tU1rEspJ26T,False,noise_1,noise,0.01838757434188132,4.226424366038373e-08,0.018387600900000578,435062.1884928432,0.003324508101851852,0.0
nomad-8tU1rEspJ26T,False,noise_2,noise,0.022748369869244556,4.5040998486456374e-08,0.022748339599999667,505059.1823821332,0.0035033275462962965,0.0
nomad-8tU1rEspJ26T,False,noise_3,noise,0.021781038320481727,4.792438978995506e-08,0.021781015500000223,454487.546235738,0.003510127314814815,0.0
nomad-8tU1rEspJ26T,False,noise_4,noise,0.01947772332350084,2.5644379064715395e-08,0.01947773600000069,759531.8753613583,0.0034732349537037036,0.0
nomad-8tU1rEspJ26T,False,zfp_0.0001,codec,0.08715160129545474,1.4686779232775393e-05,0.08714843259999938,5934.017248721557,0.011873987268518519,0.0
nomad-8tU1rEspJ26T,False,zfp_0.0001_global_1701,spatial_control,0.08565145277557384,1.7304537234252848e-06,0.08565130400000065,49496.528925393126,0.010889756944444445,0.0
nomad-8tU1rEspJ26T,False,zfp_0.0001_shift_1701,spatial_control,0.05348679013182611,1.312583750134877e-05,0.053479641900000985,4074.9239906657367,0.012958043981481482,0.0
nomad-8tU1rEspJ26T,False,zfp_0.0001_stratified_1701,spatial_control,0.06904708104091206,1.1633035020608418e-05,0.06903948609999944,5935.431374408502,0.014547019675925926,0.0
nomad-8tU1rEspJ26T,False,zfp_0.0001_global_1702,spatial_control,0.06291516697287314,2.407407057702926e-06,0.0629155824000005,26133.996231158704,0.012379918981481481,0.0
nomad-8tU1rEspJ26T,False,zfp_0.0001_shift_1702,spatial_control,0.05198359004836561,3.8375711286064984e-05,0.05198251620000072,1354.5961314140366,0.0062120949074074075,0.0
nomad-8tU1rEspJ26T,False,zfp_0.0001_stratified_1702,spatial_control,0.07263972927482065,1.1179544674888575e-05,0.07263368430000128,6497.557046127609,0.016051938657407408,0.0
nomad-8tU1rEspJ26T,False,zfp_0.0001_global_1703,spatial_control,0.17202983671679384,2.768406156761216e-06,0.17203029680000093,62140.38944273016,0.012806712962962962,0.0
nomad-8tU1rEspJ26T,False,zfp_0.0001_shift_1703,spatial_control,0.021529019467966037,3.959140387976845e-05,0.02150863950000037,543.7801481691724,0.009390625,0.0
nomad-8tU1rEspJ26T,False,zfp_0.0001_stratified_1703,spatial_control,0.11533110082999265,1.111869550918243e-05,0.11534095709999903,10372.718700205962,0.012928385416666667,0.0
nomad-8tU1rEspJ26T,False,zfp_0.001,codec,0.03325190792091881,0.0002189532209193601,0.03303295469999945,151.86763538484507,0.023783275462962963,0.0
nomad-8tU1rEspJ26T,False,sz3_0.0001,codec,0.08209810666663309,0.006741944586226012,0.08432974960000017,12.177214691791134,0.05219921875,0.0
nomad-8tU1rEspJ26T,False,sz3_0.0001_global_1701,spatial_control,0.14113799489477863,0.004978666041257185,0.14609587990000072,28.34855636533903,0.059661458333333334,0.0
nomad-8tU1rEspJ26T,False,sz3_0.0001_shift_1701,spatial_control,0.23674928900308423,0.008422468887003376,0.23898929960000004,28.109250646020147,0.04552068865740741,0.0
nomad-8tU1rEspJ26T,False,sz3_0.0001_stratified_1701,spatial_control,0.15474814934380454,0.006413693833655643,0.15702220390000043,24.12777306764611,0.06243330439814815,0.0
nomad-8tU1rEspJ26T,False,sz3_0.0001_global_1702,spatial_control,0.21504609659369578,0.004978254121107639,0.21787883319999857,43.1970910608816,0.05940422453703704,0.0
nomad-8tU1rEspJ26T,False,sz3_0.0001_shift_1702,spatial_control,0.07858410780445446,0.006896811992449514,0.08322843030000016,11.394265624535901,0.0430189525462963,0.0
nomad-8tU1rEspJ26T,False,sz3_0.0001_stratified_1702,spatial_control,0.28859773741850603,0.006413854008563646,0.2911301844999983,44.99599414535726,0.06207624421296296,0.0
nomad-8tU1rEspJ26T,False,sz3_0.0001_global_1703,spatial_control,0.1599518923848695,0.005026219360555473,0.1648193055,31.82350011225782,0.058140046296296294,0.0
nomad-8tU1rEspJ26T,False,sz3_0.0001_shift_1703,spatial_control,0.09766912166680797,0.004745068712367129,0.1012636233999995,20.583289218183875,0.03820630787037037,0.0
nomad-8tU1rEspJ26T,False,sz3_0.0001_stratified_1703,spatial_control,0.2917688110057295,0.006431092911880043,0.2940283118,45.368464583484744,0.062035445601851855,0.0
nomad-8tU1rEspJ26T,False,sz3_0.001,codec,0.3714538754485961,0.01690533956319662,0.3688229926000002,21.972577010949912,0.0962879050925926,0.0
nomad-8tU1rEspJ26T,False,sperr_0.0001,codec,0.23988581101377093,0.00016827581898049004,0.2397877091999998,1425.5512911310411,0.045793547453703703,0.0
nomad-8tU1rEspJ26T,False,sperr_0.0001_global_1701,spatial_control,0.17248942196246375,3.753883926194135e-05,0.17250637859999962,4594.958857381125,0.05071600115740741,0.0
nomad-8tU1rEspJ26T,False,sperr_0.0001_shift_1701,spatial_control,0.17185614393159376,0.00010971179904650796,0.1718766759000001,1566.4326483128964,0.04792867476851852,0.0
nomad-8tU1rEspJ26T,False,sperr_0.0001_stratified_1701,spatial_control,0.17678921823091542,3.2482403694800155e-05,0.17677214000000063,5442.61501987355,0.05012037037037037,0.0
nomad-8tU1rEspJ26T,False,sperr_0.0001_global_1702,spatial_control,0.1466847761993737,3.516514109414004e-05,0.1466901949999997,4171.312033319765,0.049580584490740744,0.0
nomad-8tU1rEspJ26T,False,sperr_0.0001_shift_1702,spatial_control,0.21616052747558,0.00018234085797708133,0.21623342990000083,1185.4749937764882,0.04762384259259259,0.0
nomad-8tU1rEspJ26T,False,sperr_0.0001_stratified_1702,spatial_control,0.18252664134138996,5.5635881482274385e-05,0.18251862730000035,3280.7360372198473,0.04934635416666667,0.0
nomad-8tU1rEspJ26T,False,sperr_0.0001_global_1703,spatial_control,0.20473361752547525,4.2514180639940946e-05,0.2047256570000009,4815.654787267226,0.049097511574074076,0.0
nomad-8tU1rEspJ26T,False,sperr_0.0001_shift_1703,spatial_control,0.17333799526145377,0.00015726285495709647,0.17325120760000168,1102.2182912089625,0.04835807291666667,0.0
nomad-8tU1rEspJ26T,False,sperr_0.0001_stratified_1703,spatial_control,0.18768913603994797,6.225387208580457e-05,0.1876834853000009,3014.8989894356428,0.049670862268518516,0.0
nomad-8tU1rEspJ26T,False,sperr_0.001,codec,5.508917863226529,0.0014853452445375837,5.507949591300001,3708.8467368012884,0.32933203125,0.0
nomad-9jQMkfdCbgX_,False,float32,float32,0.0011436492797844977,2.556197031822194e-09,0.001143648699999389,447402.63193610054,0.00011264054232804233,0.0
nomad-9jQMkfdCbgX_,False,noise_20260905,noise,0.01893791486797447,2.5561130101436902e-08,0.018937911100000093,740887.2296655573,0.0027664103835978835,0.0
nomad-9jQMkfdCbgX_,False,noise_1,noise,0.01941523339752038,3.484963784217143e-08,0.01941524899999969,557114.351817627,0.002522011408730159,0.0
nomad-9jQMkfdCbgX_,False,noise_2,noise,0.018646651440707984,3.067991904970313e-08,0.01864664340000033,607780.3337909529,0.002849082341269841,0.0
nomad-9jQMkfdCbgX_,False,noise_3,noise,0.019428928200131423,1.9288252772753367e-08,0.01942890900000016,1007293.3214343175,0.0026610036375661374,0.0
nomad-9jQMkfdCbgX_,False,noise_4,noise,0.018165950175912826,3.880806431766359e-08,0.018165954599998813,468097.3013035475,0.002668754133597884,0.0
nomad-9jQMkfdCbgX_,False,zfp_0.0001,codec,0.023577654951569826,7.644843140752755e-06,0.023572438300000442,3084.1254055146296,0.00370137855489418,0.0
nomad-9jQMkfdCbgX_,False,zfp_0.0001_global_1701,spatial_control,0.022394556578829494,5.4773908928495985e-06,0.02239343749999989,4088.544530948892,0.004279823908730159,0.0
nomad-9jQMkfdCbgX_,False,zfp_0.0001_shift_1701,spatial_control,0.022604157638282274,2.763945528627687e-05,0.022600683200000304,817.8221098845371,0.0032123222552910054,0.0
nomad-9jQMkfdCbgX_,False,zfp_0.0001_stratified_1701,spatial_control,0.0230400441843841,7.698041686765578e-06,0.02303531949999993,2992.974722908346,0.0039873718584656085,0.0
nomad-9jQMkfdCbgX_,False,zfp_0.0001_global_1702,spatial_control,0.02360114431274063,4.593171663458406e-06,0.023602197900000732,5138.310962880551,0.004337435929232804,0.0
nomad-9jQMkfdCbgX_,False,zfp_0.0001_shift_1702,spatial_control,0.022670047188249498,1.1947283478974668e-05,0.02266408270000042,1897.5064271426388,0.004171575314153439,0.0
nomad-9jQMkfdCbgX_,False,zfp_0.0001_stratified_1702,spatial_control,0.022748741821565943,6.698632391888282e-06,0.022754836400000755,3396.027799512265,0.0037786251653439155,0.0
nomad-9jQMkfdCbgX_,False,zfp_0.0001_global_1703,spatial_control,0.02281060506198962,4.261697233332029e-06,0.022808624299999636,5352.469641339358,0.004469452711640212,0.0
nomad-9jQMkfdCbgX_,False,zfp_0.0001_shift_1703,spatial_control,0.022922226681030722,6.382968438245484e-06,0.022927994399999818,3591.154633271453,0.004668382109788359,0.0
nomad-9jQMkfdCbgX_,False,zfp_0.0001_stratified_1703,spatial_control,0.021888951662099032,7.439392645025578e-06,0.021895750200000563,2942.3035866691744,0.0042475301752645505,0.0
nomad-9jQMkfdCbgX_,False,zfp_0.001,codec,0.02283537328959717,0.000118365201338122,0.02273674959999994,192.92303000749055,0.004946366567460317,0.0
nomad-9jQMkfdCbgX_,False,sz3_0.0001,codec,0.0271387523937463,0.0010583581335392722,0.027299429499999306,25.642314764465567,0.022016575727513227,0.0
nomad-9jQMkfdCbgX_,False,sz3_0.0001_global_1701,spatial_control,0.022576362912614556,0.0006509555878402296,0.02240105029999917,34.68187897045243,0.02328249007936508,0.0
nomad-9jQMkfdCbgX_,False,sz3_0.0001_shift_1701,spatial_control,0.023960954567101567,0.003595910326929186,0.023752385799999942,6.663390459896034,0.016513723544973546,0.0
nomad-9jQMkfdCbgX_,False,sz3_0.0001_stratified_1701,spatial_control,0.023360384809102186,0.000389148806775097,0.023639927199999633,60.02943964467296,0.027766927083333334,0.0
nomad-9jQMkfdCbgX_,False,sz3_0.0001_global_1702,spatial_control,0.024820981680335308,0.0006856042777751981,0.025135693499999334,36.20307294592731,0.023291790674603175,0.0
nomad-9jQMkfdCbgX_,False,sz3_0.0001_shift_1702,spatial_control,0.029294369178437307,0.0008473313316486042,0.02899412430000048,34.572507924899845,0.016712911292989418,0.0
nomad-9jQMkfdCbgX_,False,sz3_0.0001_stratified_1702,spatial_control,0.02395164395103322,0.00034209575451704666,0.02406239879999994,70.01444371868025,0.028406084656084657,0.0
nomad-9jQMkfdCbgX_,False,sz3_0.0001_global_1703,spatial_control,0.024122762947298426,0.0006470562047979911,0.02443427080000049,37.28078452602039,0.023312458664021166,0.0
nomad-9jQMkfdCbgX_,False,sz3_0.0001_shift_1703,spatial_control,0.026858474260484044,0.0028139678813161595,0.027044971000000473,9.544698231566771,0.011373077876984126,0.0
nomad-9jQMkfdCbgX_,False,sz3_0.0001_stratified_1703,spatial_control,0.02207940214114501,0.00034654980795423285,0.02221166740000058,63.712059953185516,0.027660745287698414,0.0
nomad-9jQMkfdCbgX_,False,sz3_0.001,codec,0.03585497865612197,0.011321433063146813,0.03755212219999926,3.16700001281958,0.055675429894179895,0.0
nomad-9jQMkfdCbgX_,False,sperr_0.0001,codec,0.02752478448034168,3.7891569226289334e-05,0.027515680000000486,726.4091997869771,0.021530877976190476,0.0
nomad-9jQMkfdCbgX_,False,sperr_0.0001_global_1701,spatial_control,0.023243769863645625,5.9037108774973035e-05,0.02323511079999996,393.7145694624379,0.022081163194444444,0.0
nomad-9jQMkfdCbgX_,False,sperr_0.0001_shift_1701,spatial_control,0.019613835621962394,3.883766911449982e-05,0.01963253889999983,505.02092605345575,0.020748594576719577,0.0
nomad-9jQMkfdCbgX_,False,sperr_0.0001_stratified_1701,spatial_control,0.0239280064863312,2.81427250445887e-05,0.0239328160000003,850.237723902721,0.021615358382936507,0.0
nomad-9jQMkfdCbgX_,False,sperr_0.0001_global_1702,spatial_control,0.02302110796064305,4.7961212986891155e-05,0.02299086110000026,479.99428135679597,0.022515190972222224,0.0
nomad-9jQMkfdCbgX_,False,sperr_0.0001_shift_1702,spatial_control,0.02344122595244258,3.838105244291512e-05,0.023402844899999664,610.7499523966198,0.021657727761243386,0.0
nomad-9jQMkfdCbgX_,False,sperr_0.0001_stratified_1702,spatial_control,0.02298380538923439,3.3180289850776035e-05,0.022999443499999828,692.6945331882578,0.021375351355820107,0.0
nomad-9jQMkfdCbgX_,False,sperr_0.0001_global_1703,spatial_control,0.024382319886266046,2.8491457971568934e-05,0.024367031700000652,855.7764895919571,0.021775535300925925,0.0
nomad-9jQMkfdCbgX_,False,sperr_0.0001_shift_1703,spatial_control,0.026000589946196584,4.7204127966438136e-05,0.026009913399999363,550.81178418724,0.020767195767195767,0.0
nomad-9jQMkfdCbgX_,False,sperr_0.0001_stratified_1703,spatial_control,0.02327235067282274,3.887277308045611e-05,0.02325323470000029,598.6799713170777,0.02172696552579365,0.0
nomad-9jQMkfdCbgX_,False,sperr_0.001,codec,0.327945340485007,0.00036752411263840656,0.3278443434000007,892.3097266482223,0.23345088252314813,0.0
nomad-FPTBoTAPMQA8,False,float32,float32,4.9461768014680274e-11,9.970458236807644e-09,1.000000082740371e-08,0.00496083197380876,0.0,0.0
nomad-FPTBoTAPMQA8,False,noise_20260905,noise,3.049342899430485e-05,5.211452425157859e-08,3.0531299999303485e-05,585.1234263811049,3.0381944444444444e-05,0.0
nomad-FPTBoTAPMQA8,False,noise_1,noise,3.136928063263156e-05,6.27988736567886e-08,3.132940000050155e-05,499.5197971873261,2.797067901234568e-05,0.0
nomad-FPTBoTAPMQA8,False,noise_2,noise,5.000655450082547e-05,5.97559441928297e-08,4.9961100000217584e-05,836.8465292667221,3.375771604938271e-05,0.0
nomad-FPTBoTAPMQA8,False,noise_3,noise,4.012267041098028e-05,6.227777049616634e-08,4.0131199999571265e-05,644.253480677349,2.797067901234568e-05,0.0
nomad-FPTBoTAPMQA8,False,noise_4,noise,4.8025021212261265e-05,7.072121288587141e-08,4.800780000024929e-05,679.0751919054776,1.6396604938271605e-05,0.0
nomad-FPTBoTAPMQA8,False,zfp_0.0001,codec,0.0015340225417066478,9.590370575907059e-06,0.0015430046000002307,159.95445948255858,0.001630979938271605,0.0
nomad-FPTBoTAPMQA8,False,zfp_0.0001_global_1701,spatial_control,0.0013388695950462548,8.09265571888318e-06,0.0013393692000001067,165.44254958507298,0.0021551890432098767,0.0
nomad-FPTBoTAPMQA8,False,zfp_0.0001_shift_1701,spatial_control,0.002156584351098445,2.035829222180041e-05,0.002154377700000154,105.93149600186477,0.001812307098765432,0.0
nomad-FPTBoTAPMQA8,False,zfp_0.0001_stratified_1701,spatial_control,0.0010207357566640596,1.1612912721448154e-05,0.001022021199999834,87.89661828585342,0.001941550925925926,0.0
nomad-FPTBoTAPMQA8,False,zfp_0.0001_global_1702,spatial_control,0.0010043480896069212,7.3364274104648075e-06,0.0010055698000002167,136.8987973866274,0.0021508487654320987,0.0
nomad-FPTBoTAPMQA8,False,zfp_0.0001_shift_1702,spatial_control,0.001672246190425497,8.238266246740622e-06,0.0016682257999995898,202.98520833641453,0.0016792052469135803,0.0
nomad-FPTBoTAPMQA8,False,zfp_0.0001_stratified_1702,spatial_control,0.0018617041987436522,9.944560489749676e-06,0.0018633662000002715,187.20829348492555,0.0019839891975308643,0.0
nomad-FPTBoTAPMQA8,False,zfp_0.0001_global_1703,spatial_control,0.0014702487577338275,5.676964848433386e-06,0.0014675490000009006,258.98500289984304,0.0021127507716049384,0.0
nomad-FPTBoTAPMQA8,False,zfp_0.0001_shift_1703,spatial_control,0.0017320722905989072,1.1778888159952317e-05,0.00172865130000055,147.04887821992182,0.0019478202160493827,0.0
nomad-FPTBoTAPMQA8,False,zfp_0.0001_stratified_1703,spatial_control,0.0014836651781680033,1.0860391721267959e-05,0.0014841062000003902,136.61249209478646,0.0019950810185185184,0.0
nomad-FPTBoTAPMQA8,False,zfp_0.001,codec,0.004417701982362132,7.719904658820553e-05,0.004429955100000882,57.224825663029215,0.0070828510802469135,0.0
nomad-FPTBoTAPMQA8,False,sz3_0.0001,codec,0.005026947183286445,0.00164850586432852,0.0053400852999985204,3.04939599674039,0.014282407407407407,0.0
nomad-FPTBoTAPMQA8,False,sz3_0.0001_global_1701,spatial_control,0.011474553999608617,0.001376003565598083,0.01063614909999977,8.339043797914272,0.03834442515432099,0.0
nomad-FPTBoTAPMQA8,False,sz3_0.0001_shift_1701,spatial_control,0.0064802966365107295,0.005561750649222041,0.00748425180000023,1.1651541115776507,0.018171296296296297,0.0
nomad-FPTBoTAPMQA8,False,sz3_0.0001_stratified_1701,spatial_control,0.010369206042412316,0.00199030459457461,0.009911830599999227,5.209858868174163,0.018777488425925925,0.0
nomad-FPTBoTAPMQA8,False,sz3_0.0001_global_1702,spatial_control,0.008651950918487472,0.0013005523013092102,0.007726120400000092,6.652520555903768,0.038336226851851854,0.0
nomad-FPTBoTAPMQA8,False,sz3_0.0001_shift_1702,spatial_control,0.0065346215351898,0.0027476978616221004,0.006067716199999573,2.3782169162267692,0.017862654320987655,0.0
nomad-FPTBoTAPMQA8,False,sz3_0.0001_stratified_1702,spatial_control,0.006882124848493376,0.002044658301494806,0.007250205800000131,3.365904632310446,0.018659336419753085,0.0
nomad-FPTBoTAPMQA8,False,sz3_0.0001_global_1703,spatial_control,0.013262632288983056,0.001377705069474544,0.012307708999999889,9.626612097784772,0.038718171296296296,0.0
nomad-FPTBoTAPMQA8,False,sz3_0.0001_shift_1703,spatial_control,0.01572435437353903,0.003046476927414332,0.015547736000000034,5.161488088762558,0.05311197916666666,0.0
nomad-FPTBoTAPMQA8,False,sz3_0.0001_stratified_1703,spatial_control,0.0045346068297025255,0.002067420061479197,0.004914582599999662,2.1933650128450948,0.018382523148148148,0.0
nomad-FPTBoTAPMQA8,False,sz3_0.001,codec,0.06822169035811765,0.04117919317304164,0.07950924689999983,1.6567029390653443,0.10306954089506173,0.0
nomad-FPTBoTAPMQA8,False,sperr_0.0001,codec,0.01289506516381067,0.0001357792838903027,0.01286895039999969,94.97078489697081,0.05108506944444444,0.0
nomad-FPTBoTAPMQA8,False,sperr_0.0001_global_1701,spatial_control,0.016867130169700317,0.0001170314253293725,0.016839331299999927,144.1247948765007,0.051829185956790126,0.0
nomad-FPTBoTAPMQA8,False,sperr_0.0001_shift_1701,spatial_control,0.014317631567188904,0.00012283539032154067,0.014340903799999971,116.55949909639465,0.05115596064814815,0.0
nomad-FPTBoTAPMQA8,False,sperr_0.0001_stratified_1701,spatial_control,0.012464081516110781,0.0001204331974058448,0.012504088400000057,103.49373581860812,0.051021412037037035,0.0
nomad-FPTBoTAPMQA8,False,sperr_0.0001_global_1702,spatial_control,0.012426727357806477,6.903584219308811e-05,0.012495763199999566,180.00399449100433,0.051982542438271606,0.0
nomad-FPTBoTAPMQA8,False,sperr_0.0001_shift_1702,spatial_control,0.012343492215993068,8.569177492212532e-05,0.01232997410000003,144.04523919840085,0.05079571759259259,0.0
nomad-FPTBoTAPMQA8,False,sperr_0.0001_stratified_1702,spatial_control,0.012384251695830129,0.00010873048944226582,0.012384846500000046,113.89861077012783,0.05091676311728395,0.0
nomad-FPTBoTAPMQA8,False,sperr_0.0001_global_1703,spatial_control,0.015253547777773768,8.996226977764366e-05,0.015282509199999517,169.55494581756759,0.05198302469135802,0.0
nomad-FPTBoTAPMQA8,False,sperr_0.0001_shift_1703,spatial_control,0.013181491195329187,9.198140081956296e-05,0.013183971799999306,143.30604967831383,0.05248697916666667,0.0
nomad-FPTBoTAPMQA8,False,sperr_0.0001_stratified_1703,spatial_control,0.011332982831477878,9.360452868900637e-05,0.011301372599999304,121.07301847681767,0.051164641203703703,0.0
nomad-FPTBoTAPMQA8,False,sperr_0.001,codec,0.9123569048454865,0.0008957247235663601,0.9125353863000001,1018.5684070580353,0.26405092592592594,0.0
nomad-ZvTQv6REajO4,False,float32,float32,3.0072538566017215e-06,4.84588102978023e-09,3.00630000005242e-06,620.5793823910915,2.5834986772486774e-07,0.0
nomad-ZvTQv6REajO4,False,noise_20260905,noise,6.422459119281854e-05,4.3114209091754674e-08,6.420340000001801e-05,1489.6386260069673,2.6610036375661375e-05,0.0
nomad-ZvTQv6REajO4,False,noise_1,noise,6.438466224345518e-05,3.56180409610829e-08,6.438959999943705e-05,1807.6418721008088,3.0226934523809525e-05,0.0
nomad-ZvTQv6REajO4,False,noise_2,noise,4.507906964335007e-05,4.389882946043144e-08,4.5074199999994846e-05,1026.8854590754509,2.945188492063492e-05,0.0
nomad-ZvTQv6REajO4,False,noise_3,noise,6.67256427266949e-05,3.6118365187576273e-08,6.672039999955359e-05,1847.4159165334174,2.945188492063492e-05,0.0
nomad-ZvTQv6REajO4,False,noise_4,noise,5.127477967281635e-05,4.867731107083273e-08,5.1268700000051126e-05,1053.36097136105,3.28104332010582e-05,0.0
nomad-ZvTQv6REajO4,False,zfp_0.0001,codec,0.0011337486676961106,2.6513290434238e-06,0.0011350343999998458,427.61522584614454,0.0009044828869047619,0.0
nomad-ZvTQv6REajO4,False,zfp_0.0001_global_1701,spatial_control,0.0012393093418126,2.147362606841341e-06,0.001238517500000036,577.1309129926407,0.001214761078042328,0.0
nomad-ZvTQv6REajO4,False,zfp_0.0001_shift_1701,spatial_control,0.002489776798879184,2.8186632388127464e-06,0.002490357100000118,883.3182923717794,0.000792875744047619,0.0
nomad-ZvTQv6REajO4,False,zfp_0.0001_stratified_1701,spatial_control,0.0018938723760744125,3.820503081009008e-06,0.0018962867000000827,495.7128252267328,0.0011878926917989418,0.0
nomad-ZvTQv6REajO4,False,zfp_0.0001_global_1702,spatial_control,0.000908951860346896,2.9000781411880894e-06,0.0009076881999998676,313.42323071836995,0.0012165695271164022,0.0
nomad-ZvTQv6REajO4,False,zfp_0.0001_shift_1702,spatial_control,0.002035945885895174,4.549626698491238e-06,0.002037907800000127,447.49734886388393,0.0010129898313492064,0.0
nomad-ZvTQv6REajO4,False,zfp_0.0001_stratified_1702,spatial_control,0.0017359435447446003,2.3124479513469964e-06,0.0017363263999996548,750.6951859104187,0.0011822089947089948,0.0
nomad-ZvTQv6REajO4,False,zfp_0.0001_global_1703,spatial_control,0.0007290936180348595,1.7496032898023373e-06,0.0007290757999998121,416.71939135255593,0.0012103691302910052,0.0
nomad-ZvTQv6REajO4,False,zfp_0.0001_shift_1703,spatial_control,0.0026605301759292654,2.894995217772589e-06,0.0026606424999999767,919.0102144542674,0.0010708602017195767,0.0
nomad-ZvTQv6REajO4,False,zfp_0.0001_stratified_1703,spatial_control,0.0009570529720974719,2.4537395528767547e-06,0.0009566938000000746,390.0385315855657,0.0011847924933862434,0.0
nomad-ZvTQv6REajO4,False,zfp_0.001,codec,0.0038940833576193157,3.9619656517331237e-05,0.0038853025999996404,98.28665112015513,0.0073472118882275134,0.0
nomad-ZvTQv6REajO4,False,sz3_0.0001,codec,0.004907309371592561,0.0008815659005589893,0.004983575499999837,5.566582564594321,0.016757864169973546,0.0
nomad-ZvTQv6REajO4,False,sz3_0.0001_global_1701,spatial_control,0.007618309700858639,0.0013904246857734393,0.007931989899999436,5.479124312742527,0.019433335400132274,0.0
nomad-ZvTQv6REajO4,False,sz3_0.0001_shift_1701,spatial_control,0.006551319304238135,0.001568688074452318,0.00647908599999969,4.1763046528707894,0.01073314525462963,0.0
nomad-ZvTQv6REajO4,False,sz3_0.0001_stratified_1701,spatial_control,0.006980006396746674,0.0006278738447731413,0.006955093199999318,11.116893074704581,0.020220527447089947,0.0
nomad-ZvTQv6REajO4,False,sz3_0.0001_global_1702,spatial_control,0.0070589476830873465,0.0013172989698988502,0.007203002899999866,5.3586527010108975,0.019269541583994708,0.0
nomad-ZvTQv6REajO4,False,sz3_0.0001_shift_1702,spatial_control,0.008225104708978748,0.006036811523612684,0.008244763200000449,1.3624915531662145,0.01568338707010582,0.0
nomad-ZvTQv6REajO4,False,sz3_0.0001_stratified_1702,spatial_control,0.009635065314691715,0.0006298184146915631,0.009005246900000152,15.298163867454136,0.02022543609457672,0.0
nomad-ZvTQv6REajO4,False,sz3_0.0001_global_1703,spatial_control,0.008439661678337984,0.0013491419783377978,0.007090519700000186,6.255577110376492,0.019380373677248677,0.0
nomad-ZvTQv6REajO4,False,sz3_0.0001_shift_1703,spatial_control,0.006952770411173148,0.002205114112339146,0.006117415599999454,3.1530206859897025,0.017546089616402118,0.0
nomad-ZvTQv6REajO4,False,sz3_0.0001_stratified_1703,spatial_control,0.010393392759823428,0.000662119957481444,0.010457067399999964,15.69714466749736,0.0205078125,0.0
nomad-ZvTQv6REajO4,False,sz3_0.001,codec,0.04717902675405483,0.012025868570543885,0.05763653280000014,3.923128419149279,0.07731429811507937,0.0
nomad-ZvTQv6REajO4,False,sperr_0.0001,codec,0.006962428207011762,7.207344341697564e-05,0.006966924199999447,96.60185328916702,0.01801266947751323,0.0
nomad-ZvTQv6REajO4,False,sperr_0.0001_global_1701,spatial_control,0.00692461874577166,4.930416124171444e-05,0.00690203250000021,140.44694345014017,0.018734240658068783,0.0
nomad-ZvTQv6REajO4,False,sperr_0.0001_shift_1701,spatial_control,0.005794035430005451,7.979753000508794e-05,0.005714237900000363,72.60920769898541,0.017981667493386245,0.0
nomad-ZvTQv6REajO4,False,sperr_0.0001_stratified_1701,spatial_control,0.008654985437204665,4.302202282513434e-05,0.008642206699999377,201.17569720938937,0.018539703207671957,0.0
nomad-ZvTQv6REajO4,False,sperr_0.0001_global_1702,spatial_control,0.007906181225822984,4.8124227647328155e-05,0.007912143100000435,164.28692183409893,0.01878410218253968,0.0
nomad-ZvTQv6REajO4,False,sperr_0.0001_shift_1702,spatial_control,0.007053303349985995,4.9807752304786845e-05,0.007021017100000471,141.61055304854878,0.018259393601190475,0.0
nomad-ZvTQv6REajO4,False,sperr_0.0001_stratified_1702,spatial_control,0.006791485186337987,3.914072225708054e-05,0.006776775200000529,173.51455963767785,0.01841931216931217,0.0
nomad-ZvTQv6REajO4,False,sperr_0.0001_global_1703,spatial_control,0.006796298460686856,7.160940381201186e-05,0.006797209700000195,94.90790453343833,0.018739666005291006,0.0
nomad-ZvTQv6REajO4,False,sperr_0.0001_shift_1703,spatial_control,0.006395897461329625,4.841270420019583e-05,0.006388722599999674,132.11196455544726,0.018310805224867725,0.0
nomad-ZvTQv6REajO4,False,sperr_0.0001_stratified_1703,spatial_control,0.0077190196637522135,6.992841917874415e-05,0.00772775300000017,110.38458690195205,0.018397869130291004,0.0
nomad-ZvTQv6REajO4,False,sperr_0.001,codec,0.5476367314707176,0.0005831977707169145,0.5470535337000006,939.0240480472304,0.21243644593253969,0.0
