material_id,system_type,corpus,stability_floor_A1_e,codec,base,tight,tight_access
mp-1007755,bulk,dev_bulk,0.0017092764859629,ZFP,9,0,False
mp-1007755,bulk,dev_bulk,0.0017092764859629,SZ3,5,0,False
mp-1007755,bulk,dev_bulk,0.0017092764859629,SPERR,4,0,False
mp-1009084,bulk,dev_bulk,0.0001314017050297,ZFP,8,4,True
mp-1009084,bulk,dev_bulk,0.0001314017050297,SZ3,6,4,True
mp-1009084,bulk,dev_bulk,0.0001314017050297,SPERR,6,4,True
mp-1025517,bulk,dev_bulk,0.0006035059103002,ZFP,9,4,True
mp-1025517,bulk,dev_bulk,0.0006035059103002,SZ3,6,4,True
mp-1025517,bulk,dev_bulk,0.0006035059103002,SPERR,6,4,True
mp-1036731,bulk,dev_bulk,0.0070293738411777,ZFP,8,0,False
mp-1036731,bulk,dev_bulk,0.0070293738411777,SZ3,6,0,False
mp-1036731,bulk,dev_bulk,0.0070293738411777,SPERR,6,0,False
mp-1038991,bulk,dev_bulk,0.0014238497995382,ZFP,6,0,False
mp-1038991,bulk,dev_bulk,0.0014238497995382,SZ3,4,0,False
mp-1038991,bulk,dev_bulk,0.0014238497995382,SPERR,4,0,False
mp-1039028,bulk,dev_bulk,0.0008710810668208,ZFP,6,4,True
mp-1039028,bulk,dev_bulk,0.0008710810668208,SZ3,5,4,True
mp-1039028,bulk,dev_bulk,0.0008710810668208,SPERR,4,4,True
mp-1041800,bulk,dev_bulk,0.0024767491301114,ZFP,9,0,False
mp-1041800,bulk,dev_bulk,0.0024767491301114,SZ3,6,0,False
mp-1041800,bulk,dev_bulk,0.0024767491301114,SPERR,7,0,False
mp-1044003,bulk,dev_bulk,0.0001696445782863,ZFP,7,4,True
mp-1044003,bulk,dev_bulk,0.0001696445782863,SZ3,5,4,True
mp-1044003,bulk,dev_bulk,0.0001696445782863,SPERR,5,4,True
mp-1044463,bulk,dev_bulk,0.0015030091860817,ZFP,9,0,False
mp-1044463,bulk,dev_bulk,0.0015030091860817,SZ3,7,0,False
mp-1044463,bulk,dev_bulk,0.0015030091860817,SPERR,7,0,False
mp-1046632,bulk,dev_bulk,0.0002561349776266,ZFP,8,4,True
mp-1046632,bulk,dev_bulk,0.0002561349776266,SZ3,7,4,True
mp-1046632,bulk,dev_bulk,0.0002561349776266,SPERR,7,4,True
mp-1065204,bulk,dev_bulk,2.7056110224243923e-05,ZFP,9,4,True
mp-1065204,bulk,dev_bulk,2.7056110224243923e-05,SZ3,5,4,True
mp-1065204,bulk,dev_bulk,2.7056110224243923e-05,SPERR,7,4,True
mp-1069461,bulk,dev_bulk,0.0010995194244669,ZFP,8,0,False
mp-1069461,bulk,dev_bulk,0.0010995194244669,SZ3,5,0,False
mp-1069461,bulk,dev_bulk,0.0010995194244669,SPERR,6,0,False
mp-10761,bulk,dev_bulk,0.0016631708205121,ZFP,9,0,False
mp-10761,bulk,dev_bulk,0.0016631708205121,SZ3,5,0,False
mp-10761,bulk,dev_bulk,0.0016631708205121,SPERR,6,0,False
mp-1077125,bulk,dev_bulk,0.0011472192113535,ZFP,9,0,False
mp-1077125,bulk,dev_bulk,0.0011472192113535,SZ3,8,0,False
mp-1077125,bulk,dev_bulk,0.0011472192113535,SPERR,8,0,False
mp-1077596,bulk,dev_bulk,0.0165911978422954,ZFP,8,0,False
mp-1077596,bulk,dev_bulk,0.0165911978422954,SZ3,6,0,False
mp-1077596,bulk,dev_bulk,0.0165911978422954,SPERR,7,0,False
mp-1078524,bulk,dev_bulk,0.0058046787048748,ZFP,7,0,False
mp-1078524,bulk,dev_bulk,0.0058046787048748,SZ3,4,0,False
mp-1078524,bulk,dev_bulk,0.0058046787048748,SPERR,3,0,False
mp-1079749,bulk,dev_bulk,2.913303598409884,ZFP,1,0,False
mp-1079749,bulk,dev_bulk,2.913303598409884,SZ3,1,0,False
mp-1079749,bulk,dev_bulk,2.913303598409884,SPERR,1,0,False
mp-1094905,bulk,dev_bulk,0.0003569475820821,ZFP,6,4,True
mp-1094905,bulk,dev_bulk,0.0003569475820821,SZ3,4,4,True
mp-1094905,bulk,dev_bulk,0.0003569475820821,SPERR,3,4,True
mp-1096987,bulk,dev_bulk,0.1016264969600388,ZFP,1,0,False
mp-1096987,bulk,dev_bulk,0.1016264969600388,SZ3,1,0,False
mp-1096987,bulk,dev_bulk,0.1016264969600388,SPERR,1,0,False
mp-1097014,bulk,dev_bulk,4.789610189881444e-05,ZFP,7,4,True
mp-1097014,bulk,dev_bulk,4.789610189881444e-05,SZ3,6,4,True
mp-1097014,bulk,dev_bulk,4.789610189881444e-05,SPERR,6,4,True
mp-1100976,bulk,dev_bulk,8.042828407628377e-05,ZFP,9,4,True
mp-1100976,bulk,dev_bulk,8.042828407628377e-05,SZ3,6,4,True
mp-1100976,bulk,dev_bulk,8.042828407628377e-05,SPERR,6,4,True
mp-1103974,bulk,dev_bulk,0.0009891331278399,ZFP,9,4,True
mp-1103974,bulk,dev_bulk,0.0009891331278399,SZ3,6,4,True
mp-1103974,bulk,dev_bulk,0.0009891331278399,SPERR,8,4,True
mp-1104614,bulk,dev_bulk,0.0001080913601461,ZFP,8,4,True
mp-1104614,bulk,dev_bulk,0.0001080913601461,SZ3,6,4,True
mp-1104614,bulk,dev_bulk,0.0001080913601461,SPERR,6,4,True
mp-1105871,bulk,dev_bulk,0.0017458346870578,ZFP,7,0,False
mp-1105871,bulk,dev_bulk,0.0017458346870578,SZ3,4,0,False
mp-1105871,bulk,dev_bulk,0.0017458346870578,SPERR,5,0,False
mp-1111338,bulk,dev_bulk,0.0034288447017898,ZFP,8,0,False
mp-1111338,bulk,dev_bulk,0.0034288447017898,SZ3,6,0,False
mp-1111338,bulk,dev_bulk,0.0034288447017898,SPERR,8,0,False
mp-1112138,bulk,dev_bulk,0.0026911401713034,ZFP,7,0,False
mp-1112138,bulk,dev_bulk,0.0026911401713034,SZ3,6,0,False
mp-1112138,bulk,dev_bulk,0.0026911401713034,SPERR,6,0,False
mp-1114492,bulk,dev_bulk,0.0040834267154448,ZFP,8,0,False
mp-1114492,bulk,dev_bulk,0.0040834267154448,SZ3,7,0,False
mp-1114492,bulk,dev_bulk,0.0040834267154448,SPERR,7,0,False
mp-11306,bulk,dev_bulk,0.0022630580329892,ZFP,8,0,False
mp-11306,bulk,dev_bulk,0.0022630580329892,SZ3,6,0,False
mp-11306,bulk,dev_bulk,0.0022630580329892,SPERR,6,0,False
mp-11419,bulk,dev_bulk,0.0328107202440346,ZFP,6,0,False
mp-11419,bulk,dev_bulk,0.0328107202440346,SZ3,6,0,False
mp-11419,bulk,dev_bulk,0.0328107202440346,SPERR,3,0,False
mp-1173587,bulk,dev_bulk,0.0013024555625946,ZFP,8,0,False
mp-1173587,bulk,dev_bulk,0.0013024555625946,SZ3,6,0,False
mp-1173587,bulk,dev_bulk,0.0013024555625946,SPERR,6,0,False
mp-1174037,bulk,dev_bulk,5.462492720820222e-05,ZFP,9,4,True
mp-1174037,bulk,dev_bulk,5.462492720820222e-05,SZ3,7,4,True
mp-1174037,bulk,dev_bulk,5.462492720820222e-05,SPERR,7,4,True
mp-1175088,bulk,dev_bulk,5.992123321352239e-05,ZFP,9,4,True
mp-1175088,bulk,dev_bulk,5.992123321352239e-05,SZ3,6,4,True
mp-1175088,bulk,dev_bulk,5.992123321352239e-05,SPERR,7,4,True
mp-1175263,bulk,dev_bulk,5.3444224779930494e-05,ZFP,9,4,True
mp-1175263,bulk,dev_bulk,5.3444224779930494e-05,SZ3,7,4,True
mp-1175263,bulk,dev_bulk,5.3444224779930494e-05,SPERR,7,4,True
mp-1177023,bulk,dev_bulk,0.0001477995674559,ZFP,9,4,True
mp-1177023,bulk,dev_bulk,0.0001477995674559,SZ3,7,4,True
mp-1177023,bulk,dev_bulk,0.0001477995674559,SPERR,7,4,True
mp-1178256,bulk,dev_bulk,0.0006652798959709,ZFP,8,4,True
mp-1178256,bulk,dev_bulk,0.0006652798959709,SZ3,6,4,True
mp-1178256,bulk,dev_bulk,0.0006652798959709,SPERR,7,4,True
mp-1178447,bulk,dev_bulk,5.154635492488069e-05,ZFP,8,4,True
mp-1178447,bulk,dev_bulk,5.154635492488069e-05,SZ3,7,4,True
mp-1178447,bulk,dev_bulk,5.154635492488069e-05,SPERR,7,4,True
mp-1184653,bulk,dev_bulk,0.0041822047069146,ZFP,8,0,False
mp-1184653,bulk,dev_bulk,0.0041822047069146,SZ3,6,0,False
mp-1184653,bulk,dev_bulk,0.0041822047069146,SPERR,6,0,False
mp-1187017,bulk,dev_bulk,0.0042427255509078,ZFP,9,0,False
mp-1187017,bulk,dev_bulk,0.0042427255509078,SZ3,6,0,False
mp-1187017,bulk,dev_bulk,0.0042427255509078,SPERR,7,0,False
mp-1187022,bulk,dev_bulk,0.0280344010095632,ZFP,3,0,False
mp-1187022,bulk,dev_bulk,0.0280344010095632,SZ3,3,0,False
mp-1187022,bulk,dev_bulk,0.0280344010095632,SPERR,2,0,False
mp-1187279,bulk,dev_bulk,0.0073389713664759,ZFP,7,0,False
mp-1187279,bulk,dev_bulk,0.0073389713664759,SZ3,6,0,False
mp-1187279,bulk,dev_bulk,0.0073389713664759,SPERR,6,0,False
mp-1187638,bulk,dev_bulk,0.0044972152673672,ZFP,9,0,False
mp-1187638,bulk,dev_bulk,0.0044972152673672,SZ3,5,0,False
mp-1187638,bulk,dev_bulk,0.0044972152673672,SPERR,8,0,False
mp-1188002,bulk,dev_bulk,6.020120529015571e-05,ZFP,9,4,True
mp-1188002,bulk,dev_bulk,6.020120529015571e-05,SZ3,5,4,True
mp-1188002,bulk,dev_bulk,6.020120529015571e-05,SPERR,8,4,True
mp-1192831,bulk,dev_bulk,0.0007240303272109,ZFP,8,4,True
mp-1192831,bulk,dev_bulk,0.0007240303272109,SZ3,5,4,True
mp-1192831,bulk,dev_bulk,0.0007240303272109,SPERR,4,4,True
mp-1193567,bulk,dev_bulk,0.0002738073303332,ZFP,7,4,True
mp-1193567,bulk,dev_bulk,0.0002738073303332,SZ3,7,4,True
mp-1193567,bulk,dev_bulk,0.0002738073303332,SPERR,7,4,True
mp-1194734,bulk,dev_bulk,3.098067363005441e-05,ZFP,8,4,True
mp-1194734,bulk,dev_bulk,3.098067363005441e-05,SZ3,6,4,True
mp-1194734,bulk,dev_bulk,3.098067363005441e-05,SPERR,8,4,True
mp-1197354,bulk,dev_bulk,0.0078416565267671,ZFP,9,0,False
mp-1197354,bulk,dev_bulk,0.0078416565267671,SZ3,7,0,False
mp-1197354,bulk,dev_bulk,0.0078416565267671,SPERR,7,0,False
mp-1199510,bulk,dev_bulk,0.0069415229115392,ZFP,7,0,False
mp-1199510,bulk,dev_bulk,0.0069415229115392,SZ3,5,0,False
mp-1199510,bulk,dev_bulk,0.0069415229115392,SPERR,4,0,False
mp-1200041,bulk,dev_bulk,0.0015540627280747,ZFP,9,0,False
mp-1200041,bulk,dev_bulk,0.0015540627280747,SZ3,7,0,False
mp-1200041,bulk,dev_bulk,0.0015540627280747,SPERR,7,0,False
mp-1200429,bulk,dev_bulk,6.309121131398143e-05,ZFP,7,4,True
mp-1200429,bulk,dev_bulk,6.309121131398143e-05,SZ3,6,4,True
mp-1200429,bulk,dev_bulk,6.309121131398143e-05,SPERR,7,4,True
mp-1205681,bulk,dev_bulk,0.0001780077489179,ZFP,8,4,True
mp-1205681,bulk,dev_bulk,0.0001780077489179,SZ3,6,4,True
mp-1205681,bulk,dev_bulk,0.0001780077489179,SPERR,7,4,True
mp-1206294,bulk,dev_bulk,0.002677258230209,ZFP,9,0,False
mp-1206294,bulk,dev_bulk,0.002677258230209,SZ3,6,0,False
mp-1206294,bulk,dev_bulk,0.002677258230209,SPERR,8,0,False
mp-1206630,bulk,dev_bulk,0.0001084162153581,ZFP,7,4,True
mp-1206630,bulk,dev_bulk,0.0001084162153581,SZ3,5,4,True
mp-1206630,bulk,dev_bulk,0.0001084162153581,SPERR,5,4,True
mp-1207275,bulk,dev_bulk,0.0004398184233682,ZFP,6,4,True
mp-1207275,bulk,dev_bulk,0.0004398184233682,SZ3,6,4,True
mp-1207275,bulk,dev_bulk,0.0004398184233682,SPERR,3,4,True
mp-1209117,bulk,dev_bulk,0.0428522944628131,ZFP,7,0,False
mp-1209117,bulk,dev_bulk,0.0428522944628131,SZ3,6,0,False
mp-1209117,bulk,dev_bulk,0.0428522944628131,SPERR,6,0,False
mp-1209933,bulk,dev_bulk,0.0002172780026672,ZFP,6,4,True
mp-1209933,bulk,dev_bulk,0.0002172780026672,SZ3,4,4,True
mp-1209933,bulk,dev_bulk,0.0002172780026672,SPERR,4,4,True
mp-1211145,bulk,dev_bulk,0.0002065810757674,ZFP,8,4,True
mp-1211145,bulk,dev_bulk,0.0002065810757674,SZ3,7,4,True
mp-1211145,bulk,dev_bulk,0.0002065810757674,SPERR,7,4,True
mp-1211797,bulk,dev_bulk,0.002458505274804,ZFP,8,0,False
mp-1211797,bulk,dev_bulk,0.002458505274804,SZ3,5,0,False
mp-1211797,bulk,dev_bulk,0.002458505274804,SPERR,5,0,False
mp-1213918,bulk,dev_bulk,1.069548698495737e-07,ZFP,7,4,True
mp-1213918,bulk,dev_bulk,1.069548698495737e-07,SZ3,5,4,True
mp-1213918,bulk,dev_bulk,1.069548698495737e-07,SPERR,4,4,True
mp-1215324,bulk,dev_bulk,0.0130742704163857,ZFP,7,0,False
mp-1215324,bulk,dev_bulk,0.0130742704163857,SZ3,5,0,False
mp-1215324,bulk,dev_bulk,0.0130742704163857,SPERR,4,0,False
mp-1218887,bulk,dev_bulk,0.0002032166029408,ZFP,9,4,True
mp-1218887,bulk,dev_bulk,0.0002032166029408,SZ3,5,4,True
mp-1218887,bulk,dev_bulk,0.0002032166029408,SPERR,7,4,True
mp-1219705,bulk,dev_bulk,3.822001167108624e-05,ZFP,8,4,True
mp-1219705,bulk,dev_bulk,3.822001167108624e-05,SZ3,7,4,True
mp-1219705,bulk,dev_bulk,3.822001167108624e-05,SPERR,6,4,True
mp-1222924,bulk,dev_bulk,0.002732483730746,ZFP,7,0,False
mp-1222924,bulk,dev_bulk,0.002732483730746,SZ3,3,0,False
mp-1222924,bulk,dev_bulk,0.002732483730746,SPERR,7,0,False
mp-1223327,bulk,dev_bulk,0.0162104879217395,ZFP,9,0,False
mp-1223327,bulk,dev_bulk,0.0162104879217395,SZ3,7,0,False
mp-1223327,bulk,dev_bulk,0.0162104879217395,SPERR,7,0,False
mp-1223939,bulk,dev_bulk,3.52542162058711e-05,ZFP,9,4,True
mp-1223939,bulk,dev_bulk,3.52542162058711e-05,SZ3,6,4,True
mp-1223939,bulk,dev_bulk,3.52542162058711e-05,SPERR,7,4,True
mp-1224859,bulk,dev_bulk,0.000177357784409,ZFP,8,4,True
mp-1224859,bulk,dev_bulk,0.000177357784409,SZ3,5,4,True
mp-1224859,bulk,dev_bulk,0.000177357784409,SPERR,7,4,True
mp-1225264,bulk,dev_bulk,0.0005417757195598,ZFP,8,4,True
mp-1225264,bulk,dev_bulk,0.0005417757195598,SZ3,5,4,True
mp-1225264,bulk,dev_bulk,0.0005417757195598,SPERR,6,4,True
mp-1226636,bulk,dev_bulk,0.0053351040971492,ZFP,8,0,False
mp-1226636,bulk,dev_bulk,0.0053351040971492,SZ3,6,0,False
mp-1226636,bulk,dev_bulk,0.0053351040971492,SPERR,6,0,False
mp-1228245,bulk,dev_bulk,0.0001834717249256,ZFP,9,4,True
mp-1228245,bulk,dev_bulk,0.0001834717249256,SZ3,7,4,True
mp-1228245,bulk,dev_bulk,0.0001834717249256,SPERR,7,4,True
mp-1232323,bulk,dev_bulk,0.0022105047095415,ZFP,5,0,False
mp-1232323,bulk,dev_bulk,0.0022105047095415,SZ3,3,0,False
mp-1232323,bulk,dev_bulk,0.0022105047095415,SPERR,3,0,False
mp-12406,bulk,dev_bulk,5.745773436505175e-05,ZFP,9,4,True
mp-12406,bulk,dev_bulk,5.745773436505175e-05,SZ3,7,4,True
mp-12406,bulk,dev_bulk,5.745773436505175e-05,SPERR,9,4,True
mp-1245841,bulk,dev_bulk,0.0037436215130863,ZFP,8,0,False
mp-1245841,bulk,dev_bulk,0.0037436215130863,SZ3,5,0,False
mp-1245841,bulk,dev_bulk,0.0037436215130863,SPERR,4,0,False
mp-1246480,bulk,dev_bulk,0.0001625568721106,ZFP,9,4,True
mp-1246480,bulk,dev_bulk,0.0001625568721106,SZ3,6,4,True
mp-1246480,bulk,dev_bulk,0.0001625568721106,SPERR,6,4,True
mp-1246536,bulk,dev_bulk,0.0009241491524383,ZFP,9,4,True
mp-1246536,bulk,dev_bulk,0.0009241491524383,SZ3,6,4,True
mp-1246536,bulk,dev_bulk,0.0009241491524383,SPERR,6,4,True
mp-1246548,bulk,dev_bulk,0.0001451752940315,ZFP,9,4,True
mp-1246548,bulk,dev_bulk,0.0001451752940315,SZ3,6,4,True
mp-1246548,bulk,dev_bulk,0.0001451752940315,SPERR,7,4,True
mp-1247173,bulk,dev_bulk,0.0011592776795188,ZFP,8,0,False
mp-1247173,bulk,dev_bulk,0.0011592776795188,SZ3,5,0,False
mp-1247173,bulk,dev_bulk,0.0011592776795188,SPERR,5,0,False
mp-1261118,bulk,dev_bulk,0.0006804672343356,ZFP,5,4,True
mp-1261118,bulk,dev_bulk,0.0006804672343356,SZ3,3,4,True
mp-1261118,bulk,dev_bulk,0.0006804672343356,SPERR,5,4,True
mp-1296,bulk,dev_bulk,0.1809297569732129,ZFP,1,0,False
mp-1296,bulk,dev_bulk,0.1809297569732129,SZ3,1,0,False
mp-1296,bulk,dev_bulk,0.1809297569732129,SPERR,1,0,False
mp-1300873,bulk,dev_bulk,4.820518049619693e-05,ZFP,8,4,True
mp-1300873,bulk,dev_bulk,4.820518049619693e-05,SZ3,6,4,True
mp-1300873,bulk,dev_bulk,4.820518049619693e-05,SPERR,7,4,True
mp-1303576,bulk,dev_bulk,6.015829531325068e-05,ZFP,8,4,True
mp-1303576,bulk,dev_bulk,6.015829531325068e-05,SZ3,7,4,True
mp-1303576,bulk,dev_bulk,6.015829531325068e-05,SPERR,7,4,True
mp-1369222,bulk,dev_bulk,0.0025002482946323,ZFP,8,0,False
mp-1369222,bulk,dev_bulk,0.0025002482946323,SZ3,6,0,False
mp-1369222,bulk,dev_bulk,0.0025002482946323,SPERR,6,0,False
mp-1388393,bulk,dev_bulk,0.0019966841144842,ZFP,9,0,False
mp-1388393,bulk,dev_bulk,0.0019966841144842,SZ3,6,0,False
mp-1388393,bulk,dev_bulk,0.0019966841144842,SPERR,6,0,False
mp-1399089,bulk,dev_bulk,0.0002221887182347,ZFP,8,4,True
mp-1399089,bulk,dev_bulk,0.0002221887182347,SZ3,6,4,True
mp-1399089,bulk,dev_bulk,0.0002221887182347,SPERR,5,4,True
mp-1666665,bulk,dev_bulk,0.0002487673408735,ZFP,9,4,True
mp-1666665,bulk,dev_bulk,0.0002487673408735,SZ3,6,4,True
mp-1666665,bulk,dev_bulk,0.0002487673408735,SPERR,7,4,True
mp-17103,bulk,dev_bulk,0.0022314285178062,ZFP,8,0,False
mp-17103,bulk,dev_bulk,0.0022314285178062,SZ3,7,0,False
mp-17103,bulk,dev_bulk,0.0022314285178062,SPERR,8,0,False
mp-1778,bulk,dev_bulk,0.0008690062420009,ZFP,9,4,True
mp-1778,bulk,dev_bulk,0.0008690062420009,SZ3,7,4,True
mp-1778,bulk,dev_bulk,0.0008690062420009,SPERR,7,4,True
mp-1841520,bulk,dev_bulk,0.0004543457353074,ZFP,9,4,True
mp-1841520,bulk,dev_bulk,0.0004543457353074,SZ3,6,4,True
mp-1841520,bulk,dev_bulk,0.0004543457353074,SPERR,6,4,True
mp-19133,bulk,dev_bulk,0.0012493818795942,ZFP,9,0,False
mp-19133,bulk,dev_bulk,0.0012493818795942,SZ3,6,0,False
mp-19133,bulk,dev_bulk,0.0012493818795942,SPERR,8,0,False
mp-20888,bulk,dev_bulk,0.0003284703347112,ZFP,7,4,True
mp-20888,bulk,dev_bulk,0.0003284703347112,SZ3,4,4,True
mp-20888,bulk,dev_bulk,0.0003284703347112,SPERR,3,4,True
mp-21054,bulk,dev_bulk,0.0069272674568239,ZFP,8,0,False
mp-21054,bulk,dev_bulk,0.0069272674568239,SZ3,6,0,False
mp-21054,bulk,dev_bulk,0.0069272674568239,SPERR,6,0,False
mp-21079,bulk,dev_bulk,0.0060007066605827,ZFP,8,0,False
mp-21079,bulk,dev_bulk,0.0060007066605827,SZ3,5,0,False
mp-21079,bulk,dev_bulk,0.0060007066605827,SPERR,4,0,False
mp-214,bulk,dev_bulk,3.139012960673426e-08,ZFP,9,4,True
mp-214,bulk,dev_bulk,3.139012960673426e-08,SZ3,6,4,True
mp-214,bulk,dev_bulk,3.139012960673426e-08,SPERR,7,4,True
mp-21588,bulk,dev_bulk,0.0804076255218637,ZFP,1,0,False
mp-21588,bulk,dev_bulk,0.0804076255218637,SZ3,1,0,False
mp-21588,bulk,dev_bulk,0.0804076255218637,SPERR,1,0,False
mp-2194,bulk,dev_bulk,0.0005228009083682,ZFP,9,4,True
mp-2194,bulk,dev_bulk,0.0005228009083682,SZ3,6,4,True
mp-2194,bulk,dev_bulk,0.0005228009083682,SPERR,7,4,True
mp-2216496,bulk,dev_bulk,0.0002421720812666,ZFP,7,4,True
mp-2216496,bulk,dev_bulk,0.0002421720812666,SZ3,5,4,True
mp-2216496,bulk,dev_bulk,0.0002421720812666,SPERR,5,4,True
mp-2217743,bulk,dev_bulk,7.25863680743899e-05,ZFP,8,4,True
mp-2217743,bulk,dev_bulk,7.25863680743899e-05,SZ3,6,4,True
mp-2217743,bulk,dev_bulk,7.25863680743899e-05,SPERR,6,4,True
mp-2227467,bulk,dev_bulk,0.0010396357791968,ZFP,8,0,False
mp-2227467,bulk,dev_bulk,0.0010396357791968,SZ3,6,0,False
mp-2227467,bulk,dev_bulk,0.0010396357791968,SPERR,7,0,False
mp-2229431,bulk,dev_bulk,0.0004403207488881,ZFP,7,4,True
mp-2229431,bulk,dev_bulk,0.0004403207488881,SZ3,4,4,True
mp-2229431,bulk,dev_bulk,0.0004403207488881,SPERR,5,4,True
mp-2230770,bulk,dev_bulk,7.70487921633034e-05,ZFP,8,4,True
mp-2230770,bulk,dev_bulk,7.70487921633034e-05,SZ3,6,4,True
mp-2230770,bulk,dev_bulk,7.70487921633034e-05,SPERR,7,4,True
mp-2233790,bulk,dev_bulk,3.9294763928054977e-05,ZFP,5,4,True
mp-2233790,bulk,dev_bulk,3.9294763928054977e-05,SZ3,1,4,True
mp-2233790,bulk,dev_bulk,3.9294763928054977e-05,SPERR,3,4,True
mp-2240057,bulk,dev_bulk,0.000554428881867,ZFP,6,4,True
mp-2240057,bulk,dev_bulk,0.000554428881867,SZ3,5,4,True
mp-2240057,bulk,dev_bulk,0.000554428881867,SPERR,4,4,True
mp-2242118,bulk,dev_bulk,5.463212499812187e-05,ZFP,8,4,True
mp-2242118,bulk,dev_bulk,5.463212499812187e-05,SZ3,6,4,True
mp-2242118,bulk,dev_bulk,5.463212499812187e-05,SPERR,6,4,True
mp-22490,bulk,dev_bulk,0.0012240404902144,ZFP,7,0,False
mp-22490,bulk,dev_bulk,0.0012240404902144,SZ3,4,0,False
mp-22490,bulk,dev_bulk,0.0012240404902144,SPERR,5,0,False
mp-24407,bulk,dev_bulk,3.4131931091252454e-05,ZFP,8,4,True
mp-24407,bulk,dev_bulk,3.4131931091252454e-05,SZ3,7,4,True
mp-24407,bulk,dev_bulk,3.4131931091252454e-05,SPERR,7,4,True
mp-24460,bulk,dev_bulk,5.860799309953535e-05,ZFP,7,4,True
mp-24460,bulk,dev_bulk,5.860799309953535e-05,SZ3,6,4,True
mp-24460,bulk,dev_bulk,5.860799309953535e-05,SPERR,6,4,True
mp-26341,bulk,dev_bulk,2.642669002028697e-05,ZFP,8,4,True
mp-26341,bulk,dev_bulk,2.642669002028697e-05,SZ3,6,4,True
mp-26341,bulk,dev_bulk,2.642669002028697e-05,SPERR,7,4,True
mp-2647013,bulk,dev_bulk,0.0030025199409777,ZFP,9,0,False
mp-2647013,bulk,dev_bulk,0.0030025199409777,SZ3,7,0,False
mp-2647013,bulk,dev_bulk,0.0030025199409777,SPERR,8,0,False
mp-26619,bulk,dev_bulk,0.000222069506516,ZFP,8,4,True
mp-26619,bulk,dev_bulk,0.000222069506516,SZ3,6,4,True
mp-26619,bulk,dev_bulk,0.000222069506516,SPERR,7,4,True
mp-27239,bulk,dev_bulk,0.0020247529236456,ZFP,8,0,False
mp-27239,bulk,dev_bulk,0.0020247529236456,SZ3,6,0,False
mp-27239,bulk,dev_bulk,0.0020247529236456,SPERR,6,0,False
mp-28105,bulk,dev_bulk,0.0016712797202904,ZFP,8,0,False
mp-28105,bulk,dev_bulk,0.0016712797202904,SZ3,5,0,False
mp-28105,bulk,dev_bulk,0.0016712797202904,SPERR,6,0,False
mp-30772,bulk,dev_bulk,0.204199454621607,ZFP,3,0,False
mp-30772,bulk,dev_bulk,0.204199454621607,SZ3,1,0,False
mp-30772,bulk,dev_bulk,0.204199454621607,SPERR,1,0,False
mp-32108,bulk,dev_bulk,0.0016238896531728,ZFP,7,0,False
mp-32108,bulk,dev_bulk,0.0016238896531728,SZ3,7,0,False
mp-32108,bulk,dev_bulk,0.0016238896531728,SPERR,7,0,False
mp-3612,bulk,dev_bulk,0.001292881336945,ZFP,9,0,False
mp-3612,bulk,dev_bulk,0.001292881336945,SZ3,6,0,False
mp-3612,bulk,dev_bulk,0.001292881336945,SPERR,6,0,False
mp-37207,bulk,dev_bulk,0.0002261750259924,ZFP,9,4,True
mp-37207,bulk,dev_bulk,0.0002261750259924,SZ3,6,4,True
mp-37207,bulk,dev_bulk,0.0002261750259924,SPERR,6,4,True
mp-37888,bulk,dev_bulk,0.0002769396362154,ZFP,8,4,True
mp-37888,bulk,dev_bulk,0.0002769396362154,SZ3,5,4,True
mp-37888,bulk,dev_bulk,0.0002769396362154,SPERR,6,4,True
mp-435,bulk,dev_bulk,0.0086905517302469,ZFP,9,0,False
mp-435,bulk,dev_bulk,0.0086905517302469,SZ3,5,0,False
mp-435,bulk,dev_bulk,0.0086905517302469,SPERR,4,0,False
mp-505574,bulk,dev_bulk,0.0021554526963312,ZFP,7,0,False
mp-505574,bulk,dev_bulk,0.0021554526963312,SZ3,6,0,False
mp-505574,bulk,dev_bulk,0.0021554526963312,SPERR,8,0,False
mp-540547,bulk,dev_bulk,0.0149312323422385,ZFP,8,0,False
mp-540547,bulk,dev_bulk,0.0149312323422385,SZ3,6,0,False
mp-540547,bulk,dev_bulk,0.0149312323422385,SPERR,5,0,False
mp-555976,bulk,dev_bulk,0.0064129880899956,ZFP,8,0,False
mp-555976,bulk,dev_bulk,0.0064129880899956,SZ3,6,0,False
mp-555976,bulk,dev_bulk,0.0064129880899956,SPERR,6,0,False
mp-557569,bulk,dev_bulk,0.0002619048210483,ZFP,9,4,True
mp-557569,bulk,dev_bulk,0.0002619048210483,SZ3,8,4,True
mp-557569,bulk,dev_bulk,0.0002619048210483,SPERR,8,4,True
mp-560030,bulk,dev_bulk,9.210060489373006e-06,ZFP,8,4,True
mp-560030,bulk,dev_bulk,9.210060489373006e-06,SZ3,7,4,True
mp-560030,bulk,dev_bulk,9.210060489373006e-06,SPERR,7,4,True
mp-560341,bulk,dev_bulk,0.0001107591750502,ZFP,9,4,True
mp-560341,bulk,dev_bulk,0.0001107591750502,SZ3,7,4,True
mp-560341,bulk,dev_bulk,0.0001107591750502,SPERR,7,4,True
mp-567278,bulk,dev_bulk,0.0146571676210799,ZFP,9,0,False
mp-567278,bulk,dev_bulk,0.0146571676210799,SZ3,5,0,False
mp-567278,bulk,dev_bulk,0.0146571676210799,SPERR,7,0,False
mp-567394,bulk,dev_bulk,0.0074563486538856,ZFP,7,0,False
mp-567394,bulk,dev_bulk,0.0074563486538856,SZ3,5,0,False
mp-567394,bulk,dev_bulk,0.0074563486538856,SPERR,6,0,False
mp-567699,bulk,dev_bulk,0.0189580220747678,ZFP,7,0,False
mp-567699,bulk,dev_bulk,0.0189580220747678,SZ3,7,0,False
mp-567699,bulk,dev_bulk,0.0189580220747678,SPERR,6,0,False
mp-569678,bulk,dev_bulk,0.0043982361815491,ZFP,8,0,False
mp-569678,bulk,dev_bulk,0.0043982361815491,SZ3,6,0,False
mp-569678,bulk,dev_bulk,0.0043982361815491,SPERR,6,0,False
mp-569792,bulk,dev_bulk,0.0057596609455643,ZFP,8,0,False
mp-569792,bulk,dev_bulk,0.0057596609455643,SZ3,5,0,False
mp-569792,bulk,dev_bulk,0.0057596609455643,SPERR,5,0,False
mp-606377,bulk,dev_bulk,0.0628422006149964,ZFP,1,0,False
mp-606377,bulk,dev_bulk,0.0628422006149964,SZ3,1,0,False
mp-606377,bulk,dev_bulk,0.0628422006149964,SPERR,1,0,False
mp-614489,bulk,dev_bulk,0.0018656539899808,ZFP,6,0,False
mp-614489,bulk,dev_bulk,0.0018656539899808,SZ3,4,0,False
mp-614489,bulk,dev_bulk,0.0018656539899808,SPERR,6,0,False
mp-6145,bulk,dev_bulk,0.0010388401732042,ZFP,9,0,False
mp-6145,bulk,dev_bulk,0.0010388401732042,SZ3,7,0,False
mp-6145,bulk,dev_bulk,0.0010388401732042,SPERR,7,0,False
mp-623043,bulk,dev_bulk,0.0002317603497736,ZFP,8,4,True
mp-623043,bulk,dev_bulk,0.0002317603497736,SZ3,6,4,True
mp-623043,bulk,dev_bulk,0.0002317603497736,SPERR,5,4,True
mp-626794,bulk,dev_bulk,0.0001214287049622,ZFP,7,4,True
mp-626794,bulk,dev_bulk,0.0001214287049622,SZ3,6,4,True
mp-626794,bulk,dev_bulk,0.0001214287049622,SPERR,5,4,True
mp-631399,bulk,dev_bulk,2.6101888650487133e-08,ZFP,9,4,True
mp-631399,bulk,dev_bulk,2.6101888650487133e-08,SZ3,7,4,True
mp-631399,bulk,dev_bulk,2.6101888650487133e-08,SPERR,9,4,True
mp-644443,bulk,dev_bulk,1.4268858040900056e-05,ZFP,8,4,True
mp-644443,bulk,dev_bulk,1.4268858040900056e-05,SZ3,7,4,True
mp-644443,bulk,dev_bulk,1.4268858040900056e-05,SPERR,7,4,True
mp-6586,bulk,dev_bulk,0.0079124668848438,ZFP,8,0,False
mp-6586,bulk,dev_bulk,0.0079124668848438,SZ3,6,0,False
mp-6586,bulk,dev_bulk,0.0079124668848438,SPERR,8,0,False
mp-675781,bulk,dev_bulk,0.000460665323775,ZFP,8,4,True
mp-675781,bulk,dev_bulk,0.000460665323775,SZ3,5,4,True
mp-675781,bulk,dev_bulk,0.000460665323775,SPERR,5,4,True
mp-676693,bulk,dev_bulk,2.1593718188661622e-05,ZFP,9,4,True
mp-676693,bulk,dev_bulk,2.1593718188661622e-05,SZ3,5,4,True
mp-676693,bulk,dev_bulk,2.1593718188661622e-05,SPERR,7,4,True
mp-684706,bulk,dev_bulk,0.0001167380925526,ZFP,8,4,True
mp-684706,bulk,dev_bulk,0.0001167380925526,SZ3,7,4,True
mp-684706,bulk,dev_bulk,0.0001167380925526,SPERR,9,4,True
mp-733522,bulk,dev_bulk,6.902953597354156e-05,ZFP,7,4,True
mp-733522,bulk,dev_bulk,6.902953597354156e-05,SZ3,6,4,True
mp-733522,bulk,dev_bulk,6.902953597354156e-05,SPERR,6,4,True
mp-733797,bulk,dev_bulk,0.0807057255322734,ZFP,1,0,False
mp-733797,bulk,dev_bulk,0.0807057255322734,SZ3,1,0,False
mp-733797,bulk,dev_bulk,0.0807057255322734,SPERR,1,0,False
mp-7359,bulk,dev_bulk,0.0001160906413915,ZFP,7,4,True
mp-7359,bulk,dev_bulk,0.0001160906413915,SZ3,5,4,True
mp-7359,bulk,dev_bulk,0.0001160906413915,SPERR,4,4,True
mp-744554,bulk,dev_bulk,0.0003469226146108,ZFP,7,4,True
mp-744554,bulk,dev_bulk,0.0003469226146108,SZ3,6,4,True
mp-744554,bulk,dev_bulk,0.0003469226146108,SPERR,6,4,True
mp-752546,bulk,dev_bulk,0.0027379089043062,ZFP,8,0,False
mp-752546,bulk,dev_bulk,0.0027379089043062,SZ3,7,0,False
mp-752546,bulk,dev_bulk,0.0027379089043062,SPERR,7,0,False
mp-752703,bulk,dev_bulk,0.0014436895864813,ZFP,8,0,False
mp-752703,bulk,dev_bulk,0.0014436895864813,SZ3,5,0,False
mp-752703,bulk,dev_bulk,0.0014436895864813,SPERR,6,0,False
mp-752866,bulk,dev_bulk,3.141221448732523e-05,ZFP,8,4,True
mp-752866,bulk,dev_bulk,3.141221448732523e-05,SZ3,7,4,True
mp-752866,bulk,dev_bulk,3.141221448732523e-05,SPERR,7,4,True
mp-753183,bulk,dev_bulk,0.0028672461422578,ZFP,7,0,False
mp-753183,bulk,dev_bulk,0.0028672461422578,SZ3,7,0,False
mp-753183,bulk,dev_bulk,0.0028672461422578,SPERR,7,0,False
mp-753334,bulk,dev_bulk,5.214810646148038e-05,ZFP,8,4,True
mp-753334,bulk,dev_bulk,5.214810646148038e-05,SZ3,7,4,True
mp-753334,bulk,dev_bulk,5.214810646148038e-05,SPERR,7,4,True
mp-753392,bulk,dev_bulk,0.001041823453824,ZFP,9,0,False
mp-753392,bulk,dev_bulk,0.001041823453824,SZ3,5,0,False
mp-753392,bulk,dev_bulk,0.001041823453824,SPERR,6,0,False
mp-753521,bulk,dev_bulk,0.0137650052566193,ZFP,7,0,False
mp-753521,bulk,dev_bulk,0.0137650052566193,SZ3,4,0,False
mp-753521,bulk,dev_bulk,0.0137650052566193,SPERR,5,0,False
mp-753554,bulk,dev_bulk,0.0002752978038786,ZFP,7,4,True
mp-753554,bulk,dev_bulk,0.0002752978038786,SZ3,6,4,True
mp-753554,bulk,dev_bulk,0.0002752978038786,SPERR,7,4,True
mp-754196,bulk,dev_bulk,0.0014459760611522,ZFP,8,0,False
mp-754196,bulk,dev_bulk,0.0014459760611522,SZ3,7,0,False
mp-754196,bulk,dev_bulk,0.0014459760611522,SPERR,7,0,False
mp-756647,bulk,dev_bulk,0.0295377201297686,ZFP,8,0,False
mp-756647,bulk,dev_bulk,0.0295377201297686,SZ3,6,0,False
mp-756647,bulk,dev_bulk,0.0295377201297686,SPERR,7,0,False
mp-757220,bulk,dev_bulk,0.0001726856518446,ZFP,8,4,True
mp-757220,bulk,dev_bulk,0.0001726856518446,SZ3,7,4,True
mp-757220,bulk,dev_bulk,0.0001726856518446,SPERR,7,4,True
mp-758622,bulk,dev_bulk,0.0001616258729884,ZFP,8,4,True
mp-758622,bulk,dev_bulk,0.0001616258729884,SZ3,6,4,True
mp-758622,bulk,dev_bulk,0.0001616258729884,SPERR,6,4,True
mp-759554,bulk,dev_bulk,0.0066757065209612,ZFP,9,0,False
mp-759554,bulk,dev_bulk,0.0066757065209612,SZ3,7,0,False
mp-759554,bulk,dev_bulk,0.0066757065209612,SPERR,7,0,False
mp-760266,bulk,dev_bulk,7.206788220948113e-05,ZFP,9,4,True
mp-760266,bulk,dev_bulk,7.206788220948113e-05,SZ3,7,4,True
mp-760266,bulk,dev_bulk,7.206788220948113e-05,SPERR,7,4,True
mp-763177,bulk,dev_bulk,8.848192282151501e-05,ZFP,9,4,True
mp-763177,bulk,dev_bulk,8.848192282151501e-05,SZ3,6,4,True
mp-763177,bulk,dev_bulk,8.848192282151501e-05,SPERR,7,4,True
mp-7660,bulk,dev_bulk,0.0016923062925329,ZFP,9,0,False
mp-7660,bulk,dev_bulk,0.0016923062925329,SZ3,7,0,False
mp-7660,bulk,dev_bulk,0.0016923062925329,SPERR,7,0,False
mp-766093,bulk,dev_bulk,0.0008389016375822,ZFP,8,4,True
mp-766093,bulk,dev_bulk,0.0008389016375822,SZ3,6,4,True
mp-766093,bulk,dev_bulk,0.0008389016375822,SPERR,6,4,True
mp-768842,bulk,dev_bulk,0.0001415592092079,ZFP,8,4,True
mp-768842,bulk,dev_bulk,0.0001415592092079,SZ3,6,4,True
mp-768842,bulk,dev_bulk,0.0001415592092079,SPERR,6,4,True
mp-768987,bulk,dev_bulk,0.0008829911222534,ZFP,9,4,True
mp-768987,bulk,dev_bulk,0.0008829911222534,SZ3,5,4,True
mp-768987,bulk,dev_bulk,0.0008829911222534,SPERR,6,4,True
mp-771133,bulk,dev_bulk,0.0026737895306832,ZFP,8,0,False
mp-771133,bulk,dev_bulk,0.0026737895306832,SZ3,7,0,False
mp-771133,bulk,dev_bulk,0.0026737895306832,SPERR,7,0,False
mp-771903,bulk,dev_bulk,0.0002049244931185,ZFP,7,4,True
mp-771903,bulk,dev_bulk,0.0002049244931185,SZ3,5,4,True
mp-771903,bulk,dev_bulk,0.0002049244931185,SPERR,6,4,True
mp-771968,bulk,dev_bulk,6.032912295239612e-05,ZFP,9,4,True
mp-771968,bulk,dev_bulk,6.032912295239612e-05,SZ3,7,4,True
mp-771968,bulk,dev_bulk,6.032912295239612e-05,SPERR,7,4,True
mp-772185,bulk,dev_bulk,4.044438238270942e-05,ZFP,9,4,True
mp-772185,bulk,dev_bulk,4.044438238270942e-05,SZ3,7,4,True
mp-772185,bulk,dev_bulk,4.044438238270942e-05,SPERR,7,4,True
mp-773101,bulk,dev_bulk,0.0002180692873343,ZFP,7,4,True
mp-773101,bulk,dev_bulk,0.0002180692873343,SZ3,6,4,True
mp-773101,bulk,dev_bulk,0.0002180692873343,SPERR,8,4,True
mp-776076,bulk,dev_bulk,7.013368193664604e-05,ZFP,8,4,True
mp-776076,bulk,dev_bulk,7.013368193664604e-05,SZ3,7,4,True
mp-776076,bulk,dev_bulk,7.013368193664604e-05,SPERR,7,4,True
mp-776331,bulk,dev_bulk,6.097211398170544e-05,ZFP,9,4,True
mp-776331,bulk,dev_bulk,6.097211398170544e-05,SZ3,7,4,True
mp-776331,bulk,dev_bulk,6.097211398170544e-05,SPERR,7,4,True
mp-779079,bulk,dev_bulk,0.0002473344416102,ZFP,7,4,True
mp-779079,bulk,dev_bulk,0.0002473344416102,SZ3,6,4,True
mp-779079,bulk,dev_bulk,0.0002473344416102,SPERR,7,4,True
mp-782011,bulk,dev_bulk,0.0002086048139808,ZFP,9,4,True
mp-782011,bulk,dev_bulk,0.0002086048139808,SZ3,7,4,True
mp-782011,bulk,dev_bulk,0.0002086048139808,SPERR,7,4,True
mp-849339,bulk,dev_bulk,0.0007145841710913,ZFP,9,4,True
mp-849339,bulk,dev_bulk,0.0007145841710913,SZ3,6,4,True
mp-849339,bulk,dev_bulk,0.0007145841710913,SPERR,7,4,True
mp-864652,bulk,dev_bulk,0.0002955406385574,ZFP,8,4,True
mp-864652,bulk,dev_bulk,0.0002955406385574,SZ3,6,4,True
mp-864652,bulk,dev_bulk,0.0002955406385574,SPERR,6,4,True
mp-864965,bulk,dev_bulk,8.326443075112877e-05,ZFP,6,4,True
mp-864965,bulk,dev_bulk,8.326443075112877e-05,SZ3,4,4,True
mp-864965,bulk,dev_bulk,8.326443075112877e-05,SPERR,5,4,True
mp-865006,bulk,dev_bulk,0.0014349076966162,ZFP,7,0,False
mp-865006,bulk,dev_bulk,0.0014349076966162,SZ3,1,0,False
mp-865006,bulk,dev_bulk,0.0014349076966162,SPERR,5,0,False
mp-865801,bulk,dev_bulk,0.0063903877351414,ZFP,7,0,False
mp-865801,bulk,dev_bulk,0.0063903877351414,SZ3,5,0,False
mp-865801,bulk,dev_bulk,0.0063903877351414,SPERR,6,0,False
mp-887511,bulk,dev_bulk,0.0001522218534848,ZFP,9,4,True
mp-887511,bulk,dev_bulk,0.0001522218534848,SZ3,6,4,True
mp-887511,bulk,dev_bulk,0.0001522218534848,SPERR,7,4,True
mp-8881,bulk,dev_bulk,1.4575270279593155e-05,ZFP,9,4,True
mp-8881,bulk,dev_bulk,1.4575270279593155e-05,SZ3,8,4,True
mp-8881,bulk,dev_bulk,1.4575270279593155e-05,SPERR,8,4,True
mp-9437,bulk,dev_bulk,7.96939379288375e-05,ZFP,7,4,True
mp-9437,bulk,dev_bulk,7.96939379288375e-05,SZ3,5,4,True
mp-9437,bulk,dev_bulk,7.96939379288375e-05,SPERR,5,4,True
mp-975795,bulk,dev_bulk,0.0032863446041027,ZFP,7,0,False
mp-975795,bulk,dev_bulk,0.0032863446041027,SZ3,3,0,False
mp-975795,bulk,dev_bulk,0.0032863446041027,SPERR,4,0,False
mp-976076,bulk,dev_bulk,0.0011303818196921,ZFP,7,0,False
mp-976076,bulk,dev_bulk,0.0011303818196921,SZ3,4,0,False
mp-976076,bulk,dev_bulk,0.0011303818196921,SPERR,6,0,False
mp-977372,bulk,dev_bulk,0.000423007748445,ZFP,8,4,True
mp-977372,bulk,dev_bulk,0.000423007748445,SZ3,5,4,True
mp-977372,bulk,dev_bulk,0.000423007748445,SPERR,6,4,True
mp-982725,bulk,dev_bulk,0.0002271760352972,ZFP,8,4,True
mp-982725,bulk,dev_bulk,0.0002271760352972,SZ3,5,4,True
mp-982725,bulk,dev_bulk,0.0002271760352972,SPERR,6,4,True
mp-985702,bulk,dev_bulk,0.001727229625569,ZFP,9,0,False
mp-985702,bulk,dev_bulk,0.001727229625569,SZ3,6,0,False
mp-985702,bulk,dev_bulk,0.001727229625569,SPERR,7,0,False
mp-998512,bulk,dev_bulk,0.0014966972922865,ZFP,8,0,False
mp-998512,bulk,dev_bulk,0.0014966972922865,SZ3,6,0,False
mp-998512,bulk,dev_bulk,0.0014966972922865,SPERR,7,0,False
mp-998613,bulk,dev_bulk,5.688582985108326e-05,ZFP,7,4,True
mp-998613,bulk,dev_bulk,5.688582985108326e-05,SZ3,6,4,True
mp-998613,bulk,dev_bulk,5.688582985108326e-05,SPERR,7,4,True
mp-998744,bulk,dev_bulk,0.0007463983271174,ZFP,8,4,True
mp-998744,bulk,dev_bulk,0.0007463983271174,SZ3,6,4,True
mp-998744,bulk,dev_bulk,0.0007463983271174,SPERR,7,4,True
mp-999450,bulk,dev_bulk,3.411583572177079e-05,ZFP,7,4,True
mp-999450,bulk,dev_bulk,3.411583572177079e-05,SZ3,5,4,True
mp-999450,bulk,dev_bulk,3.411583572177079e-05,SPERR,7,4,True
nomad---3hBedCnC_e,slab,dev_slab,0.0020343271871343,ZFP,8,0,False
nomad---3hBedCnC_e,slab,dev_slab,0.0020343271871343,SZ3,6,0,False
nomad---3hBedCnC_e,slab,dev_slab,0.0020343271871343,SPERR,5,0,False
nomad--1YLlCXKIJKj,slab,dev_slab,0.0175747037224685,ZFP,7,0,False
nomad--1YLlCXKIJKj,slab,dev_slab,0.0175747037224685,SZ3,7,0,False
nomad--1YLlCXKIJKj,slab,dev_slab,0.0175747037224685,SPERR,6,0,False
nomad--33WrhYeNt5f,slab,dev_slab,0.002030730889416,ZFP,6,0,False
nomad--33WrhYeNt5f,slab,dev_slab,0.002030730889416,SZ3,3,0,False
nomad--33WrhYeNt5f,slab,dev_slab,0.002030730889416,SPERR,3,0,False
nomad--5wLHf6mG5_K,slab,dev_slab,0.0145742645005562,ZFP,8,0,False
nomad--5wLHf6mG5_K,slab,dev_slab,0.0145742645005562,SZ3,6,0,False
nomad--5wLHf6mG5_K,slab,dev_slab,0.0145742645005562,SPERR,5,0,False
nomad--MeUbDBN9nIW,slab,dev_slab,0.0011611034284637,ZFP,6,0,False
nomad--MeUbDBN9nIW,slab,dev_slab,0.0011611034284637,SZ3,4,0,False
nomad--MeUbDBN9nIW,slab,dev_slab,0.0011611034284637,SPERR,3,0,False
nomad--O7C25L6mxPu,slab,dev_slab,0.0003650124053802,ZFP,7,4,True
nomad--O7C25L6mxPu,slab,dev_slab,0.0003650124053802,SZ3,4,4,True
nomad--O7C25L6mxPu,slab,dev_slab,0.0003650124053802,SPERR,4,4,True
nomad--g_dRNdo_53Q,slab,dev_slab,0.0041492853055,ZFP,6,0,False
nomad--g_dRNdo_53Q,slab,dev_slab,0.0041492853055,SZ3,4,0,False
nomad--g_dRNdo_53Q,slab,dev_slab,0.0041492853055,SPERR,3,0,False
nomad--kEaPn7WzevZ,slab,dev_slab,0.0002800351880356,ZFP,7,4,True
nomad--kEaPn7WzevZ,slab,dev_slab,0.0002800351880356,SZ3,6,4,True
nomad--kEaPn7WzevZ,slab,dev_slab,0.0002800351880356,SPERR,4,4,True
nomad--maT57oivXnQ,slab,dev_slab,0.0001575998697349,ZFP,8,4,True
nomad--maT57oivXnQ,slab,dev_slab,0.0001575998697349,SZ3,5,4,True
nomad--maT57oivXnQ,slab,dev_slab,0.0001575998697349,SPERR,4,4,True
nomad--ydxPkR4Tatz,slab,dev_slab,0.0004143490394206,ZFP,7,4,True
nomad--ydxPkR4Tatz,slab,dev_slab,0.0004143490394206,SZ3,5,4,True
nomad--ydxPkR4Tatz,slab,dev_slab,0.0004143490394206,SPERR,3,4,True
nomad-0-ostsntWIk9,slab,dev_slab,0.0016042510240428,ZFP,6,0,False
nomad-0-ostsntWIk9,slab,dev_slab,0.0016042510240428,SZ3,5,0,False
nomad-0-ostsntWIk9,slab,dev_slab,0.0016042510240428,SPERR,3,0,False
nomad-064_5lUOyDQI,slab,dev_slab,0.0004263368779735,ZFP,7,4,True
nomad-064_5lUOyDQI,slab,dev_slab,0.0004263368779735,SZ3,6,4,True
nomad-064_5lUOyDQI,slab,dev_slab,0.0004263368779735,SPERR,5,4,True
nomad-0HydAdmxidgt,slab,dev_slab,0.0093432276778777,ZFP,7,0,False
nomad-0HydAdmxidgt,slab,dev_slab,0.0093432276778777,SZ3,6,0,False
nomad-0HydAdmxidgt,slab,dev_slab,0.0093432276778777,SPERR,5,0,False
nomad-0J594sjoAqDW,slab,dev_slab,0.0001374070002224,ZFP,7,4,True
nomad-0J594sjoAqDW,slab,dev_slab,0.0001374070002224,SZ3,5,4,True
nomad-0J594sjoAqDW,slab,dev_slab,0.0001374070002224,SPERR,4,4,True
nomad-0JxkdxfFTtnZ,slab,dev_slab,0.0001087266878947,ZFP,8,4,True
nomad-0JxkdxfFTtnZ,slab,dev_slab,0.0001087266878947,SZ3,6,4,True
nomad-0JxkdxfFTtnZ,slab,dev_slab,0.0001087266878947,SPERR,4,4,True
nomad-0kvBRPSc8RU6,slab,dev_slab,0.00079442640925,ZFP,5,4,True
nomad-0kvBRPSc8RU6,slab,dev_slab,0.00079442640925,SZ3,1,4,True
nomad-0kvBRPSc8RU6,slab,dev_slab,0.00079442640925,SPERR,1,4,True
nomad-0pSeEEz7rc0X,slab,dev_slab,0.0081405416881192,ZFP,6,0,False
nomad-0pSeEEz7rc0X,slab,dev_slab,0.0081405416881192,SZ3,6,0,False
nomad-0pSeEEz7rc0X,slab,dev_slab,0.0081405416881192,SPERR,3,0,False
nomad-0xMhYZKiiVKL,slab,dev_slab,0.0003503443494583,ZFP,6,4,True
nomad-0xMhYZKiiVKL,slab,dev_slab,0.0003503443494583,SZ3,5,4,True
nomad-0xMhYZKiiVKL,slab,dev_slab,0.0003503443494583,SPERR,3,4,True
nomad-19wSfSWChOSI,slab,dev_slab,0.0003631936194992,ZFP,5,4,True
nomad-19wSfSWChOSI,slab,dev_slab,0.0003631936194992,SZ3,5,4,True
nomad-19wSfSWChOSI,slab,dev_slab,0.0003631936194992,SPERR,4,4,True
nomad-1CIlfNcWTE4X,slab,dev_slab,0.0001667485730898,ZFP,6,4,True
nomad-1CIlfNcWTE4X,slab,dev_slab,0.0001667485730898,SZ3,5,4,True
nomad-1CIlfNcWTE4X,slab,dev_slab,0.0001667485730898,SPERR,4,4,True
nomad-1DBJPWgjPfWO,slab,dev_slab,0.0015101169328737,ZFP,6,0,False
nomad-1DBJPWgjPfWO,slab,dev_slab,0.0015101169328737,SZ3,3,0,False
nomad-1DBJPWgjPfWO,slab,dev_slab,0.0015101169328737,SPERR,3,0,False
nomad-1Few3hG0Dkat,slab,dev_slab,0.0006662639960026,ZFP,6,4,True
nomad-1Few3hG0Dkat,slab,dev_slab,0.0006662639960026,SZ3,5,4,True
nomad-1Few3hG0Dkat,slab,dev_slab,0.0006662639960026,SPERR,4,4,True
nomad-1iTKfRU16qFo,slab,dev_slab,0.0010369235096838,ZFP,2,0,False
nomad-1iTKfRU16qFo,slab,dev_slab,0.0010369235096838,SZ3,1,0,False
nomad-1iTKfRU16qFo,slab,dev_slab,0.0010369235096838,SPERR,1,0,False
nomad-1sSuZTi8blPO,slab,dev_slab,0.0095179188400056,ZFP,3,0,False
nomad-1sSuZTi8blPO,slab,dev_slab,0.0095179188400056,SZ3,1,0,False
nomad-1sSuZTi8blPO,slab,dev_slab,0.0095179188400056,SPERR,3,0,False
nomad-1urv55npagDc,slab,dev_slab,0.0004829088404072,ZFP,6,4,True
nomad-1urv55npagDc,slab,dev_slab,0.0004829088404072,SZ3,5,4,True
nomad-1urv55npagDc,slab,dev_slab,0.0004829088404072,SPERR,4,4,True
nomad-1xNwoQ8q8XXI,slab,dev_slab,0.0001906116011411,ZFP,7,4,True
nomad-1xNwoQ8q8XXI,slab,dev_slab,0.0001906116011411,SZ3,6,4,True
nomad-1xNwoQ8q8XXI,slab,dev_slab,0.0001906116011411,SPERR,5,4,True
nomad-28WEed2y6N1X,slab,dev_slab,0.0013931589957749,ZFP,4,0,False
nomad-28WEed2y6N1X,slab,dev_slab,0.0013931589957749,SZ3,2,0,False
nomad-28WEed2y6N1X,slab,dev_slab,0.0013931589957749,SPERR,1,0,False
nomad-2C9dg1L8liw7,slab,dev_slab,0.0030655017038423,ZFP,6,0,False
nomad-2C9dg1L8liw7,slab,dev_slab,0.0030655017038423,SZ3,4,0,False
nomad-2C9dg1L8liw7,slab,dev_slab,0.0030655017038423,SPERR,3,0,False
nomad-2iwRdQb9gzT1,slab,dev_slab,0.0083140029338064,ZFP,6,0,False
nomad-2iwRdQb9gzT1,slab,dev_slab,0.0083140029338064,SZ3,4,0,False
nomad-2iwRdQb9gzT1,slab,dev_slab,0.0083140029338064,SPERR,3,0,False
nomad-3Rqsfa2-hyu7,slab,dev_slab,0.0008083617657312,ZFP,6,4,True
nomad-3Rqsfa2-hyu7,slab,dev_slab,0.0008083617657312,SZ3,3,4,True
nomad-3Rqsfa2-hyu7,slab,dev_slab,0.0008083617657312,SPERR,3,4,True
nomad-3ermMygSkKxT,slab,dev_slab,0.0002058479260114,ZFP,8,4,True
nomad-3ermMygSkKxT,slab,dev_slab,0.0002058479260114,SZ3,5,4,True
nomad-3ermMygSkKxT,slab,dev_slab,0.0002058479260114,SPERR,4,4,True
nomad-4BR68d4gtTyq,slab,dev_slab,0.0001479865542322,ZFP,8,4,True
nomad-4BR68d4gtTyq,slab,dev_slab,0.0001479865542322,SZ3,6,4,True
nomad-4BR68d4gtTyq,slab,dev_slab,0.0001479865542322,SPERR,4,4,True
nomad-4CA6DwNaypkT,slab,dev_slab,0.0193173609322769,ZFP,8,0,False
nomad-4CA6DwNaypkT,slab,dev_slab,0.0193173609322769,SZ3,7,0,False
nomad-4CA6DwNaypkT,slab,dev_slab,0.0193173609322769,SPERR,6,0,False
nomad-4TmN2lwz6DHx,slab,dev_slab,0.0008750162410198,ZFP,6,4,True
nomad-4TmN2lwz6DHx,slab,dev_slab,0.0008750162410198,SZ3,4,4,True
nomad-4TmN2lwz6DHx,slab,dev_slab,0.0008750162410198,SPERR,3,4,True
nomad-4U-g_t9kIPQS,slab,dev_slab,0.0008685390470333,ZFP,4,4,True
nomad-4U-g_t9kIPQS,slab,dev_slab,0.0008685390470333,SZ3,1,4,True
nomad-4U-g_t9kIPQS,slab,dev_slab,0.0008685390470333,SPERR,2,4,True
nomad-4hOaTvLmAUuc,slab,dev_slab,0.0031950475887221,ZFP,6,0,False
nomad-4hOaTvLmAUuc,slab,dev_slab,0.0031950475887221,SZ3,5,0,False
nomad-4hOaTvLmAUuc,slab,dev_slab,0.0031950475887221,SPERR,3,0,False
nomad-4khM-ZQ6rM_L,slab,dev_slab,0.0007182872518143,ZFP,6,4,True
nomad-4khM-ZQ6rM_L,slab,dev_slab,0.0007182872518143,SZ3,4,4,True
nomad-4khM-ZQ6rM_L,slab,dev_slab,0.0007182872518143,SPERR,3,4,True
nomad-5HCYH3PtBIoR,slab,dev_slab,0.0016281512431675,ZFP,4,0,False
nomad-5HCYH3PtBIoR,slab,dev_slab,0.0016281512431675,SZ3,1,0,False
nomad-5HCYH3PtBIoR,slab,dev_slab,0.0016281512431675,SPERR,1,0,False
nomad-5_7vAQzUevH0,slab,dev_slab,0.0108894146827349,ZFP,6,0,False
nomad-5_7vAQzUevH0,slab,dev_slab,0.0108894146827349,SZ3,6,0,False
nomad-5_7vAQzUevH0,slab,dev_slab,0.0108894146827349,SPERR,4,0,False
nomad-61GFUgm3lTUg,slab,dev_slab,0.0012397744279351,ZFP,7,0,False
nomad-61GFUgm3lTUg,slab,dev_slab,0.0012397744279351,SZ3,6,0,False
nomad-61GFUgm3lTUg,slab,dev_slab,0.0012397744279351,SPERR,5,0,False
nomad-6o4AmsigmNP5,slab,dev_slab,0.0017633256430755,ZFP,7,0,False
nomad-6o4AmsigmNP5,slab,dev_slab,0.0017633256430755,SZ3,5,0,False
nomad-6o4AmsigmNP5,slab,dev_slab,0.0017633256430755,SPERR,5,0,False
nomad-6x45-ylTvOvZ,slab,dev_slab,0.0001121552801821,ZFP,6,4,True
nomad-6x45-ylTvOvZ,slab,dev_slab,0.0001121552801821,SZ3,6,4,True
nomad-6x45-ylTvOvZ,slab,dev_slab,0.0001121552801821,SPERR,5,4,True
nomad-7OdXN2bFHmUg,slab,dev_slab,0.0009947194941029,ZFP,7,4,True
nomad-7OdXN2bFHmUg,slab,dev_slab,0.0009947194941029,SZ3,5,4,True
nomad-7OdXN2bFHmUg,slab,dev_slab,0.0009947194941029,SPERR,5,4,True
nomad-8Hl4JATTj5Fp,slab,dev_slab,0.0006627906340828,ZFP,7,4,True
nomad-8Hl4JATTj5Fp,slab,dev_slab,0.0006627906340828,SZ3,6,4,True
nomad-8Hl4JATTj5Fp,slab,dev_slab,0.0006627906340828,SPERR,5,4,True
nomad-8ZPelCNdN_TR,slab,dev_slab,0.0047776675066728,ZFP,7,0,False
nomad-8ZPelCNdN_TR,slab,dev_slab,0.0047776675066728,SZ3,4,0,False
nomad-8ZPelCNdN_TR,slab,dev_slab,0.0047776675066728,SPERR,3,0,False
nomad-8eTSyDPSGSwy,slab,dev_slab,0.0007437615337284,ZFP,8,4,True
nomad-8eTSyDPSGSwy,slab,dev_slab,0.0007437615337284,SZ3,5,4,True
nomad-8eTSyDPSGSwy,slab,dev_slab,0.0007437615337284,SPERR,5,4,True
nomad-8tU1rEspJ26T,slab,dev_slab,0.0227483395557364,ZFP,3,0,False
nomad-8tU1rEspJ26T,slab,dev_slab,0.0227483395557364,SZ3,1,0,False
nomad-8tU1rEspJ26T,slab,dev_slab,0.0227483395557364,SPERR,1,0,False
nomad-9jQMkfdCbgX_,slab,dev_slab,0.0194289090052937,ZFP,5,0,False
nomad-9jQMkfdCbgX_,slab,dev_slab,0.0194289090052937,SZ3,6,0,False
nomad-9jQMkfdCbgX_,slab,dev_slab,0.0194289090052937,SPERR,6,0,False
nomad-9xtsrVZD5SSK,slab,dev_slab,0.000652494997209,ZFP,8,4,True
nomad-9xtsrVZD5SSK,slab,dev_slab,0.000652494997209,SZ3,5,4,True
nomad-9xtsrVZD5SSK,slab,dev_slab,0.000652494997209,SPERR,4,4,True
nomad-A5zDMCxBBUYc,slab,dev_slab,0.0079943846259098,ZFP,7,0,False
nomad-A5zDMCxBBUYc,slab,dev_slab,0.0079943846259098,SZ3,5,0,False
nomad-A5zDMCxBBUYc,slab,dev_slab,0.0079943846259098,SPERR,3,0,False
nomad-AUrOZMeLzRg5,slab,dev_slab,0.0009551568918997,ZFP,6,4,True
nomad-AUrOZMeLzRg5,slab,dev_slab,0.0009551568918997,SZ3,5,4,True
nomad-AUrOZMeLzRg5,slab,dev_slab,0.0009551568918997,SPERR,3,4,True
nomad-BMoyqNd6y06X,slab,dev_slab,0.0017552302878085,ZFP,7,0,False
nomad-BMoyqNd6y06X,slab,dev_slab,0.0017552302878085,SZ3,6,0,False
nomad-BMoyqNd6y06X,slab,dev_slab,0.0017552302878085,SPERR,5,0,False
nomad-BbyKgzzvPkrI,slab,dev_slab,0.0021372911255452,ZFP,8,0,False
nomad-BbyKgzzvPkrI,slab,dev_slab,0.0021372911255452,SZ3,6,0,False
nomad-BbyKgzzvPkrI,slab,dev_slab,0.0021372911255452,SPERR,5,0,False
nomad-BiuRBghVF7ns,slab,dev_slab,0.0151957981430683,ZFP,9,0,False
nomad-BiuRBghVF7ns,slab,dev_slab,0.0151957981430683,SZ3,7,0,False
nomad-BiuRBghVF7ns,slab,dev_slab,0.0151957981430683,SPERR,5,0,False
nomad-CHORxT-fP4dV,slab,dev_slab,0.0005103544457547,ZFP,8,4,True
nomad-CHORxT-fP4dV,slab,dev_slab,0.0005103544457547,SZ3,5,4,True
nomad-CHORxT-fP4dV,slab,dev_slab,0.0005103544457547,SPERR,5,4,True
nomad-E0rr8BI_hRlR,slab,dev_slab,0.0007720814013856,ZFP,8,4,True
nomad-E0rr8BI_hRlR,slab,dev_slab,0.0007720814013856,SZ3,5,4,True
nomad-E0rr8BI_hRlR,slab,dev_slab,0.0007720814013856,SPERR,5,4,True
nomad-Ek0B30z0bVyP,slab,dev_slab,0.0005554226968991,ZFP,8,4,True
nomad-Ek0B30z0bVyP,slab,dev_slab,0.0005554226968991,SZ3,5,4,True
nomad-Ek0B30z0bVyP,slab,dev_slab,0.0005554226968991,SPERR,5,4,True
nomad-FPTBoTAPMQA8,slab,dev_slab,4.996107986521281e-05,ZFP,6,4,True
nomad-FPTBoTAPMQA8,slab,dev_slab,4.996107986521281e-05,SZ3,5,4,True
nomad-FPTBoTAPMQA8,slab,dev_slab,4.996107986521281e-05,SPERR,4,4,True
nomad-FVlJ8rpkyGT5,slab,dev_slab,7.735864647173685e-05,ZFP,8,4,True
nomad-FVlJ8rpkyGT5,slab,dev_slab,7.735864647173685e-05,SZ3,5,4,True
nomad-FVlJ8rpkyGT5,slab,dev_slab,7.735864647173685e-05,SPERR,4,4,True
nomad-M8BV9zowas8w,slab,dev_slab,0.0007696345844117,ZFP,8,4,True
nomad-M8BV9zowas8w,slab,dev_slab,0.0007696345844117,SZ3,6,4,True
nomad-M8BV9zowas8w,slab,dev_slab,0.0007696345844117,SPERR,4,4,True
nomad-MgLl-OZz9clr,slab,dev_slab,0.0002390436855339,ZFP,9,4,True
nomad-MgLl-OZz9clr,slab,dev_slab,0.0002390436855339,SZ3,6,4,True
nomad-MgLl-OZz9clr,slab,dev_slab,0.0002390436855339,SPERR,7,4,True
nomad-Q4xDULo89hwd,slab,dev_slab,0.0002174197968036,ZFP,8,4,True
nomad-Q4xDULo89hwd,slab,dev_slab,0.0002174197968036,SZ3,5,4,True
nomad-Q4xDULo89hwd,slab,dev_slab,0.0002174197968036,SPERR,4,4,True
nomad-SzuB_oB4XzfT,slab,dev_slab,0.0002048681950421,ZFP,7,4,True
nomad-SzuB_oB4XzfT,slab,dev_slab,0.0002048681950421,SZ3,6,4,True
nomad-SzuB_oB4XzfT,slab,dev_slab,0.0002048681950421,SPERR,4,4,True
nomad-VNlX3_0OCG9w,slab,dev_slab,0.000634129210475,ZFP,8,4,True
nomad-VNlX3_0OCG9w,slab,dev_slab,0.000634129210475,SZ3,5,4,True
nomad-VNlX3_0OCG9w,slab,dev_slab,0.000634129210475,SPERR,5,4,True
nomad-VyA9ivUfcKNR,slab,dev_slab,0.0004218776990363,ZFP,8,4,True
nomad-VyA9ivUfcKNR,slab,dev_slab,0.0004218776990363,SZ3,5,4,True
nomad-VyA9ivUfcKNR,slab,dev_slab,0.0004218776990363,SPERR,5,4,True
nomad-WjYAcipcgiRI,slab,dev_slab,8.776667026744178e-05,ZFP,6,4,True
nomad-WjYAcipcgiRI,slab,dev_slab,8.776667026744178e-05,SZ3,5,4,True
nomad-WjYAcipcgiRI,slab,dev_slab,8.776667026744178e-05,SPERR,4,4,True
nomad-Z7Uu-1P6k4r9,slab,dev_slab,0.0009392783064514,ZFP,8,4,True
nomad-Z7Uu-1P6k4r9,slab,dev_slab,0.0009392783064514,SZ3,5,4,True
nomad-Z7Uu-1P6k4r9,slab,dev_slab,0.0009392783064514,SPERR,5,4,True
nomad-ZvTQv6REajO4,slab,dev_slab,6.672043451239063e-05,ZFP,8,4,True
nomad-ZvTQv6REajO4,slab,dev_slab,6.672043451239063e-05,SZ3,5,4,True
nomad-ZvTQv6REajO4,slab,dev_slab,6.672043451239063e-05,SPERR,4,4,True
